Date,Open,High,Low,Close,Volume
2010-01-04,56.42,56.94,56.41,56.73,18556962
2010-01-05,56.87,57.1,56.51,56.78,14352716
2010-01-06,56.68,57.09,56.67,57.02,11888100
2010-01-07,56.64,56.84,56.37,56.8,10906600
2010-01-08,56.9,57.31,56.74,57.25,12826466
2010-01-11,57.83,57.86,57.47,57.72,12388069
2010-01-12,57.11,57.38,56.6,57.04,19030429
2010-01-13,57.28,57.7,56.94,57.52,15446666
2010-01-14,57.5,58.0,57.5,57.96,13362560
2010-01-15,,,,57.05,0
2010-01-19,56.88,57.68,56.84,57.61,17507629
2010-01-20,56.37,56.4,55.62,56.14,24510047
2010-01-21,56.04,56.18,54.58,54.94,22979033
2010-01-22,54.7,55.05,53.79,53.87,27432442
2010-01-25,54.86,54.98,54.39,54.53,20242860
2010-01-26,54.05,54.68,53.91,54.22,22137432
2010-01-27,53.88,54.21,53.38,54.16,27155937
2010-01-28,54.19,54.2,52.85,53.25,26142571
2010-01-29,53.32,53.63,52.33,52.48,28921160
2010-02-01,53.2,53.52,52.48,53.44,23128455
2010-02-02,53.82,54.46,53.65,54.33,19720128
2010-02-03,53.98,54.2,53.48,53.76,20225831
2010-02-04,52.74,52.8,51.54,51.57,32203909
2010-02-05,51.29,51.48,49.94,51.48,43046099
2010-02-08,50.97,51.45,50.45,50.46,19237911
2010-02-09,51.59,52.52,51.09,52.05,30811720
2010-02-10,51.77,51.95,51.21,51.72,23502474
2010-02-11,51.54,52.3,51.15,52.2,19397272
2010-02-12,,,,51.75,0
2010-02-16,51.99,53.01,51.81,52.9,19593642
2010-02-17,53.14,53.27,52.75,52.97,19681953
2010-02-18,52.81,53.35,52.81,53.27,13751365
2010-02-19,52.53,53.07,52.38,52.94,16068907
2010-02-22,53.23,53.31,52.91,53.04,14422038
2010-02-23,52.8,53.04,52.12,52.29,18039098
2010-02-24,52.37,52.93,52.23,52.62,15789782
2010-02-25,51.58,52.31,51.47,52.3,18544339
2010-02-26,52.19,52.85,51.91,52.62,19714132
2010-03-01,52.74,53.13,52.6,53.03,14774302
2010-03-02,53.39,53.79,53.17,53.43,14135666
2010-03-03,53.91,54.41,53.83,54.07,15292378
2010-03-04,54.13,54.23,53.62,53.93,12646074
2010-03-05,54.31,55.06,54.21,54.98,18656268
2010-03-08,55.06,55.21,54.81,54.98,11336051
2010-03-09,54.47,55.11,54.45,54.85,15356407
2010-03-10,54.85,55.34,54.78,55.08,13641071
2010-03-11,55.05,55.35,54.81,55.29,13020842
2010-03-12,55.73,55.75,55.37,55.66,11743234
2010-03-15,55.2,55.34,54.85,55.27,10182263
2010-03-16,55.46,56.03,55.32,55.97,15718215
2010-03-17,56.18,56.51,56.11,56.27,17400418
2010-03-18,56.08,56.18,55.58,55.94,15899571
2010-03-19,55.86,55.91,55.11,55.37,17819668
2010-03-22,54.64,55.6,54.6,55.53,17473734
2010-03-23,55.56,56.01,55.35,55.92,15532973
2010-03-24,55.0,55.21,54.76,55.0,18234290
2010-03-25,55.45,55.66,54.9,54.97,18633346
2010-03-26,55.33,55.72,55.16,55.51,23466105
2010-03-29,55.78,56.04,55.68,55.98,13605622
2010-03-30,56.16,56.31,55.72,55.98,16767954
2010-03-31,55.77,56.18,55.64,55.98,22702563
2010-04-01,,,,56.97,0
2010-04-05,56.94,57.2,56.75,57.03,14433996
2010-04-06,56.44,56.94,56.38,56.87,15025769
2010-04-07,56.56,56.68,56.26,56.47,19575157
2010-04-08,55.86,56.46,55.74,56.41,13852963
2010-04-09,56.58,57.22,56.56,57.15,17131468
2010-04-12,57.34,57.5,57.21,57.33,11992146
2010-04-13,57.39,57.44,56.85,57.28,9093997
2010-04-14,57.69,58.08,57.52,58.04,20763849
2010-04-15,57.69,58.09,57.64,58.0,13534150
2010-04-16,57.48,57.71,56.43,56.72,30345597
2010-04-19,56.08,56.61,55.89,56.57,19656929
2010-04-20,57.0,57.08,56.78,56.92,14039780
2010-04-21,56.69,56.79,56.26,56.55,15597306
2010-04-22,55.68,56.14,55.32,56.04,22128121
2010-04-23,55.81,56.49,55.63,56.46,18250075
2010-04-26,56.62,56.75,56.4,56.52,19670419
2010-04-27,55.7,56.08,54.12,54.25,39699080
2010-04-28,54.69,54.79,53.68,54.26,32895227
2010-04-29,54.85,55.23,54.71,55.1,21405815
2010-04-30,55.12,55.18,54.27,54.41,24817082
2010-05-03,54.51,54.99,54.41,54.8,22046280
2010-05-04,53.39,53.42,52.41,52.63,42932405
2010-05-05,51.45,52.24,51.34,51.62,40791272
2010-05-06,51.28,51.6,47.26,49.32,64520886
2010-05-07,49.81,50.31,48.3,49.21,66179372
2010-05-10,52.45,52.85,51.95,52.4,63301689
2010-05-11,51.21,52.36,51.16,51.55,42343521
2010-05-12,51.99,52.44,51.9,52.13,27785524
2010-05-13,51.76,52.12,51.32,51.45,29677201
2010-05-14,50.82,50.92,49.55,49.99,40366302
2010-05-17,50.17,50.4,48.9,50.06,33131898
2010-05-18,50.54,50.63,48.73,48.98,39157628
2010-05-19,48.88,49.34,48.35,49.17,41441764
2010-05-20,47.71,48.26,46.97,47.46,50013681
2010-05-21,47.02,48.68,46.91,48.62,52184666
2010-05-24,47.94,48.32,47.46,47.51,26643558
2010-05-25,46.09,47.39,45.85,47.32,53441898
2010-05-26,47.37,47.78,46.51,46.62,42125546
2010-05-27,48.3,49.3,48.01,49.27,33506803
2010-05-28,,,,48.32,0
2010-06-01,47.89,49.02,47.8,47.84,34753509
2010-06-02,48.06,49.15,47.79,49.12,25336259
2010-06-03,49.37,49.46,48.52,48.97,27019519
2010-06-04,47.76,48.02,46.65,46.88,36685104
2010-06-07,47.07,47.3,46.28,46.29,24384031
2010-06-08,46.55,47.09,46.13,47.03,33911599
2010-06-09,47.34,47.83,46.63,46.86,30395436
2010-06-10,48.24,48.88,48.08,48.84,30505995
2010-06-11,48.29,48.93,48.2,48.91,22459003
2010-06-14,49.63,49.93,49.13,49.22,29477135
2010-06-15,50.0,50.81,49.82,50.78,28365003
2010-06-16,50.15,50.74,50.04,50.54,21785834
2010-06-17,50.78,50.8,50.2,50.7,23402812
2010-06-18,50.63,50.84,50.45,50.61,20182680
2010-06-21,51.39,51.49,50.4,50.6,26081169
2010-06-22,50.72,50.93,49.87,49.96,29123808
2010-06-23,49.46,49.78,48.83,49.43,31159005
2010-06-24,49.1,49.17,48.43,48.57,24218662
2010-06-25,48.54,48.99,48.17,48.85,31883821
2010-06-28,48.75,49.11,48.38,48.49,23915701
2010-06-29,47.6,47.6,46.67,46.83,39761330
2010-06-30,46.9,47.38,46.48,46.51,40111920
2010-07-01,47.1,47.26,46.45,47.19,43453983
2010-07-02,,,,47.09,0
2010-07-06,48.43,48.79,47.7,48.03,26225723
2010-07-07,48.32,49.59,48.27,49.52,31096790
2010-07-08,49.7,50.02,49.33,50.01,30704325
2010-07-09,49.56,50.08,49.48,50.06,19806982
2010-07-12,49.65,49.99,49.51,49.87,19513055
2010-07-13,50.51,50.91,50.41,50.79,21027116
2010-07-14,50.57,51.02,50.43,50.97,17036097
2010-07-15,51.08,51.31,50.42,51.22,21740965
2010-07-16,50.61,50.62,49.51,49.58,29092405
2010-07-19,49.99,50.16,49.48,49.9,15344090
2010-07-20,49.14,50.31,49.12,50.24,17648560
2010-07-21,50.22,50.25,49.17,49.33,18248428
2010-07-22,50.52,51.17,50.52,50.99,25412302
2010-07-23,50.91,51.6,50.74,51.59,26348731
2010-07-26,51.31,51.97,51.19,51.95,29416022
2010-07-27,52.25,52.3,51.71,52.1,31043750
2010-07-28,51.96,52.12,51.67,51.83,18472712
2010-07-29,52.58,52.81,51.61,52.07,20313697
2010-07-30,51.46,52.25,51.4,51.91,25265657
2010-08-02,53.09,53.75,52.96,53.66,20256983
2010-08-03,53.42,53.76,53.16,53.58,18382904
2010-08-04,53.51,53.77,53.22,53.63,15891304
2010-08-05,53.43,53.59,53.15,53.59,13158473
2010-08-06,53.27,53.8,53.09,53.75,18080882
2010-08-09,53.89,53.95,53.68,53.81,13579577
2010-08-10,52.88,53.63,52.58,53.38,20251723
2010-08-11,51.7,51.71,50.87,50.95,40518278
2010-08-12,50.51,51.05,50.5,50.89,22038933
2010-08-13,50.87,51.17,50.69,50.71,18869183
2010-08-16,50.72,51.31,50.58,51.12,16634790
2010-08-17,51.69,51.98,51.4,51.69,13630573
2010-08-18,51.83,52.02,51.46,51.67,14140575
2010-08-19,51.7,51.84,50.6,50.84,20836336
2010-08-20,50.3,50.42,50.0,50.31,16366860
2010-08-23,50.56,50.89,50.2,50.21,13331142
2010-08-24,49.53,49.86,49.16,49.52,21662529
2010-08-25,49.08,49.67,48.82,49.57,18816777
2010-08-26,49.85,50.14,49.4,49.55,16050690
2010-08-27,50.13,50.58,49.48,50.52,16814171
2010-08-30,50.19,50.4,49.78,49.79,17372230
2010-08-31,49.74,50.27,49.54,49.94,24164592
2010-09-01,51.16,51.9,51.06,51.72,25500572
2010-09-02,51.7,52.01,51.54,52.01,14665178
2010-09-03,,,,52.49,0
2010-09-07,52.1,52.14,51.73,51.76,17975280
2010-09-08,52.11,52.54,52.08,52.16,13422542
2010-09-09,53.0,53.0,52.4,52.65,14184620
2010-09-10,52.67,52.86,52.6,52.81,10187666
2010-09-13,53.54,53.81,53.46,53.77,23197308
2010-09-14,53.58,54.34,53.42,54.13,20933217
2010-09-15,53.78,54.21,53.54,54.15,19914812
2010-09-16,53.76,54.03,53.61,53.89,18004952
2010-09-17,53.88,53.98,53.33,53.63,18965288
2010-09-20,53.91,54.66,53.77,54.56,17245053
2010-09-21,54.57,54.98,54.05,54.55,24151368
2010-09-22,54.72,55.01,54.32,54.47,21603102
2010-09-23,53.86,54.41,53.76,53.88,20424272
2010-09-24,54.93,55.48,54.89,55.38,21041690
2010-09-27,55.36,55.41,55.05,55.1,13161945
2010-09-28,55.22,55.55,54.64,55.42,30726513
2010-09-29,55.43,55.62,55.15,55.33,18717446
2010-09-30,55.61,55.81,54.63,54.92,30372428
2010-10-01,55.48,55.59,55.02,55.47,15814900
2010-10-04,54.99,55.21,54.46,54.67,14760356
2010-10-05,55.65,56.38,55.54,56.22,25199773
2010-10-06,56.47,56.71,56.34,56.69,24251871
2010-10-07,57.11,57.12,56.2,56.5,22281556
2010-10-08,56.62,56.97,56.43,56.87,16558426
2010-10-11,56.97,57.03,56.6,56.8,9960623
2010-10-12,56.36,56.83,55.95,56.68,13384107
2010-10-13,57.21,57.62,57.08,57.32,15517322
2010-10-14,57.73,57.93,57.38,57.72,16135396
2010-10-15,57.89,57.92,57.12,57.53,20830869
2010-10-18,57.42,57.91,57.25,57.66,12316607
2010-10-19,56.65,57.01,56.11,56.39,20470945
2010-10-20,56.73,57.67,56.69,57.45,15578854
2010-10-21,57.5,57.87,56.81,57.14,14837598
2010-10-22,57.41,57.5,57.12,57.29,12455950
2010-10-25,57.89,58.1,57.48,57.51,13978974
2010-10-26,56.89,57.2,56.75,57.14,14724546
2010-10-27,56.63,56.77,56.07,56.59,15964422
2010-10-28,57.18,57.2,56.72,57.03,15896797
2010-10-29,56.94,57.14,56.77,57.01,13268010
2010-11-01,57.1,57.3,56.5,56.8,14154940
2010-11-02,57.68,57.85,57.53,57.74,13020577
2010-11-03,57.82,58.14,57.17,58.14,24589485
2010-11-04,59.19,59.5,59.12,59.46,19768864
2010-11-05,59.15,59.43,58.9,59.2,14176165
2010-11-08,58.74,58.96,58.49,58.84,11752495
2010-11-09,59.2,59.35,58.05,58.25,17333460
2010-11-10,58.45,58.57,57.65,58.42,19340682
2010-11-11,57.84,58.01,57.59,57.92,21357380
2010-11-12,57.75,58.06,57.13,57.44,19040504
2010-11-15,57.83,57.93,57.39,57.4,15067462
2010-11-16,56.9,57.0,55.8,56.05,40569658
2010-11-17,56.35,56.67,56.22,56.36,22314990
2010-11-18,57.55,57.83,57.5,57.77,19343305
2010-11-19,57.31,57.8,57.03,57.77,14201099
2010-11-22,57.1,57.4,56.49,57.15,28197563
2010-11-23,55.87,56.07,55.29,55.43,22439090
2010-11-24,,,,56.31,0
2010-11-26,55.37,55.68,55.27,55.37,8693459
2010-11-29,54.77,55.01,54.23,54.88,25857054
2010-11-30,53.88,54.54,53.85,54.26,26227952
2010-12-01,55.33,55.84,55.22,55.8,21834397
2010-12-02,55.69,56.9,55.64,56.86,22405721
2010-12-03,56.9,57.46,56.85,57.41,17799111
2010-12-06,56.9,57.26,56.81,57.15,15411957
2010-12-07,57.91,57.98,57.12,57.18,24788009
2010-12-08,57.24,57.56,56.9,57.35,13426558
2010-12-09,57.52,57.58,57.08,57.5,14969760
2010-12-10,57.46,57.69,57.22,57.63,13416937
2010-12-13,58.09,58.56,57.98,58.25,15149470
2010-12-14,58.36,58.71,58.22,58.34,16046595
2010-12-15,57.95,58.19,57.42,57.57,19337017
2010-12-16,57.6,57.98,57.41,57.89,15424753
2010-12-17,57.56,57.61,57.26,57.57,16829935
2010-12-20,57.85,57.86,57.45,57.7,12685538
2010-12-21,57.65,57.72,57.52,57.64,18172489
2010-12-22,57.65,57.76,57.55,57.75,9188725
2010-12-23,,,,57.72,0
2010-12-27,57.38,57.62,57.28,57.6,6348519
2010-12-28,57.91,57.92,57.52,57.65,9601136
2010-12-29,58.01,58.29,57.94,58.15,9244848
2010-12-30,58.03,58.08,57.65,57.87,10546218
2010-12-31,57.87,58.62,57.85,58.22,28390767
2011-01-03,58.61,58.87,58.56,58.7,16245367
2011-01-04,58.95,58.98,58.23,58.52,14583100
2011-01-05,57.66,58.27,57.65,58.27,13008800
2011-01-06,58.31,58.35,57.47,57.6,23622047
2011-01-07,57.69,57.83,57.07,57.37,16347332
2011-01-10,56.97,57.34,56.72,57.27,12666485
2011-01-11,57.62,57.76,57.36,57.66,15014049
2011-01-12,58.35,58.93,58.25,58.93,20472316
2011-01-13,59.34,59.51,59.0,59.09,16441074
2011-01-14,,,,59.45,0
2011-01-18,59.71,59.95,59.63,59.84,11977004
2011-01-19,60.03,60.07,59.26,59.43,19678805
2011-01-20,58.9,59.14,58.44,58.92,17207826
2011-01-21,59.42,59.54,59.08,59.24,13671431
2011-01-24,59.14,59.87,59.14,59.87,13493923
2011-01-25,59.39,59.76,59.2,59.75,13323256
2011-01-26,60.03,60.24,59.85,60.13,20444605
2011-01-27,60.19,60.41,59.94,60.27,11888945
2011-01-28,59.91,60.08,58.81,58.93,18244153
2011-01-31,59.41,59.69,59.27,59.44,20763573
2011-02-01,60.2,60.97,60.12,60.85,25762489
2011-02-02,60.73,60.96,60.63,60.78,4628848
2011-02-03,60.51,60.84,60.07,60.81,3133927
2011-02-04,60.62,60.8,60.24,60.79,3126637
2011-02-07,60.66,61.06,60.64,60.98,3033581
2011-02-08,61.08,61.39,60.84,61.38,3610114
2011-02-09,61.01,61.32,60.88,61.2,4043940
2011-02-10,60.36,60.82,60.18,60.8,3764629
2011-02-11,60.29,60.93,60.25,60.83,3171805
2011-02-14,60.67,61.03,60.64,60.95,2923781
2011-02-15,60.89,60.94,60.64,60.82,3377947
2011-02-16,60.94,61.56,60.94,61.5,4148666
2011-02-17,61.36,61.86,61.33,61.71,4118164
2011-02-18,,,,61.91,0
2011-02-22,60.63,61.08,60.09,60.13,6540331
2011-02-23,60.43,60.63,59.87,60.22,5584013
2011-02-24,60.37,60.52,59.81,60.27,5206721
2011-02-25,60.69,61.04,60.65,61.04,4000681
2011-02-28,61.62,61.8,61.26,61.55,5154193
2011-03-01,61.76,61.8,60.65,60.69,5135498
2011-03-02,60.81,61.3,60.74,60.99,4421262
2011-03-03,61.53,61.81,61.27,61.79,4453258
2011-03-04,61.58,61.68,60.82,61.23,4780403
2011-03-07,61.49,61.63,60.48,60.62,3437276
2011-03-08,60.57,61.03,60.21,60.85,3217508
2011-03-09,60.82,60.99,60.58,60.85,3128324
2011-03-10,59.74,59.75,59.25,59.35,6688817
2011-03-11,58.88,59.48,58.85,59.34,4540630
2011-03-14,57.88,58.33,57.64,58.28,8879464
2011-03-15,55.2,57.38,55.06,57.06,13174820
2011-03-16,56.63,56.86,54.69,55.31,11134570
2011-03-17,57.21,57.45,56.77,57.13,9001636
2011-03-18,57.97,58.1,57.65,57.9,12328217
2011-03-21,58.96,59.44,58.83,59.37,7073621
2011-03-22,59.34,59.35,58.89,59.18,4819928
2011-03-23,58.83,59.4,58.6,59.25,5199093
2011-03-24,59.51,60.04,59.35,60.04,3922309
2011-03-25,59.58,59.85,59.36,59.38,3574186
2011-03-28,59.53,59.74,59.31,59.35,3595658
2011-03-29,59.23,59.67,58.98,59.66,4715893
2011-03-30,60.08,60.44,59.97,60.37,3649764
2011-03-31,59.98,60.28,59.84,60.09,10813167
2011-04-01,60.21,60.72,59.92,60.65,5243133
2011-04-04,60.82,60.86,60.49,60.73,6999657
2011-04-05,60.24,60.76,60.16,60.57,4130732
2011-04-06,60.83,61.15,60.8,61.08,4292279
2011-04-07,60.94,61.13,60.43,60.78,4263425
2011-04-08,61.54,61.59,61.11,61.28,4465241
2011-04-11,61.44,61.61,61.03,61.16,2811674
2011-04-12,60.88,60.95,60.42,60.59,4371838
2011-04-13,61.25,61.29,60.61,60.74,5692168
2011-04-14,60.58,61.14,60.41,61.04,4536822
2011-04-15,60.85,61.05,60.61,60.95,3937852
2011-04-18,59.7,59.81,59.03,59.7,6060264
2011-04-19,60.03,60.23,59.83,60.14,3424697
2011-04-20,61.47,61.72,61.43,61.71,5419394
2011-04-21,,,,62.07,0
2011-04-25,62.14,62.18,61.84,62.07,4113961
2011-04-26,62.23,62.65,62.11,62.56,2926109
2011-04-27,62.74,63.38,62.38,63.32,4906808
2011-04-28,63.29,63.79,63.29,63.76,7032569
2011-04-29,63.79,64.06,63.46,63.46,2532226
2011-05-02,64.15,64.35,63.79,63.87,5403127
2011-05-03,63.45,63.82,63.06,63.35,4298199
2011-05-04,63.43,63.44,62.59,62.82,5329265
2011-05-05,62.12,62.28,61.32,61.55,8877622
2011-05-06,62.44,62.65,61.26,61.6,8580497
2011-05-09,61.65,62.09,61.36,62.04,5891325
2011-05-10,62.25,62.66,62.13,62.63,4919130
2011-05-11,62.37,62.37,61.13,61.37,10666079
2011-05-12,61.18,61.86,60.81,61.57,7734954
2011-05-13,61.43,61.49,60.28,60.61,7613623
2011-05-16,60.44,61.16,60.32,60.5,6785995
2011-05-17,60.18,60.65,59.9,60.64,6189403
2011-05-18,60.6,61.18,60.42,60.99,4101490
2011-05-19,61.2,61.41,60.81,61.36,3681647
2011-05-20,60.9,60.99,60.25,60.43,6286210
2011-05-23,59.09,59.32,58.83,59.08,6927567
2011-05-24,59.55,59.77,59.24,59.42,5942642
2011-05-25,59.25,59.96,59.2,59.8,5826559
2011-05-26,60.07,60.5,59.71,60.36,6010502
2011-05-27,,,,60.8,0
2011-05-31,61.8,62.06,61.45,62.06,10961306
2011-06-01,61.73,61.78,60.52,60.59,9596251
2011-06-02,60.91,61.02,60.25,60.91,6328141
2011-06-03,60.34,61.27,60.27,60.93,5722644
2011-06-06,60.76,60.83,60.1,60.14,4444208
2011-06-07,60.91,61.13,60.67,60.68,7261674
2011-06-08,60.29,60.43,59.83,59.93,6031825
2011-06-09,60.11,60.68,59.97,60.55,4723465
2011-06-10,60.0,60.02,58.96,59.11,7683925
2011-06-13,59.31,59.58,58.9,59.22,9243617
2011-06-14,60.07,60.44,60.02,60.26,5460434
2011-06-15,59.05,59.31,58.16,58.27,7771002
2011-06-16,57.92,58.41,57.59,58.07,6084980
2011-06-17,58.86,58.96,58.51,58.68,7237586
2011-06-20,58.24,58.74,58.24,58.6,4204484
2011-06-21,59.18,59.88,59.1,59.85,4987133
2011-06-22,58.42,58.77,58.12,58.14,5603118
2011-06-23,57.02,57.68,56.71,57.65,5884076
2011-06-24,57.68,57.7,57.01,57.1,3950959
2011-06-27,57.1,57.72,56.95,57.6,4679123
2011-06-28,57.83,58.31,57.75,58.26,4961757
2011-06-29,58.9,59.32,58.56,59.28,7931692
2011-06-30,59.57,60.33,59.48,60.14,8472149
2011-07-01,,,,60.8,0
2011-07-05,60.56,60.72,60.28,60.44,5937825
2011-07-06,59.94,60.15,59.64,60.06,4398546
2011-07-07,60.41,60.71,60.32,60.59,4927436
2011-07-08,59.92,60.14,59.5,59.82,5511303
2011-07-11,58.44,58.65,57.91,58.03,7344739
2011-07-12,57.67,58.29,57.57,57.66,4413132
2011-07-13,58.24,59.08,58.15,58.48,8092756
2011-07-14,58.82,58.92,57.85,57.99,7168710
2011-07-15,58.24,58.49,57.9,58.18,6053714
2011-07-18,57.4,57.61,56.85,57.32,6906180
2011-07-19,57.83,58.32,57.82,58.2,6019283
2011-07-20,58.69,58.95,58.39,58.87,3974203
2011-07-21,59.53,60.21,59.38,60.13,7780052
2011-07-22,60.14,60.25,59.74,60.22,2888494
2011-07-25,59.77,60.07,59.67,59.79,4288404
2011-07-26,60.14,60.36,59.86,60.16,3862168
2011-07-27,59.71,59.79,58.6,58.69,9317362
2011-07-28,58.64,59.15,58.51,58.56,5304537
2011-07-29,58.45,59.24,58.23,58.65,9986199
2011-08-01,59.39,59.39,57.5,57.97,6855494
2011-08-02,57.3,57.81,56.44,56.44,6668269
2011-08-03,56.8,56.88,55.79,56.79,9346438
2011-08-04,54.9,55.01,52.75,52.79,11061672
2011-08-05,54.0,54.2,51.79,53.75,19146408
2011-08-08,51.67,52.41,49.64,49.73,14752189
2011-08-09,51.66,53.08,50.2,53.08,15106455
2011-08-10,51.65,51.68,49.85,49.89,12077473
2011-08-11,50.17,52.67,50.09,52.3,10708623
2011-08-12,52.89,53.31,52.2,52.91,7408478
2011-08-15,53.56,54.14,53.55,54.13,6448989
2011-08-16,53.1,53.96,52.79,53.34,5715928
2011-08-17,53.86,54.3,53.33,53.65,6922835
2011-08-18,51.7,51.81,50.59,51.03,9868845
2011-08-19,50.43,51.68,50.1,50.17,8714148
2011-08-22,51.68,51.76,50.45,50.47,9111173
2011-08-23,51.09,52.18,50.76,52.16,7944024
2011-08-24,51.71,52.45,51.42,52.15,6001302
2011-08-25,52.01,52.23,50.74,50.87,5114897
2011-08-26,50.75,51.85,50.17,51.69,8446748
2011-08-29,52.46,52.94,52.43,52.93,4918184
2011-08-30,52.34,52.84,51.94,52.63,5087294
2011-08-31,53.43,53.9,53.22,53.59,9497380
2011-09-01,53.27,53.8,52.91,52.91,6126674
2011-09-02,51.95,52.27,51.62,51.7,7759986
2011-09-06,49.3,50.06,49.16,50.02,8505178
2011-09-07,50.74,51.53,50.58,51.52,5713212
2011-09-08,50.8,51.39,50.37,50.49,4334341
2011-09-09,49.53,49.72,48.55,48.76,5307724
2011-09-12,47.76,48.56,47.41,48.56,8006786
2011-09-13,48.54,49.23,48.37,49.09,7541597
2011-09-14,49.26,50.18,48.41,49.8,7849434
2011-09-15,50.6,50.92,50.21,50.89,7093790
2011-09-16,50.98,51.13,50.36,50.85,6938713
2011-09-19,49.18,49.82,48.9,49.48,6541383
2011-09-20,49.67,50.24,49.31,49.7,5203271
2011-09-21,49.66,49.84,48.2,48.25,7984160
2011-09-22,46.7,47.0,46.09,46.66,11385250
2011-09-23,46.3,47.28,46.23,47.19,10361567
2011-09-26,47.44,48.2,46.8,48.16,6172466
2011-09-27,49.54,50.16,49.06,49.35,7881577
2011-09-28,49.62,49.9,48.46,48.54,8615426
2011-09-29,49.82,49.99,48.75,49.46,6467874
2011-09-30,48.28,48.65,47.75,47.75,8317187
2011-10-03,47.31,47.97,46.5,46.52,9121468
2011-10-04,46.02,47.31,45.46,47.3,8439463
2011-10-05,47.25,48.07,46.88,48.03,9497357
2011-10-06,48.0,49.35,47.86,49.32,7690578
2011-10-07,49.54,49.83,48.87,48.98,8200346
2011-10-10,50.17,50.89,50.17,50.83,5192419
2011-10-11,50.2,50.81,50.1,50.76,5075835
2011-10-12,51.44,52.0,51.37,51.5,9643388
2011-10-13,51.15,51.57,50.74,51.52,4219423
2011-10-14,52.05,52.21,51.64,52.12,4587113
2011-10-17,51.71,51.73,50.79,50.92,4156697
2011-10-18,50.81,52.01,50.23,51.65,7483659
2011-10-19,51.36,51.53,50.64,50.68,4329576
2011-10-20,50.83,50.94,50.06,50.85,6592636
2011-10-21,51.67,52.11,51.58,52.1,6406963
2011-10-24,52.08,52.95,52.05,52.86,4714085
2011-10-25,52.49,52.58,51.76,51.95,8422583
2011-10-26,52.88,52.94,51.63,52.68,6264126
2011-10-27,55.05,55.86,54.59,55.43,7433457
2011-10-28,54.88,55.26,54.73,55.2,8499512
2011-10-31,53.65,53.67,52.37,52.37,9590771
2011-11-01,50.27,51.31,50.15,50.69,9326928
2011-11-02,51.18,51.56,50.86,51.17,6338884
2011-11-03,52.01,52.64,51.23,52.46,6832793
2011-11-04,51.88,52.03,51.22,51.8,6822498
2011-11-07,51.73,52.11,51.36,52.02,7341409
2011-11-08,52.32,52.8,51.82,52.62,6891628
2011-11-09,50.68,50.83,49.84,49.95,9085950
2011-11-10,50.92,50.99,50.05,50.54,7221867
2011-11-11,51.34,51.96,51.31,51.8,4891209
2011-11-14,51.21,51.33,50.64,50.88,5639013
2011-11-15,50.72,51.06,50.35,50.74,7046483
2011-11-16,50.18,50.67,49.75,49.77,7534020
2011-11-17,50.0,50.22,49.03,49.23,7717568
2011-11-18,49.8,49.84,49.31,49.4,4558815
2011-11-21,48.4,48.45,47.8,48.15,6658949
2011-11-22,48.04,48.31,47.73,48.01,8256716
2011-11-23,,,,46.68,0
2011-11-25,46.59,47.11,46.45,46.45,2734168
2011-11-28,48.47,48.61,48.12,48.44,5278301
2011-11-29,48.65,49.0,48.47,48.75,6377671
2011-11-30,50.66,51.3,50.58,51.29,11834765
2011-12-01,51.0,51.35,50.63,50.8,5113249
2011-12-02,51.45,51.48,50.77,50.83,3851439
2011-12-05,51.72,51.81,51.06,51.37,4731628
2011-12-06,51.07,51.46,50.95,51.13,4565592
2011-12-07,50.78,51.7,50.57,51.49,6736051
2011-12-08,50.79,50.86,49.74,49.81,6896490
2011-12-09,50.25,51.06,50.24,51.04,4805916
2011-12-12,49.96,49.96,49.27,49.53,6406725
2011-12-13,49.78,50.14,48.65,48.88,5912348
2011-12-14,48.62,48.78,48.14,48.27,6672040
2011-12-15,48.89,48.94,48.38,48.56,5699360
2011-12-16,48.71,48.85,48.13,48.35,9672026
2011-12-19,48.6,48.66,47.83,47.9,4135679
2011-12-20,48.42,49.04,48.4,49.01,9066095
2011-12-21,48.67,48.78,48.3,48.73,7641394
2011-12-22,48.74,49.19,48.69,49.18,5074505
2011-12-23,,,,49.5,0
2011-12-27,49.34,49.4,49.2,49.31,5289628
2011-12-28,49.15,49.17,48.39,48.43,4336567
2011-12-29,48.54,49.34,48.5,49.31,6565670
2011-12-30,,,,49.53,0
2012-01-03,50.51,51.02,50.51,50.89,7952421
2012-01-04,50.57,50.67,50.2,50.58,3613427
2012-01-05,49.76,49.9,49.47,49.84,3897150
2012-01-06,49.68,49.68,49.07,49.15,4533603
2012-01-09,49.44,49.45,48.99,49.36,2674420
2012-01-10,50.17,50.22,49.97,50.09,3480409
2012-01-11,49.7,49.97,49.5,49.95,3501362
2012-01-12,50.14,50.25,49.77,50.14,3343470
2012-01-13,,,,49.61,0
2012-01-17,50.22,50.5,50.14,50.16,5040815
2012-01-18,50.48,51.07,50.43,51.03,3527190
2012-01-19,51.4,51.68,51.18,51.66,3985819
2012-01-20,51.59,51.93,51.55,51.93,5679195
2012-01-23,52.0,52.34,51.95,52.13,4277595
2012-01-24,51.55,51.93,51.41,51.84,5238886
2012-01-25,51.64,52.5,51.39,52.38,4984061
2012-01-26,52.89,52.95,52.29,52.4,4808512
2012-01-27,52.24,52.62,52.24,52.49,4650442
2012-01-30,51.66,51.97,51.57,51.87,4996237
2012-01-31,52.38,52.42,51.82,52.14,7798466
2012-02-01,52.82,53.24,52.79,52.97,7165880
2012-02-03,53.39,53.93,53.35,53.91,4124528
2012-02-06,53.38,53.7,53.33,53.64,3580025
2012-02-07,53.67,54.0,53.42,53.97,5497703
2012-02-08,54.1,54.28,53.83,54.16,2993894
2012-02-09,54.37,54.43,54.02,54.3,2912429
2012-02-10,53.31,53.43,53.11,53.28,5967401
2012-02-13,53.93,54.0,53.68,53.9,3331803
2012-02-14,53.62,53.72,53.12,53.48,3433042
2012-02-15,53.92,53.94,53.46,53.54,7894901
2012-02-16,53.4,54.31,53.35,54.28,3949211
2012-02-17,54.57,54.6,54.23,54.52,3827344
2012-02-21,54.71,54.91,54.45,54.53,4339209
2012-02-22,54.46,54.58,54.26,54.34,3768577
2012-02-23,54.43,54.85,54.2,54.82,2591729
2012-02-24,55.04,55.31,55.04,55.15,4808795
2012-02-27,54.41,55.01,54.3,54.87,6124911
2012-02-28,55.02,55.4,54.88,55.38,3614686
2012-02-29,55.48,55.64,54.64,54.7,7194509
2012-03-01,54.94,55.35,54.92,55.28,6327570
2012-03-02,54.87,54.93,54.6,54.76,3786771
2012-03-05,54.65,54.67,54.32,54.48,3353788
2012-03-06,53.22,53.25,52.59,52.74,5355530
2012-03-07,53.12,53.44,52.97,53.39,4314858
2012-03-08,54.24,54.76,54.09,54.53,6121387
2012-03-09,54.3,54.53,54.16,54.37,9401683
2012-03-12,54.19,54.29,53.89,54.21,3264257
2012-03-13,54.44,55.11,54.36,55.08,6101108
2012-03-14,54.99,55.07,54.46,54.63,3663407
2012-03-15,54.83,55.19,54.65,55.13,4439526
2012-03-16,55.52,55.71,55.46,55.49,3839075
2012-03-19,55.34,55.91,55.31,55.8,3949117
2012-03-20,54.99,55.21,54.8,55.15,3202316
2012-03-21,54.93,54.96,54.55,54.76,3319368
2012-03-22,54.19,54.5,54.13,54.37,4369415
2012-03-23,54.32,54.79,54.07,54.78,3846628
2012-03-26,55.19,55.51,55.18,55.47,6349145
2012-03-27,55.55,55.56,55.11,55.14,3762962
2012-03-28,55.15,55.19,54.47,54.75,3942923
2012-03-29,54.21,54.46,53.97,54.42,6158365
2012-03-30,54.84,54.93,54.51,54.9,7326622
2012-04-02,54.66,55.68,54.53,55.51,8105157
2012-04-03,55.21,55.24,54.26,54.57,4868209
2012-04-04,53.5,53.59,53.06,53.35,5237935
2012-04-05,52.9,53.33,52.87,53.02,3162002
2012-04-09,52.44,52.95,52.44,52.78,3083773
2012-04-10,52.65,52.76,51.66,51.67,7582778
2012-04-11,52.65,52.74,52.32,52.38,7043346
2012-04-12,52.63,53.4,52.6,53.33,5927566
2012-04-13,52.87,52.87,52.25,52.34,6804085
2012-04-16,52.71,52.91,52.3,52.68,5809781
2012-04-17,53.18,53.67,53.0,53.54,3199419
2012-04-18,53.14,53.51,53.08,53.28,5386297
2012-04-19,53.23,53.53,52.68,52.94,4471202
2012-04-20,53.32,53.63,53.29,53.43,3388442
2012-04-23,52.42,52.5,52.05,52.38,6366525
2012-04-24,52.58,53.05,52.58,52.8,3242187
2012-04-25,53.41,53.58,53.19,53.52,5308062
2012-04-26,53.32,53.93,53.24,53.84,3412828
2012-04-27,54.0,54.16,53.73,54.06,4021300
2012-04-30,53.82,53.85,53.53,53.75,4528892
2012-05-01,53.58,54.21,53.58,53.97,3951928
2012-05-02,53.32,53.63,53.1,53.57,3462106
2012-05-03,53.44,53.52,52.99,53.08,3838247
2012-05-04,52.8,52.88,52.22,52.27,4775136
2012-05-07,52.27,52.69,52.24,52.65,5504020
2012-05-08,52.03,52.08,51.29,51.86,4363164
2012-05-09,50.83,51.51,50.62,51.25,6314834
2012-05-10,51.75,51.81,51.4,51.48,3173412
2012-05-11,50.91,51.6,50.88,51.17,5147459
2012-05-14,50.36,50.57,50.18,50.18,5310575
2012-05-15,49.93,50.15,49.5,49.55,4527641
2012-05-16,49.56,49.82,49.02,49.02,5017365
2012-05-17,48.98,49.06,48.45,48.46,6021764
2012-05-18,48.69,48.69,48.02,48.13,5655891
2012-05-21,48.46,49.2,48.38,49.17,4495348
2012-05-22,49.25,49.57,48.78,48.99,3718372
2012-05-23,48.42,48.59,47.76,48.59,8945413
2012-05-24,48.48,48.65,47.99,48.27,5583535
2012-05-25,48.04,48.35,48.02,48.1,3111518
2012-05-29,48.68,48.93,48.32,48.71,5531957
2012-05-30,47.98,47.98,47.51,47.56,4854468
2012-05-31,47.75,47.91,47.23,47.76,10148040
2012-06-01,46.92,47.14,46.54,46.55,9056758
2012-06-04,46.97,47.14,46.6,46.95,4280578
2012-06-05,46.92,47.32,46.89,47.23,4752639
2012-06-06,47.61,48.62,47.61,48.58,4918572
2012-06-07,49.27,49.29,48.56,48.67,4501242
2012-06-08,47.95,48.56,47.81,48.51,3208326
2012-06-11,49.02,49.04,48.0,48.01,4987420
2012-06-12,48.51,48.86,48.09,48.85,3487586
2012-06-13,48.49,48.91,48.33,48.44,3580851
2012-06-14,48.44,48.99,48.31,48.82,2735369
2012-06-15,49.1,49.56,48.99,49.48,5500680
2012-06-18,49.22,49.5,49.12,49.36,5421422
2012-06-19,49.87,50.5,49.82,50.18,6067456
2012-06-20,50.44,50.83,50.05,50.47,6162420
2012-06-21,49.24,49.33,48.0,48.04,6063870
2012-06-22,48.51,48.57,48.14,48.49,4078355
2012-06-25,47.65,47.65,47.25,47.36,6195010
2012-06-26,47.62,47.8,47.26,47.68,8427231
2012-06-27,47.81,48.2,47.73,48.11,4768889
2012-06-28,47.79,48.26,47.57,48.22,4716913
2012-06-29,49.75,49.99,49.63,49.96,7855232
2012-07-02,50.13,50.34,49.87,50.28,11814564
2012-07-03,50.35,50.79,50.28,50.75,2714792
2012-07-05,49.98,50.07,49.67,49.91,3920049
2012-07-06,49.47,49.56,49.14,49.44,3829961
2012-07-09,49.19,49.34,48.97,49.33,3329037
2012-07-10,49.53,49.63,48.88,49.03,6387115
2012-07-11,49.24,49.36,48.86,49.15,5281283
2012-07-12,48.55,48.81,48.24,48.7,4979326
2012-07-13,48.7,49.44,48.68,49.34,3487438
2012-07-16,49.2,49.48,48.96,49.34,3678428
2012-07-17,49.49,49.6,48.87,49.48,3776896
2012-07-18,49.34,49.92,49.3,49.87,3320175
2012-07-19,50.12,50.42,50.01,50.34,3627438
2012-07-20,49.41,49.44,49.13,49.17,5082770
2012-07-23,47.85,48.24,47.66,48.14,4680360
2012-07-24,48.08,48.11,47.3,47.62,4785739
2012-07-25,48.04,48.1,47.63,47.88,2402109
2012-07-26,49.19,49.41,49.07,49.32,5221042
2012-07-27,49.8,50.58,49.69,50.39,7238575
2012-07-30,50.08,50.47,50.08,50.31,7061760
2012-07-31,50.24,50.4,49.98,50.0,11302675
2012-08-01,50.33,50.45,49.99,50.01,4034955
2012-08-02,49.45,49.9,48.94,49.31,8298115
2012-08-03,50.36,51.13,50.35,50.99,6901295
2012-08-06,51.19,51.52,51.13,51.35,3991217
2012-08-07,51.77,52.05,51.73,51.82,4031558
2012-08-08,51.47,51.85,51.47,51.75,3253053
2012-08-09,51.61,51.95,51.57,51.78,2551052
2012-08-10,51.37,51.87,51.26,51.87,4174788
2012-08-13,51.73,51.87,51.46,51.62,3714931
2012-08-14,51.79,51.85,51.62,51.74,3149428
2012-08-15,51.55,51.72,51.52,51.59,6699743
2012-08-16,51.84,52.31,51.71,52.22,3269984
2012-08-17,52.35,52.36,52.09,52.3,4361094
2012-08-20,52.16,52.29,51.94,52.24,2575881
2012-08-21,52.67,52.91,52.39,52.54,6202969
2012-08-22,52.07,52.59,52.05,52.48,3092465
2012-08-23,52.26,52.43,52.08,52.18,4648298
2012-08-24,51.81,52.37,51.72,52.1,3794721
2012-08-27,52.24,52.39,52.06,52.13,5477162
2012-08-28,51.91,52.16,51.84,52.08,3784411
2012-08-29,52.0,52.11,51.85,51.92,2668828
2012-08-30,51.62,51.66,51.15,51.15,6079083
2012-08-31,51.79,51.93,51.33,51.6,9268530
2012-09-04,51.51,51.53,51.14,51.34,7193484
2012-09-05,51.36,51.42,51.12,51.2,3886992
2012-09-06,51.64,52.61,51.61,52.46,5994315
2012-09-07,53.04,53.27,53.01,53.26,3918754
2012-09-10,53.05,53.19,52.76,52.84,3217747
2012-09-11,53.07,53.58,53.06,53.44,5128204
2012-09-12,53.9,53.91,53.6,53.79,3490516
2012-09-13,53.73,54.85,53.57,54.62,5752816
2012-09-14,55.19,55.57,55.07,55.15,8016684
2012-09-17,55.09,55.2,54.72,54.86,3505982
2012-09-18,54.56,54.75,54.46,54.63,4018058
2012-09-19,54.72,54.97,54.56,54.86,5184224
2012-09-20,54.17,54.54,54.02,54.5,6281117
2012-09-21,54.86,54.9,54.52,54.52,6508992
2012-09-24,54.12,54.48,54.06,54.35,3552758
2012-09-25,54.49,54.74,53.97,54.0,5429599
2012-09-26,53.55,53.61,53.23,53.45,6145125
2012-09-27,53.79,54.25,53.62,54.07,7254208
2012-09-28,53.5,53.54,52.92,53.0,15068725
2012-10-01,53.55,53.98,53.36,53.44,4595719
2012-10-02,53.93,53.99,53.47,53.64,3240841
2012-10-03,53.6,53.63,53.3,53.42,4272707
2012-10-04,53.78,54.13,53.7,54.06,4642752
2012-10-05,54.48,54.66,54.04,54.14,2449670
2012-10-08,53.8,53.9,53.72,53.82,1570061
2012-10-09,53.47,53.57,53.04,53.04,3177899
2012-10-10,53.05,53.14,52.73,52.89,4704014
2012-10-11,53.42,53.59,53.2,53.23,4441653
2012-10-12,53.37,53.57,53.09,53.17,1986640
2012-10-15,53.53,53.75,53.27,53.69,6894870
2012-10-16,54.25,54.61,54.22,54.59,5704621
2012-10-17,54.85,55.14,54.72,55.09,3214861
2012-10-18,54.91,55.23,54.73,54.86,2696359
2012-10-19,54.73,54.74,54.07,54.11,3628586
2012-10-22,54.5,54.59,54.16,54.52,4971989
2012-10-23,53.42,53.46,53.05,53.35,3610648
2012-10-24,53.65,53.76,53.37,53.38,2005797
2012-10-25,54.0,54.08,53.53,53.7,2735631
2012-10-26,53.55,53.72,53.38,53.61,3001096
2012-10-31,53.92,53.98,53.44,53.57,6020974
2012-11-01,53.88,54.22,53.79,54.21,5317608
2012-11-02,54.17,54.17,53.62,53.66,3117941
2012-11-05,53.56,53.66,53.4,53.56,2331020
2012-11-06,53.77,54.15,53.75,54.07,3071328
2012-11-07,53.5,53.52,52.97,53.26,4836988
2012-11-08,53.06,53.3,52.76,52.8,4068250
2012-11-09,52.51,53.03,52.5,52.8,4561935
2012-11-12,52.83,52.91,52.63,52.78,2393736
2012-11-13,52.25,52.9,52.22,52.49,3435422
2012-11-14,52.68,52.74,51.86,51.96,4669799
2012-11-15,52.18,52.36,51.92,52.1,3324672
2012-11-16,52.13,52.2,51.63,52.09,4405782
2012-11-19,52.8,53.22,52.78,53.19,3611142
2012-11-20,53.0,53.31,52.9,53.3,2671703
2012-11-21,53.35,53.45,53.27,53.39,10368156
2012-11-23,54.2,54.54,54.17,54.54,8397646
2012-11-26,54.24,54.42,54.11,54.41,13682074
2012-11-27,54.29,54.44,54.12,54.14,13987151
2012-11-28,53.83,54.59,53.72,54.53,23550708
2012-11-29,54.96,55.13,54.71,55.0,19765453
2012-11-30,55.03,55.25,54.97,55.07,23565747
2012-12-03,55.34,55.37,55.06,55.14,22076520
2012-12-04,55.32,55.4,55.19,55.28,18736810
2012-12-05,55.3,55.6,55.11,55.36,22117936
2012-12-06,55.45,55.51,55.18,55.47,12963212
2012-12-07,55.35,55.51,53.4,55.5,11949044
2012-12-10,55.33,55.58,55.32,55.55,17617397
2012-12-11,55.72,55.95,55.72,55.87,15684376
2012-12-12,56.04,56.37,55.96,56.05,18266421
2012-12-13,55.95,56.1,55.75,55.88,13693577
2012-12-14,55.94,56.26,55.9,56.08,18514549
2012-12-17,56.04,56.37,56.0,56.32,22550626
2012-12-18,55.95,56.35,55.87,56.28,24270822
2012-12-19,56.72,56.76,56.46,56.48,19356324
2012-12-20,56.68,56.88,56.54,56.86,18545517
2012-12-21,56.08,56.52,56.06,56.51,22418295
2012-12-24,56.44,56.48,56.25,56.36,7699030
2012-12-26,56.52,56.57,56.12,56.35,11717950
2012-12-27,56.66,56.68,56.16,56.61,14207457
2012-12-28,56.14,56.3,55.97,56.01,18734452
2012-12-31,56.24,56.87,56.07,56.86,22820753
2013-01-02,57.67,57.78,57.39,57.74,26056258
2013-01-03,57.33,57.54,57.09,57.18,23239894
2013-01-04,57.07,57.54,57.01,57.47,15522279
2013-01-07,57.02,57.28,56.94,57.22,14102524
2013-01-08,57.02,57.08,56.69,56.9,15592246
2013-01-09,57.09,57.27,57.03,57.19,12779355
2013-01-10,57.8,58.01,57.59,57.92,17718534
2013-01-11,58.01,58.11,57.84,58.04,12624677
2013-01-14,58.05,58.15,57.87,58.11,9980349
2013-01-15,57.75,58.05,57.69,58.02,12534136
2013-01-16,57.62,57.81,57.52,57.74,12906917
2013-01-17,58.14,58.32,58.0,58.21,14936150
2013-01-18,58.14,58.22,57.89,58.15,18843961
2013-01-22,58.03,58.18,57.83,58.18,12090100
2013-01-23,58.04,58.16,57.88,58.12,10139826
2013-01-24,58.22,58.54,58.19,58.4,13640055
2013-01-25,58.95,59.03,58.7,59.03,16643495
2013-01-28,58.81,58.85,58.54,58.74,14802859
2013-01-29,58.87,59.2,58.85,59.14,13403222
2013-01-30,59.17,59.42,59.13,59.2,18943307
2013-01-31,59.11,59.28,58.94,58.98,22252146
2013-02-01,59.36,59.59,59.21,59.45,19989117
2013-02-04,58.79,58.89,58.26,58.38,18125159
2013-02-05,58.54,58.81,58.49,58.65,15418803
2013-02-06,58.28,58.67,58.24,58.64,26335937
2013-02-07,58.59,58.64,57.86,58.16,21947640
2013-02-08,58.36,58.59,58.36,58.53,18326113
2013-02-11,58.53,58.54,58.25,58.47,12677178
2013-02-12,58.5,58.88,58.45,58.76,11534151
2013-02-13,59.04,59.17,58.84,58.9,8955106
2013-02-14,58.38,58.62,58.36,58.58,10409855
2013-02-15,58.66,58.7,58.26,58.43,12094991
2013-02-19,58.93,59.16,58.92,59.12,20173796
2013-02-20,59.25,59.29,58.53,58.54,17523429
2013-02-21,57.84,57.87,57.4,57.66,34195169
2013-02-22,58.12,58.51,57.94,58.49,23363924
2013-02-25,58.83,58.93,57.02,57.09,40205067
2013-02-26,57.68,57.84,57.19,57.55,25416493
2013-02-27,57.47,58.35,57.4,58.28,16819506
2013-02-28,58.26,58.56,58.15,58.22,17815094
2013-03-01,57.8,58.2,57.58,58.1,18241735
2013-03-04,57.95,58.36,57.85,58.35,14580222
2013-03-05,58.82,59.04,58.8,58.93,16167984
2013-03-06,59.18,59.22,58.82,59.08,17189545
2013-03-07,59.22,59.34,59.18,59.25,11797879
2013-03-08,59.29,59.42,59.04,59.38,23305810
2013-03-11,59.29,59.56,59.22,59.56,10873958
2013-03-12,59.53,59.6,59.15,59.26,16015589
2013-03-13,59.13,59.33,58.87,59.16,20517843
2013-03-14,59.43,59.81,59.4,59.75,12158281
2013-03-15,59.92,60.0,59.71,59.87,18191063
2013-03-18,59.12,59.65,59.09,59.21,25132717
2013-03-19,59.36,59.44,58.63,59.03,25745110
2013-03-20,59.44,59.54,59.29,59.39,16134792
2013-03-21,58.9,59.23,58.82,58.85,18106801
2013-03-22,59.18,59.45,59.08,59.36,18090355
2013-03-25,59.39,59.47,58.47,58.62,31933000
2013-03-26,58.83,59.0,58.66,58.98,15040669
2013-03-27,58.31,58.72,58.2,58.7,14990223
2013-03-28,58.82,59.04,58.74,58.98,28690034
2013-04-01,58.57,58.62,58.09,58.17,24852829
2013-04-02,58.84,59.1,58.73,58.81,19636555
2013-04-03,59.06,59.14,58.47,58.52,16960914
2013-04-04,58.72,59.1,58.59,59.04,14924898
2013-04-05,58.22,58.78,58.16,58.77,18160319
2013-04-08,58.72,59.0,58.64,59.0,17117613
2013-04-09,58.98,59.41,58.75,59.21,17406286
2013-04-10,59.75,60.22,59.74,60.08,18195415
2013-04-11,60.47,60.84,60.38,60.56,19865237
2013-04-12,60.28,60.43,60.02,60.41,16777399
2013-04-15,59.87,59.9,59.18,59.22,22699863
2013-04-16,59.9,60.06,59.6,60.06,14675667
2013-04-17,59.34,59.37,58.52,58.81,30730778
2013-04-18,58.92,58.95,58.44,58.63,19211386
2013-04-19,59.01,59.12,58.84,59.1,24725803
2013-04-22,59.1,59.44,58.79,59.35,16899876
2013-04-23,59.84,60.23,59.82,60.19,21257626
2013-04-24,60.52,60.88,60.45,60.71,18269322
2013-04-25,61.01,61.3,60.96,61.03,20079127
2013-04-26,60.96,61.14,60.89,61.08,13910191
2013-04-29,61.36,61.93,61.35,61.86,14720993
2013-04-30,61.84,62.0,61.71,61.94,22261273
2013-05-01,62.0,62.02,61.44,61.57,19104601
2013-05-02,61.42,61.89,61.36,61.76,18247194
2013-05-03,62.31,62.63,62.28,62.55,19161190
2013-05-06,62.28,62.47,62.22,62.47,7583641
2013-05-07,62.56,62.66,62.36,62.57,15724428
2013-05-08,62.9,63.26,62.9,63.23,17768326
2013-05-09,62.9,62.96,62.37,62.62,16372380
2013-05-10,62.55,62.72,62.34,62.69,15403305
2013-05-13,62.62,62.7,62.46,62.66,11911347
2013-05-14,62.56,62.88,62.55,62.78,26158793
2013-05-15,62.69,63.07,62.68,63.05,15961570
2013-05-16,62.73,62.95,62.49,62.62,16669049
2013-05-17,62.65,63.07,62.59,63.05,12925640
2013-05-20,63.08,63.44,63.07,63.4,16117158
2013-05-21,63.15,63.66,63.03,63.53,15283633
2013-05-22,63.54,64.14,62.7,62.89,21713495
2013-05-23,61.33,62.0,60.99,61.99,27055172
2013-05-24,61.17,61.47,60.99,61.45,19956741
2013-05-28,61.97,62.16,61.47,61.61,20275743
2013-05-29,61.08,61.16,60.73,61.02,18099346
2013-05-30,61.03,61.45,60.99,61.26,27382841
2013-05-31,60.51,60.65,60.03,60.07,36549349
2013-06-03,60.08,60.51,59.76,60.3,30341640
2013-06-04,60.79,60.89,60.2,60.52,17024397
2013-06-05,59.83,59.85,59.15,59.17,28821589
2013-06-06,59.16,59.53,58.87,59.5,24386890
2013-06-07,59.54,60.31,59.4,60.3,19245191
2013-06-10,60.47,60.49,60.13,60.36,14559743
2013-06-11,59.48,59.95,59.35,59.62,16612400
2013-06-12,60.3,60.36,59.47,59.55,14378075
2013-06-13,59.69,60.57,59.59,60.46,20158357
2013-06-14,60.0,60.33,59.61,59.8,16978578
2013-06-17,60.87,61.05,60.3,60.66,17560398
2013-06-18,60.87,61.2,60.85,61.09,13168498
2013-06-19,61.04,61.18,59.94,59.95,33232702
2013-06-20,58.71,58.74,57.66,57.75,40517052
2013-06-21,58.42,58.48,57.43,57.94,30474204
2013-06-24,56.74,57.33,56.44,57.03,24352736
2013-06-25,57.53,57.85,57.1,57.76,24494847
2013-06-26,58.03,58.18,57.78,57.98,27141949
2013-06-27,57.33,57.71,57.33,57.41,17753753
2013-06-28,57.31,57.6,57.09,57.3,31174083
2013-07-01,57.81,58.08,57.75,57.84,15315965
2013-07-02,57.78,58.09,57.33,57.55,13492754
2013-07-03,57.11,57.68,57.02,57.57,11755472
2013-07-05,57.96,57.98,57.41,57.84,10197768
2013-07-08,58.05,58.32,58.0,58.2,11993172
2013-07-09,58.64,58.64,58.16,58.52,11624183
2013-07-10,58.51,59.11,58.44,58.69,16165199
2013-07-11,59.78,60.27,59.54,60.21,20284539
2013-07-12,59.77,59.92,59.63,59.81,15189763
2013-07-15,60.03,60.19,59.93,60.18,17063117
2013-07-16,60.13,60.23,59.98,60.14,10894550
2013-07-17,60.62,60.62,60.18,60.32,13744433
2013-07-18,60.49,60.78,60.11,60.72,11036626
2013-07-19,60.51,60.77,60.4,60.67,23299285
2013-07-22,60.81,61.07,60.78,61.01,16518803
2013-07-23,61.21,61.26,60.95,61.14,11131983
2013-07-24,61.37,61.38,60.81,61.06,12887448
2013-07-25,60.5,61.21,60.49,61.18,14467005
2013-07-26,60.63,60.8,60.3,60.8,15498973
2013-07-29,60.24,60.34,60.12,60.22,11063566
2013-07-30,60.47,60.51,60.02,60.21,10712660
2013-07-31,60.06,60.75,60.06,60.35,22989934
2013-08-01,61.12,61.26,60.96,61.17,24484485
2013-08-02,61.23,61.67,61.21,61.67,15474990
2013-08-05,61.4,61.56,61.23,61.54,11482989
2013-08-06,61.69,61.74,61.3,61.45,18325323
2013-08-07,61.2,61.3,61.1,61.18,11989738
2013-08-08,61.52,61.82,61.34,61.74,12612667
2013-08-09,61.65,61.94,61.61,61.84,14951482
2013-08-12,61.51,61.73,61.5,61.67,13784961
2013-08-13,61.83,62.14,61.49,62.07,13189099
2013-08-14,62.1,62.19,61.99,62.1,14259103
2013-08-15,61.33,61.66,60.94,61.58,23650226
2013-08-16,61.71,61.83,61.59,61.69,15219556
2013-08-19,61.62,61.66,61.21,61.25,13596687
2013-08-20,61.03,61.33,60.92,61.17,12885772
2013-08-21,60.77,61.0,60.23,60.45,12755125
2013-08-22,60.9,61.14,60.88,61.04,8041697
2013-08-23,61.38,61.58,61.21,61.57,10141528
2013-08-26,61.28,61.4,61.11,61.12,8470947
2013-08-27,60.43,60.63,60.04,60.08,18839045
2013-08-28,59.75,60.22,59.68,60.01,10521684
2013-08-29,59.86,60.16,59.8,59.91,10555839
2013-08-30,59.62,59.64,59.16,59.17,21045286
2013-09-03,60.51,60.6,60.04,60.31,18912688
2013-09-04,60.21,60.94,60.15,60.85,11868763
2013-09-05,60.59,60.86,60.58,60.8,10523385
2013-09-06,61.06,61.31,60.65,61.13,16398005
2013-09-09,61.49,62.0,61.49,61.97,17397964
2013-09-10,62.48,62.7,62.41,62.67,15972366
2013-09-11,62.42,62.91,62.41,62.89,11835852
2013-09-12,62.57,62.82,62.52,62.53,16744950
2013-09-13,62.61,62.84,62.43,62.83,13590942
2013-09-16,63.65,63.65,63.27,63.32,18959998
2013-09-17,63.17,63.36,63.17,63.36,10370434
2013-09-18,63.41,65.11,63.24,65.05,21359014
2013-09-19,65.07,65.08,64.65,64.74,19169287
2013-09-20,64.63,64.63,64.24,64.26,18878567
2013-09-23,64.29,64.36,63.96,64.25,17861062
2013-09-24,64.2,64.41,63.98,64.15,14979194
2013-09-25,64.11,64.36,64.01,64.22,14478074
2013-09-26,64.3,64.59,64.24,64.49,15653781
2013-09-27,64.19,64.42,64.13,64.26,17705787
2013-09-30,63.61,63.97,63.55,63.8,22275504
2013-10-01,63.87,64.3,63.75,64.14,15392399
2013-10-02,63.91,64.16,63.59,64.12,12621976
2013-10-03,63.99,64.03,63.59,63.7,16212745
2013-10-04,63.61,63.92,63.58,63.85,11698976
2013-10-07,63.06,63.48,63.04,63.19,17360771
2013-10-08,63.22,63.3,62.68,62.7,19635590
2013-10-09,62.93,63.09,62.54,62.97,19659485
2013-10-10,63.51,64.2,63.5,64.1,16423317
2013-10-11,64.11,64.47,64.07,64.44,13279137
2013-10-14,64.17,64.71,64.12,64.66,7213823
2013-10-15,64.4,64.52,64.28,64.35,15599415
2013-10-16,64.54,64.85,64.48,64.84,17390371
2013-10-17,65.2,65.72,65.13,65.69,21850527
2013-10-18,65.89,66.11,65.78,66.08,16283007
2013-10-21,65.99,66.18,65.93,66.18,11068305
2013-10-22,66.52,66.96,66.52,66.84,13015171
2013-10-23,66.21,66.25,65.97,66.19,13384709
2013-10-24,66.56,66.69,66.4,66.65,11820916
2013-10-25,66.45,66.47,66.28,66.46,16688290
2013-10-28,66.28,66.48,66.19,66.35,9936715
2013-10-29,66.41,66.51,66.31,66.49,12121482
2013-10-30,66.56,66.59,65.92,66.25,18774027
2013-10-31,66.07,66.25,65.78,65.88,22366903
2013-11-01,65.53,65.59,65.19,65.56,18921571
2013-11-04,65.68,65.88,65.54,65.88,27539523
2013-11-05,65.2,65.42,64.99,65.3,13129627
2013-11-06,65.89,66.05,65.74,65.88,16260643
2013-11-07,65.62,65.67,64.76,64.84,22820234
2013-11-08,64.7,65.24,64.69,65.22,15872982
2013-11-11,65.24,65.37,65.16,65.36,14211257
2013-11-12,65.18,65.32,64.97,65.14,13391029
2013-11-13,64.64,65.42,64.62,65.35,12669399
2013-11-14,65.35,65.73,65.29,65.64,14537105
2013-11-15,66.03,66.32,65.96,66.18,25278861
2013-11-18,66.56,66.6,66.09,66.18,12776200
2013-11-19,66.02,66.2,65.88,66.01,10664256
2013-11-20,66.08,66.22,65.38,65.55,18220641
2013-11-21,65.77,65.97,65.66,65.96,15963423
2013-11-22,65.95,66.23,65.91,66.15,18658054
2013-11-25,66.1,66.11,65.87,65.95,11835024
2013-11-26,65.82,66.01,65.75,65.95,14620004
2013-11-27,66.18,66.29,66.03,66.11,9667234
2013-11-29,66.52,66.58,66.24,66.24,13964205
2013-12-02,66.01,66.11,65.74,65.75,17686344
2013-12-03,65.42,65.54,65.09,65.29,14776295
2013-12-04,64.53,65.0,64.52,64.94,18603802
2013-12-05,64.73,64.87,64.48,64.57,13115499
2013-12-06,65.13,65.4,65.01,65.37,12965356
2013-12-09,65.25,65.41,65.21,65.3,11279287
2013-12-10,65.15,65.29,65.0,65.19,13978188
2013-12-11,65.2,65.21,64.55,64.58,14150970
2013-12-12,64.28,64.34,63.95,64.11,14118465
2013-12-13,64.09,64.15,63.85,64.07,12214217
2013-12-16,64.51,64.73,64.47,64.53,13338949
2013-12-17,64.37,64.38,64.08,64.25,15973300
2013-12-18,64.23,64.86,63.5,64.7,28970762
2013-12-19,64.49,64.81,64.42,64.7,20647098
2013-12-20,64.9,65.18,64.88,65.07,18427481
2013-12-23,65.49,65.76,65.4,65.74,15768960
2013-12-24,65.63,65.87,65.56,65.87,6708476
2013-12-26,66.16,66.28,66.15,66.23,8510526
2013-12-27,66.76,66.77,66.51,66.57,18585383
2013-12-30,66.74,66.91,66.68,66.85,14432352
2013-12-31,67.04,67.36,67.0,67.1,21704721
2014-01-02,66.23,66.27,65.74,65.91,26240640
2014-01-03,66.02,66.19,65.87,65.98,19270066
2014-01-06,66.05,66.11,65.84,65.9,14737625
2014-01-07,66.17,66.34,66.13,66.27,12075668
2014-01-08,66.32,66.37,66.1,66.25,17555643
2014-01-09,66.28,66.28,65.8,66.2,13128597
2014-01-10,66.5,66.85,66.43,66.81,19676363
2014-01-13,66.52,66.68,66.1,66.23,19464678
2014-01-14,66.42,66.81,66.22,66.76,12268873
2014-01-15,66.72,67.08,66.69,67.04,12388880
2014-01-16,66.93,67.01,66.7,67.01,21172021
2014-01-17,66.98,67.03,66.7,66.81,22526869
2014-01-21,67.2,67.22,66.82,67.13,18600226
2014-01-22,67.11,67.17,66.95,67.13,12664128
2014-01-23,66.89,66.91,66.41,66.68,17691678
2014-01-24,65.7,65.7,64.85,64.85,25271854
2014-01-27,64.88,64.93,64.15,64.55,21487417
2014-01-28,64.86,65.18,64.83,65.11,15857610
2014-01-29,64.26,64.72,64.19,64.38,21210386
2014-01-30,64.66,64.81,64.38,64.71,14973442
2014-01-31,63.33,64.02,63.31,63.61,39572612
2014-02-03,63.54,63.62,62.28,62.31,45762023
2014-02-04,62.77,63.07,62.58,63.03,26309260
2014-02-05,63.0,63.21,62.76,63.16,17503866
2014-02-06,63.72,64.31,63.71,64.28,16589138
2014-02-07,64.62,65.13,64.47,65.12,14577244
2014-02-10,64.93,64.94,64.75,64.9,13885353
2014-02-11,65.27,66.05,65.25,65.93,18207233
2014-02-12,65.95,66.11,65.85,66.04,14801412
2014-02-13,65.46,66.28,65.43,66.24,17330041
2014-02-14,66.17,66.56,66.1,66.49,19285696
2014-02-18,66.94,67.14,66.76,67.06,16668591
2014-02-19,66.92,67.22,66.57,66.61,13139883
2014-02-20,66.54,66.93,66.4,66.84,14098543
2014-02-21,67.15,67.33,66.96,66.97,12629832
2014-02-24,67.22,67.87,67.19,67.55,22573012
2014-02-25,67.57,67.76,67.27,67.39,16834238
2014-02-26,67.26,67.33,66.94,67.16,14872362
2014-02-27,66.98,67.41,66.85,67.39,11392495
2014-02-28,67.5,67.87,67.3,67.51,41960169
2014-03-03,66.38,66.54,65.91,66.08,27783356
2014-03-04,67.4,67.49,67.29,67.39,29272021
2014-03-05,67.29,67.46,67.21,67.33,16872821
2014-03-06,68.02,68.19,67.93,68.03,15087006
2014-03-07,67.91,67.96,67.32,67.66,21133806
2014-03-10,67.21,67.29,66.83,67.24,23329148
2014-03-11,67.11,67.34,66.68,66.75,17811948
2014-03-12,66.18,66.6,66.01,66.5,14151043
2014-03-13,66.64,66.69,65.14,65.26,35340237
2014-03-14,64.87,65.43,64.87,65.12,24796008
2014-03-17,65.63,66.02,65.6,65.94,24052739
2014-03-18,65.99,66.48,65.98,66.35,19417012
2014-03-19,66.28,66.31,65.12,65.54,22330199
2014-03-20,64.96,65.42,64.82,65.29,18788120
2014-03-21,65.61,65.81,65.12,65.16,17668307
2014-03-24,65.61,65.65,64.93,65.33,17552850
2014-03-25,65.83,66.19,65.63,66.04,20785516
2014-03-26,66.57,66.6,66.02,66.03,27028933
2014-03-27,66.28,66.49,66.14,66.36,22352048
2014-03-28,66.86,67.06,66.8,66.86,13875892
2014-03-31,67.37,67.47,67.14,67.2,24498289
2014-04-01,67.6,67.67,67.44,67.63,13738077
2014-04-02,67.64,67.9,67.56,67.76,15497549
2014-04-03,67.68,67.77,67.39,67.57,14943480
2014-04-04,67.84,67.94,67.26,67.36,20967419
2014-04-07,67.26,67.36,66.89,67.04,16647854
2014-04-08,66.79,67.14,66.73,67.0,12246221
2014-04-09,67.55,67.9,67.27,67.86,18492120
2014-04-10,67.55,67.62,66.6,66.66,23677871
2014-04-11,66.35,66.76,66.25,66.26,18552583
2014-04-14,66.6,66.76,66.32,66.64,13239017
2014-04-15,66.53,66.62,65.68,66.36,21055078
2014-04-16,66.91,67.21,66.73,67.18,19643874
2014-04-17,67.28,67.64,67.13,67.53,19204102
2014-04-21,67.52,67.64,67.41,67.62,10723752
2014-04-22,67.83,67.97,67.76,67.9,12342453
2014-04-23,67.84,67.84,67.63,67.74,11595262
2014-04-24,67.72,67.79,67.28,67.73,17646706
2014-04-25,67.61,67.63,67.2,67.4,19435854
2014-04-28,67.62,67.78,67.14,67.61,19985964
2014-04-29,67.96,68.19,67.89,68.05,16162517
2014-04-30,68.05,68.4,67.96,68.32,29172846
2014-05-01,68.39,68.62,68.3,68.51,17645371
2014-05-02,68.26,68.54,68.19,68.4,14332847
2014-05-05,67.9,68.38,67.76,68.35,18715335
2014-05-06,68.36,68.4,68.16,68.23,10209071
2014-05-07,68.21,68.35,67.94,68.31,12801711
2014-05-08,68.41,68.64,68.22,68.32,13187450
2014-05-09,68.27,68.32,67.98,68.22,8089875
2014-05-12,68.48,68.69,68.42,68.67,13959757
2014-05-13,68.76,68.8,68.6,68.77,18673515
2014-05-14,68.75,68.9,68.55,68.64,15816699
2014-05-15,68.49,68.53,68.08,68.34,20007507
2014-05-16,68.35,68.49,68.23,68.49,12874485
2014-05-19,68.12,68.4,68.1,68.35,9415209
2014-05-20,68.11,68.15,67.72,67.92,13695246
2014-05-21,68.2,68.47,68.17,68.45,10953380
2014-05-22,68.46,68.61,68.41,68.54,8121830
2014-05-23,68.49,68.79,68.49,68.72,7648981
2014-05-27,69.22,69.26,68.98,69.21,9819701
2014-05-28,69.02,69.06,68.85,68.98,8894287
2014-05-29,69.28,69.4,69.14,69.4,16668404
2014-05-30,69.32,69.45,69.26,69.41,15728223
2014-06-02,69.64,69.64,69.4,69.55,8915101
2014-06-03,69.32,69.41,69.29,69.38,9629126
2014-06-04,69.23,69.43,69.16,69.36,10850800
2014-06-05,69.56,69.9,69.31,69.84,11099366
2014-06-06,70.02,70.22,69.91,70.22,11780065
2014-06-09,69.95,70.19,69.92,70.15,12685179
2014-06-10,69.85,70.0,69.74,70.0,11347636
2014-06-11,69.69,69.78,69.57,69.65,8827225
2014-06-12,69.87,69.94,69.55,69.67,10679542
2014-06-13,69.72,69.86,69.55,69.72,22214681
2014-06-16,69.6,69.81,69.56,69.74,9584626
2014-06-17,69.41,69.7,69.39,69.69,9222709
2014-06-18,69.77,70.31,69.54,70.29,14870349
2014-06-19,70.73,70.78,70.54,70.67,12490391
2014-06-20,70.57,70.61,70.42,70.55,16113052
2014-06-23,70.23,70.39,70.04,70.36,9836014
2014-06-24,70.21,70.28,69.84,69.92,17810051
2014-06-25,67.89,68.28,67.88,68.22,17373141
2014-06-26,68.12,68.28,67.67,68.27,14342032
2014-06-27,68.04,68.34,67.97,68.31,9721265
2014-06-30,68.16,68.44,68.15,68.37,16580650
2014-07-01,68.72,69.08,68.68,68.97,12975341
2014-07-02,68.95,69.09,68.87,69.08,11254386
2014-07-03,69.06,69.29,69.03,69.22,7757304
2014-07-07,68.69,68.79,68.58,68.68,8533465
2014-07-08,68.28,68.29,67.78,67.96,11505244
2014-07-09,67.89,68.27,67.85,68.18,15042732
2014-07-10,66.96,67.45,66.92,67.43,12905695
2014-07-11,67.34,67.52,67.17,67.47,11225758
2014-07-14,68.11,68.12,67.94,67.97,9020811
2014-07-15,68.03,68.09,67.52,67.8,12444457
2014-07-16,68.28,68.32,68.12,68.22,9427564
2014-07-17,67.82,68.1,67.31,67.35,15085083
2014-07-18,67.52,67.99,67.48,67.88,11615257
2014-07-21,67.46,67.67,67.32,67.63,12114811
2014-07-22,67.99,68.06,67.89,67.93,12232769
2014-07-23,68.2,68.2,68.0,68.07,8668235
2014-07-24,68.26,68.32,68.14,68.23,6826195
2014-07-25,68.11,68.15,67.69,67.95,8885701
2014-07-28,67.96,68.06,67.58,67.96,8065897
2014-07-29,68.15,68.19,67.78,67.82,9154805
2014-07-30,67.82,67.96,67.46,67.72,11169277
2014-07-31,67.03,67.12,66.52,66.59,26161541
2014-08-01,66.32,66.57,66.0,66.13,25398283
2014-08-04,66.41,66.56,66.03,66.44,15220840
2014-08-05,66.07,66.12,65.46,65.59,20914078
2014-08-06,65.09,65.61,65.08,65.43,16592701
2014-08-07,65.57,65.64,64.73,64.9,17346928
2014-08-08,64.84,65.32,64.71,65.28,15434193
2014-08-11,65.57,65.7,65.47,65.53,10497557
2014-08-12,65.43,65.58,65.32,65.48,12398400
2014-08-13,65.87,65.99,65.72,65.85,12378658
2014-08-14,66.1,66.21,66.0,66.2,11941585
2014-08-15,66.51,66.62,65.6,66.13,23432917
2014-08-18,66.43,66.59,66.38,66.56,11630658
2014-08-19,66.59,66.72,66.56,66.72,8514394
2014-08-20,66.33,66.6,66.32,66.51,11419424
2014-08-21,66.69,66.88,66.64,66.79,8523587
2014-08-22,66.6,66.65,66.24,66.47,9000910
2014-08-25,66.78,67.08,66.74,66.9,13867608
2014-08-26,66.98,67.19,66.89,66.91,22103599
2014-08-27,67.19,67.2,66.97,67.04,10792855
2014-08-28,66.63,66.79,66.57,66.74,10674338
2014-08-29,66.72,66.76,66.46,66.71,19832711
2014-09-02,66.91,66.91,66.61,66.84,14537069
2014-09-03,67.45,67.47,67.19,67.31,15491747
2014-09-04,67.22,67.41,66.83,66.99,11043004
2014-09-05,66.8,67.02,66.64,67.0,9374310
2014-09-08,66.5,66.6,66.16,66.29,13282614
2014-09-09,66.21,66.21,65.88,66.1,15015047
2014-09-10,66.1,66.48,66.03,66.48,14634796
2014-09-11,66.01,66.14,65.84,66.11,12136680
2014-09-12,66.05,66.1,65.84,66.02,12022918
2014-09-15,65.93,65.97,65.76,65.88,8709543
2014-09-16,65.52,66.25,65.51,66.16,14405100
2014-09-17,65.97,66.1,65.53,65.69,19753935
2014-09-18,66.06,66.26,66.05,66.2,14467478
2014-09-19,66.29,66.31,65.92,65.97,11800470
2014-09-22,65.89,65.9,65.53,65.68,29390761
2014-09-23,65.24,65.44,65.05,65.13,18721745
2014-09-24,65.14,65.51,64.95,65.46,12589888
2014-09-25,65.12,65.12,64.43,64.5,15639282
2014-09-26,64.71,64.97,64.55,64.77,14040200
2014-09-29,64.08,64.35,63.99,64.17,17351811
2014-09-30,63.99,64.33,63.84,64.12,17807627
2014-10-01,63.75,63.83,63.23,63.36,21791140
2014-10-02,63.01,63.08,62.1,62.68,21687559
2014-10-03,62.59,62.76,62.43,62.68,11116929
2014-10-06,63.02,63.16,62.67,63.08,16614012
2014-10-07,62.66,62.69,62.0,62.01,15615937
2014-10-08,62.08,63.09,61.84,62.99,18310323
2014-10-09,62.38,62.51,61.23,61.3,23813383
2014-10-10,61.01,61.18,60.36,60.38,26414412
2014-10-13,61.05,61.2,60.28,60.3,16363605
2014-10-14,60.74,60.95,60.34,60.45,22292231
2014-10-15,60.05,60.16,58.96,60.09,37303897
2014-10-16,58.68,60.09,58.61,59.53,49006506
2014-10-17,60.46,60.8,60.28,60.64,22794146
2014-10-20,60.57,61.12,60.55,61.02,22996182
2014-10-21,61.34,61.8,61.29,61.75,16849706
2014-10-22,61.71,61.88,61.25,61.3,13982329
2014-10-23,61.82,62.21,61.74,61.89,17097031
2014-10-24,62.06,62.25,61.87,62.23,12251109
2014-10-27,61.68,62.16,61.59,61.88,17838409
2014-10-28,62.53,62.83,62.45,62.82,14653099
2014-10-29,63.0,63.12,62.14,62.34,21781794
2014-10-30,62.14,62.98,62.08,62.79,14595816
2014-10-31,63.71,63.98,63.53,63.95,22786774
2014-11-03,63.52,63.61,63.2,63.4,14384764
2014-11-04,62.94,63.07,62.66,63.04,12741811
2014-11-05,63.18,63.25,62.88,63.16,13033533
2014-11-06,63.02,63.18,62.66,62.82,13624530
2014-11-07,62.61,62.87,62.38,62.85,10950876
2014-11-10,63.09,63.2,62.9,63.13,10235203
2014-11-11,63.29,63.58,63.16,63.51,12372765
2014-11-12,62.81,63.08,62.8,62.97,9970675
2014-11-13,63.04,63.4,63.0,63.27,18654704
2014-11-14,62.88,63.39,62.87,63.36,13368571
2014-11-17,62.84,63.17,62.81,63.11,11203652
2014-11-18,63.58,63.91,63.54,63.8,19695448
2014-11-19,63.63,63.83,63.34,63.61,13908813
2014-11-20,62.97,63.4,62.95,63.23,16494377
2014-11-21,64.02,64.06,63.57,63.78,22414353
2014-11-24,64.06,64.16,63.93,64.15,16662552
2014-11-25,64.16,64.33,64.02,64.26,18289630
2014-11-26,64.34,64.54,64.24,64.51,9788043
2014-11-28,64.1,64.16,63.94,63.99,8429254
2014-12-01,64.03,64.08,63.73,63.93,14827782
2014-12-02,64.06,64.13,63.92,64.11,19349296
2014-12-03,63.95,64.09,63.86,64.03,10722399
2014-12-04,63.86,64.09,63.61,63.82,18286409
2014-12-05,63.98,64.16,63.81,63.96,13946986
2014-12-08,63.59,63.71,63.35,63.4,14590162
2014-12-09,62.81,63.11,62.62,63.06,18136312
2014-12-10,62.9,62.9,62.16,62.26,27669672
2014-12-11,62.36,62.68,62.11,62.18,19542611
2014-12-12,62.01,62.12,60.94,60.98,31169607
2014-12-15,61.16,61.26,59.78,59.97,38599941
2014-12-16,60.02,61.16,59.92,60.4,38250498
2014-12-17,60.02,60.96,59.99,60.53,28795347
2014-12-18,61.22,61.7,61.12,61.61,33053675
2014-12-19,61.47,61.88,61.33,61.7,29690683
2014-12-22,61.97,62.04,61.75,62.0,24782453
2014-12-23,61.87,61.95,61.71,61.8,21929237
2014-12-24,61.88,62.22,61.78,62.08,12379363
2014-12-26,62.27,62.35,62.19,62.24,17681142
2014-12-29,61.71,62.01,61.7,61.79,22005587
2014-12-30,61.44,61.5,61.2,61.22,20271587
2014-12-31,61.45,61.46,60.8,60.84,22494954
2015-01-02,61.05,61.13,60.46,60.58,24674810
2015-01-05,59.73,59.78,59.0,59.15,28468244
2015-01-06,59.1,59.3,58.29,58.48,21711619
2015-01-07,58.95,59.23,58.57,59.13,19048936
2015-01-08,59.49,60.14,59.46,59.93,16680027
2015-01-09,60.0,60.0,59.34,59.64,17938204
2015-01-12,59.71,59.76,59.2,59.5,18561207
2015-01-13,60.24,60.39,59.38,59.8,15396200
2015-01-14,59.51,59.75,59.22,59.63,16051851
2015-01-15,60.34,60.41,59.86,60.01,21885109
2015-01-16,60.08,60.84,59.98,60.79,29675542
2015-01-20,61.27,61.31,60.76,61.0,19318048
2015-01-21,60.98,61.5,60.89,61.48,26882545
2015-01-22,61.3,61.87,61.17,61.71,15610403
2015-01-23,61.6,61.77,61.34,61.36,19495685
2015-01-26,61.86,62.34,61.7,62.2,18463332
2015-01-27,62.07,62.42,61.93,62.29,20064297
2015-01-28,62.31,62.38,61.32,61.36,20033124
2015-01-29,61.89,62.25,61.67,62.2,31207948
2015-01-30,61.59,61.81,61.2,61.22,39271009
2015-02-02,61.63,62.1,61.46,61.96,24878661
2015-02-03,62.34,63.06,62.32,62.95,27679397
2015-02-04,62.62,62.94,62.38,62.43,17454177
2015-02-05,62.84,63.3,62.76,63.29,23933454
2015-02-06,62.69,62.9,62.32,62.5,18530149
2015-02-09,61.99,62.38,61.99,62.2,15940496
2015-02-10,62.59,62.82,62.31,62.77,14302536
2015-02-11,62.36,62.56,62.12,62.43,16405389
2015-02-12,62.86,63.41,62.86,63.4,16664683
2015-02-13,63.66,63.84,63.65,63.82,17919070
2015-02-17,63.7,64.1,63.54,63.97,13660319
2015-02-18,64.16,64.54,64.04,64.35,16777781
2015-02-19,64.35,64.67,64.31,64.43,17091007
2015-02-20,64.24,65.27,64.13,65.03,34658650
2015-02-23,64.68,64.91,64.63,64.8,13630915
2015-02-24,64.78,65.29,64.66,65.2,16373392
2015-02-25,65.1,65.33,65.02,65.25,10224770
2015-02-26,65.1,65.24,64.93,65.07,12790980
2015-02-27,65.13,65.35,65.02,65.1,22960895
2015-03-02,65.08,65.22,64.97,65.2,21297828
2015-03-03,64.96,65.05,64.63,64.8,12564366
2015-03-04,64.44,64.59,64.08,64.54,15625081
2015-03-05,64.74,64.89,64.56,64.69,15540909
2015-03-06,64.18,64.32,63.75,63.81,24040475
2015-03-09,63.78,63.99,63.7,63.91,11908966
2015-03-10,62.86,62.98,62.49,62.52,20979980
2015-03-11,62.63,62.82,62.39,62.68,20000363
2015-03-12,63.4,63.48,63.13,63.46,16362205
2015-03-13,62.95,63.14,62.69,63.09,16277248
2015-03-16,63.53,63.9,63.5,63.8,15828656
2015-03-17,63.48,63.73,63.3,63.64,16273260
2015-03-18,63.63,65.1,63.61,65.0,28290710
2015-03-19,64.24,64.41,64.07,64.24,20155132
2015-03-20,65.32,65.9,65.11,65.66,28789264
2015-03-23,65.88,66.13,65.72,65.99,13958724
2015-03-24,66.11,66.2,65.85,65.85,18037342
2015-03-25,66.09,66.19,65.5,65.54,17853728
2015-03-26,64.98,65.12,64.54,64.97,24344490
2015-03-27,64.98,65.2,64.82,65.14,16596705
2015-03-30,65.13,65.33,65.1,65.18,27480187
2015-03-31,64.14,64.54,64.07,64.17,27717182
2015-04-01,64.66,64.66,64.17,64.63,30907001
2015-04-02,65.01,65.24,64.93,65.19,15597235
2015-04-06,65.59,66.15,65.41,65.85,16304564
2015-04-07,65.95,66.24,65.73,65.76,13742896
2015-04-08,66.4,66.43,65.75,66.04,16148264
2015-04-09,66.1,66.14,65.81,66.13,17741096
2015-04-10,65.99,66.27,65.92,66.26,12665763
2015-04-13,65.96,66.12,65.72,65.84,15048706
2015-04-14,66.24,66.37,66.13,66.33,13929846
2015-04-15,66.51,66.74,66.22,66.63,13210578
2015-04-16,66.7,67.0,66.41,66.81,17461205
2015-04-17,65.94,66.04,65.68,65.97,18805187
2015-04-20,66.01,66.23,65.96,66.04,12557398
2015-04-21,66.62,66.79,66.49,66.63,10696752
2015-04-22,66.65,66.78,66.32,66.76,8776102
2015-04-23,66.39,67.11,66.35,67.01,12240668
2015-04-24,67.27,67.51,66.99,67.4,11090308
2015-04-27,67.77,68.06,67.66,67.73,18320601
2015-04-28,67.56,67.82,67.35,67.81,13769240
2015-04-29,67.3,67.52,66.96,67.22,19465541
2015-04-30,66.75,66.92,66.43,66.51,27726483
2015-05-01,66.86,67.4,66.65,67.25,28710222
2015-05-04,67.21,67.3,67.05,67.18,18863115
2015-05-05,66.9,66.91,66.08,66.18,21317434
2015-05-06,66.6,66.7,66.07,66.35,16573462
2015-05-07,66.06,66.22,65.85,66.13,17710575
2015-05-08,67.28,67.76,67.26,67.66,30634352
2015-05-11,67.16,67.38,67.04,67.07,14535357
2015-05-12,66.95,67.2,66.83,67.03,12054237
2015-05-13,67.72,67.9,67.43,67.53,14542797
2015-05-14,68.13,68.36,68.0,68.34,18271740
2015-05-15,68.11,68.48,67.98,68.42,14671763
2015-05-18,68.1,68.25,67.99,68.19,11873630
2015-05-19,67.92,68.09,67.84,67.93,11406636
2015-05-20,67.9,68.28,67.8,68.06,13862686
2015-05-21,68.16,68.52,68.11,68.42,11439465
2015-05-22,68.07,68.13,67.92,67.98,12172854
2015-05-26,67.36,67.39,66.63,66.76,20327361
2015-05-27,66.84,67.48,66.81,67.41,17786132
2015-05-28,67.06,67.36,66.76,67.29,12744714
2015-05-29,66.95,67.08,66.32,66.64,23778844
2015-06-01,66.8,66.84,66.19,66.46,19068919
2015-06-02,66.64,67.09,66.52,66.77,14239073
2015-06-03,67.03,67.48,67.03,67.14,21307754
2015-06-04,66.7,67.2,66.21,66.42,17187413
2015-06-05,65.47,65.88,65.24,65.63,14624092
2015-06-08,65.53,65.6,65.29,65.54,14676977
2015-06-09,65.2,65.36,64.87,65.18,13114561
2015-06-10,66.15,66.73,66.07,66.55,17291633
2015-06-11,66.81,66.95,66.43,66.73,20555098
2015-06-12,66.04,66.46,65.82,66.2,15305805
2015-06-15,65.39,65.85,65.34,65.8,15121129
2015-06-16,65.47,65.84,65.36,65.78,11991184
2015-06-17,65.54,65.79,64.99,65.63,17100713
2015-06-18,65.83,66.78,65.78,66.22,24587297
2015-06-19,66.16,66.26,66.02,66.06,15281921
2015-06-22,67.33,67.72,67.2,67.31,28716940
2015-06-23,67.42,67.6,67.4,67.49,13661348
2015-06-24,67.13,67.3,66.87,66.9,21326501
2015-06-25,66.07,66.07,65.72,65.77,16402849
2015-06-26,65.87,66.02,65.58,65.74,19240832
2015-06-29,64.43,64.67,63.56,63.72,33747138
2015-06-30,64.37,64.38,63.26,63.49,32195358
2015-07-01,64.23,64.32,63.65,63.9,31824847
2015-07-02,64.08,64.1,63.82,63.98,20988505
2015-07-06,62.64,63.24,62.49,62.69,21103822
2015-07-07,62.25,62.82,61.43,62.71,36633365
2015-07-08,61.72,61.76,61.12,61.25,32728237
2015-07-09,62.65,62.72,62.13,62.26,19963367
2015-07-10,64.18,64.39,63.86,64.3,28190421
2015-07-13,64.51,64.67,64.44,64.54,14287574
2015-07-14,64.79,65.16,64.7,65.08,19816184
2015-07-15,64.92,65.07,64.67,64.84,14709628
2015-07-16,65.45,65.56,65.34,65.4,20763405
2015-07-17,65.37,65.37,65.21,65.31,14773593
2015-07-20,65.49,65.61,65.31,65.46,8767834
2015-07-21,65.24,65.37,65.14,65.27,14081762
2015-07-22,64.59,64.81,64.59,64.77,10181742
2015-07-23,64.88,64.9,64.49,64.6,10900912
2015-07-24,64.45,64.47,63.82,63.89,13709434
2015-07-27,63.74,63.75,63.32,63.42,19026064
2015-07-28,63.87,64.24,63.57,64.22,14788087
2015-07-29,64.17,64.66,64.13,64.45,15938934
2015-07-30,64.21,64.41,63.92,64.4,17496685
2015-07-31,64.98,65.02,64.59,64.78,20646870
2015-08-03,64.85,64.88,64.41,64.61,25131584
2015-08-04,64.75,64.86,64.51,64.66,13358994
2015-08-05,65.02,65.2,64.92,65.0,13602735
2015-08-06,64.88,64.96,64.54,64.73,12451303
2015-08-07,64.39,64.65,64.31,64.61,14351218
2015-08-10,64.78,65.43,64.77,65.4,13702884
2015-08-11,64.5,64.58,64.13,64.4,15705818
2015-08-12,63.52,63.94,63.15,63.94,27756584
2015-08-13,63.83,64.02,63.65,63.9,12709558
2015-08-14,63.68,64.03,63.62,64.0,16930139
2015-08-17,63.46,63.89,63.35,63.88,8885624
2015-08-18,63.47,63.6,63.28,63.4,10943768
2015-08-19,62.9,63.13,62.48,62.84,16573305
2015-08-20,62.12,62.22,61.3,61.32,32142094
2015-08-21,61.14,61.3,59.76,59.86,45417510
2015-08-24,57.35,59.12,56.51,57.85,62225763
2015-08-25,60.38,60.39,58.3,58.4,50160551
2015-08-26,59.68,59.81,58.38,59.8,49038669
2015-08-27,60.07,60.7,59.97,60.51,39932267
2015-08-28,60.11,60.54,60.07,60.42,24030203
2015-08-31,60.04,60.26,59.76,59.97,35624522
2015-09-01,58.25,58.57,57.77,57.93,42060317
2015-09-02,58.93,58.94,58.2,58.82,23057574
2015-09-03,59.02,59.41,58.82,58.94,23167243
2015-09-04,57.7,57.94,57.34,57.58,25727103
2015-09-08,59.05,59.33,58.86,59.3,21191070
2015-09-09,60.23,60.25,59.0,59.06,29179743
2015-09-10,59.11,59.69,59.0,59.45,19949286
2015-09-11,59.02,59.44,58.91,59.44,12952942
2015-09-14,58.93,59.03,58.72,58.99,12156279
2015-09-15,58.88,59.44,58.79,59.39,18086587
2015-09-16,59.9,60.32,59.8,60.3,28086545
2015-09-17,59.94,61.02,59.92,60.33,24050539
2015-09-18,59.19,59.48,58.79,58.82,36543017
2015-09-21,59.0,59.11,58.54,58.79,17475372
2015-09-22,57.41,57.57,56.98,57.39,29174494
2015-09-23,57.47,57.52,56.9,57.12,17112719
2015-09-24,56.64,57.09,56.3,56.95,22575370
2015-09-25,57.82,57.94,57.22,57.43,21770342
2015-09-28,57.02,57.06,56.24,56.33,18775030
2015-09-29,56.13,56.36,55.88,56.25,20058684
2015-09-30,57.15,57.37,56.74,57.32,37620598
2015-10-01,57.67,57.78,56.99,57.5,20205171
2015-10-02,57.25,58.49,57.12,58.48,20741849
2015-10-05,59.22,59.67,59.22,59.64,27170515
2015-10-06,59.64,59.95,59.57,59.71,18073822
2015-10-07,60.37,60.62,59.96,60.46,20496090
2015-10-08,60.06,60.94,60.06,60.94,16916505
2015-10-09,61.05,61.19,60.85,61.05,16867884
2015-10-12,60.93,61.02,60.8,60.93,9238039
2015-10-13,60.12,60.63,60.1,60.16,19519241
2015-10-14,60.32,60.51,60.1,60.28,20753116
2015-10-15,60.76,61.34,60.7,61.32,21855417
2015-10-16,61.22,61.32,61.01,61.26,21326798
2015-10-19,61.0,61.06,60.81,61.05,11770314
2015-10-20,60.78,60.96,60.72,60.8,12920219
2015-10-21,61.17,61.2,60.73,60.77,12705680
2015-10-22,61.11,61.7,61.09,61.45,28240450
2015-10-23,61.99,62.19,61.8,62.06,16559312
2015-10-26,61.97,61.99,61.78,61.83,13982684
2015-10-27,61.37,61.48,61.2,61.29,14516991
2015-10-28,61.54,62.03,61.12,61.71,17305491
2015-10-29,60.96,61.29,60.96,61.24,12794153
2015-10-30,61.26,61.52,61.08,61.11,19040056
2015-11-02,61.44,61.69,61.36,61.69,14652815
2015-11-03,61.28,61.82,61.21,61.67,14274127
2015-11-04,61.72,61.75,61.15,61.33,20979565
2015-11-05,61.45,61.53,61.07,61.22,21646395
2015-11-06,60.84,61.0,60.54,60.94,17523098
2015-11-09,60.56,60.63,60.07,60.31,23467596
2015-11-10,60.03,60.29,59.93,60.27,14462391
2015-11-11,60.8,60.84,60.48,60.58,14220000
2015-11-12,60.06,60.28,59.79,59.79,31889568
2015-11-13,59.5,59.58,59.19,59.29,26214944
2015-11-16,59.34,60.05,59.32,60.04,16898902
2015-11-17,60.3,60.52,60.08,60.2,22321643
2015-11-18,60.39,60.83,60.27,60.75,15448929
2015-11-19,61.11,61.3,61.02,61.06,19981104
2015-11-20,61.24,61.35,60.88,60.92,18349653
2015-11-23,60.76,60.9,60.42,60.54,19432785
2015-11-24,60.1,60.64,60.06,60.55,21720366
2015-11-25,60.64,60.82,60.48,60.69,13351699
2015-11-27,60.76,60.8,60.65,60.7,6400380
2015-11-30,60.79,60.82,60.59,60.65,23366697
2015-12-01,61.14,61.33,60.98,61.29,34665510
2015-12-02,61.01,61.17,60.56,60.64,19962418
2015-12-03,60.95,60.98,60.1,60.35,26897122
2015-12-04,60.14,60.91,60.11,60.84,23382087
2015-12-07,60.56,60.59,60.22,60.45,29861732
2015-12-08,59.42,59.68,59.24,59.56,26323002
2015-12-09,59.57,60.02,58.99,59.29,26646706
2015-12-10,59.56,59.63,59.22,59.3,20267831
2015-12-11,58.5,58.59,58.09,58.17,29945022
2015-12-14,58.42,58.5,57.65,58.26,32153346
2015-12-15,58.62,58.82,58.42,58.55,37876675
2015-12-16,59.22,59.84,58.95,59.73,45167423
2015-12-17,59.66,59.67,58.96,58.97,40456769
2015-12-18,58.69,58.77,58.34,58.35,41659060
2015-12-21,58.5,58.56,57.84,58.11,28869644
2015-12-22,58.29,58.63,58.09,58.55,29319452
2015-12-23,59.1,59.56,59.07,59.53,29782243
2015-12-24,59.28,59.59,59.28,59.43,10950492
2015-12-28,59.3,59.33,59.1,59.29,28946857
2015-12-29,59.73,60.03,59.71,59.88,30796136
2015-12-30,59.65,59.74,59.48,59.52,18855450
2015-12-31,59.13,59.2,58.72,58.72,31818882
2016-01-04,57.82,57.85,57.15,57.82,34043654
2016-01-05,57.7,57.8,57.32,57.73,23891480
2016-01-06,56.53,56.92,56.45,56.78,22412555
2016-01-07,55.72,56.2,55.53,55.6,37579395
2016-01-08,55.93,55.99,54.84,54.93,31301068
2016-01-11,55.56,55.58,54.67,55.16,33017912
2016-01-12,55.63,55.7,54.95,55.42,29930184
2016-01-13,55.8,55.9,54.41,54.56,33268625
2016-01-14,54.77,55.5,54.36,55.26,34693517
2016-01-15,53.46,53.85,53.02,53.26,59960995
2016-01-19,54.19,54.22,53.37,53.75,35498588
2016-01-20,52.66,52.86,51.52,52.53,47825604
2016-01-21,52.32,53.23,51.93,52.92,48810860
2016-01-22,54.2,54.54,54.08,54.48,44844650
2016-01-25,54.06,54.28,53.71,53.75,36621253
2016-01-26,54.05,54.74,53.98,54.71,26589025
2016-01-27,54.6,55.16,54.15,54.36,32775345
2016-01-28,54.86,54.93,54.05,54.52,31257538
2016-01-29,54.75,55.52,54.7,55.48,36942659
2016-02-01,55.02,55.58,54.83,55.42,30969977
2016-02-02,54.62,54.62,53.94,54.13,29232010
2016-02-03,54.42,54.59,53.42,54.58,36239736
2016-02-04,54.23,54.84,54.13,54.65,28229689
2016-02-05,54.41,54.48,53.58,53.81,31384035
2016-02-08,52.94,52.96,52.32,52.83,37534996
2016-02-09,51.67,52.43,51.63,52.2,33984076
2016-02-10,52.38,52.78,52.04,52.14,31840782
2016-02-11,51.43,51.65,50.94,51.38,41491767
2016-02-12,51.53,52.29,51.31,52.28,38578845
2016-02-16,53.2,53.37,52.77,53.34,31450926
2016-02-17,53.79,54.33,53.76,54.26,25444699
2016-02-18,54.49,54.49,53.94,53.98,32312896
2016-02-19,53.57,53.97,53.4,53.92,26679538
2016-02-22,54.32,54.58,54.3,54.53,19494739
2016-02-23,54.18,54.22,53.55,53.64,19088920
2016-02-24,52.75,53.53,52.49,53.45,26548741
2016-02-25,53.75,54.1,53.5,54.09,25085131
2016-02-26,54.37,54.4,53.85,53.95,18710601
2016-02-29,53.84,54.12,53.6,53.63,30061362
2016-03-01,54.41,55.07,54.28,55.03,24361969
2016-03-02,55.0,55.45,54.88,55.41,22397850
2016-03-03,55.56,55.98,55.51,55.95,21109637
2016-03-04,56.34,56.66,56.21,56.36,22732343
2016-03-07,55.78,56.48,55.74,56.29,23951438
2016-03-08,56.05,56.05,55.67,55.74,16647830
2016-03-09,55.99,56.11,55.8,55.95,14783421
2016-03-10,56.4,56.76,55.42,55.86,28133572
2016-03-11,56.87,57.35,56.82,57.32,23868733
2016-03-14,57.24,57.35,57.07,57.2,15933623
2016-03-15,56.61,56.67,56.45,56.66,19646333
2016-03-16,56.23,57.21,56.23,57.16,25266458
2016-03-17,57.19,57.71,57.0,57.6,17463136
2016-03-18,57.51,57.69,57.42,57.5,29401461
2016-03-21,57.36,57.54,57.23,57.41,17531873
2016-03-22,56.95,57.4,56.9,57.31,15907191
2016-03-23,57.16,57.18,56.65,56.73,18220068
2016-03-24,56.02,56.35,55.95,56.35,18322919
2016-03-28,56.74,56.78,56.55,56.69,18491121
2016-03-29,56.42,57.33,56.28,57.3,22307179
2016-03-30,57.79,58.06,57.64,57.73,18905301
2016-03-31,57.46,57.59,57.13,57.16,36691234
2016-04-01,55.99,56.62,55.93,56.55,30347746
2016-04-04,56.7,56.77,56.36,56.43,16845345
2016-04-05,55.42,55.5,55.24,55.32,19584992
2016-04-06,55.51,56.26,55.42,56.22,20184859
2016-04-07,55.76,55.92,55.27,55.4,19815855
2016-04-08,56.51,56.66,56.32,56.46,18462754
2016-04-11,56.83,57.07,56.48,56.49,15184633
2016-04-12,56.94,57.44,56.61,57.33,24592066
2016-04-13,58.14,58.36,58.01,58.24,24784730
2016-04-14,58.54,58.65,58.33,58.43,26828937
2016-04-15,58.39,58.5,58.29,58.3,17530547
2016-04-18,58.22,58.86,58.17,58.8,20029699
2016-04-19,59.69,59.94,59.6,59.82,24159981
2016-04-20,59.79,60.16,59.7,59.87,14400426
2016-04-21,59.78,59.83,59.4,59.51,19135137
2016-04-22,59.45,59.64,59.29,59.54,16902687
2016-04-25,59.24,59.29,59.02,59.24,13507074
2016-04-26,59.47,59.56,59.26,59.45,15450829
2016-04-27,59.27,59.61,59.18,59.49,13053878
2016-04-28,58.78,59.26,58.55,58.68,25129212
2016-04-29,58.72,58.81,58.22,58.43,27341024
2016-05-02,58.9,59.07,58.72,58.98,25003120
2016-05-03,58.4,58.41,57.92,58.01,25253593
2016-05-04,57.52,57.61,57.17,57.34,20213136
2016-05-05,57.3,57.45,57.04,57.22,21535100
2016-05-06,56.97,57.41,56.92,57.38,20930051
2016-05-09,57.52,57.63,57.23,57.26,17763893
2016-05-10,57.69,58.08,57.64,58.08,21048609
2016-05-11,57.7,57.93,57.58,57.58,20088949
2016-05-12,58.07,58.09,57.31,57.56,17569011
2016-05-13,57.11,57.36,56.81,56.97,19050628
2016-05-16,57.16,57.68,57.13,57.65,24353393
2016-05-17,57.55,57.74,57.17,57.23,25031440
2016-05-18,57.29,57.84,57.04,57.25,34940555
2016-05-19,56.91,57.01,56.67,56.84,26701334
2016-05-20,57.32,57.46,57.19,57.31,22963224
2016-05-23,57.1,57.28,57.01,57.12,18608018
2016-05-24,57.51,58.06,57.5,57.95,28442017
2016-05-25,58.38,58.68,58.35,58.56,35575013
2016-05-26,58.78,58.85,58.58,58.72,20811811
2016-05-27,58.62,58.75,58.52,58.66,16066308
2016-05-31,58.9,58.99,58.24,58.38,25438505
2016-06-01,58.1,58.38,58.03,58.33,19567292
2016-06-02,58.0,58.35,57.93,58.33,32992057
2016-06-03,58.54,58.73,58.23,58.71,27770231
2016-06-06,58.9,59.18,58.85,59.04,22191860
2016-06-07,59.49,59.63,59.42,59.47,15311690
2016-06-08,59.65,59.74,59.54,59.59,14673441
2016-06-09,58.86,59.01,58.68,58.86,18489138
2016-06-10,57.62,57.71,56.99,57.15,29812946
2016-06-13,56.41,56.86,56.16,56.32,25422702
2016-06-14,55.73,55.86,55.12,55.42,69489982
2016-06-15,55.9,56.1,55.67,55.79,34010361
2016-06-16,55.0,55.95,54.59,55.9,27677651
2016-06-17,56.1,56.6,55.83,56.46,51689602
2016-06-20,58.2,58.26,57.84,57.86,38890448
2016-06-21,58.34,58.78,58.09,58.33,37705479
2016-06-22,57.39,57.67,57.12,57.12,45176465
2016-06-23,58.34,58.8,57.93,58.7,33064507
2016-06-24,53.89,55.09,53.63,53.66,85314593
2016-06-27,52.91,52.94,51.93,52.63,60560715
2016-06-28,53.86,54.04,53.37,54.01,45213462
2016-06-29,54.81,55.18,54.72,55.0,33914859
2016-06-30,55.11,55.82,54.96,55.82,48143618
2016-07-01,55.84,56.0,55.74,55.82,22693352
2016-07-05,55.14,55.2,54.58,54.74,33647354
2016-07-06,54.11,54.67,53.77,54.64,28451429
2016-07-07,54.74,54.94,54.25,54.42,24824949
2016-07-08,55.04,55.34,54.91,55.25,26189512
2016-07-11,55.99,56.29,55.94,56.06,25474916
2016-07-12,56.86,57.09,56.75,56.82,29839041
2016-07-13,56.96,57.1,56.71,56.76,27351568
2016-07-14,57.29,57.43,57.17,57.25,28145527
2016-07-15,57.1,57.13,56.84,56.96,29705397
2016-07-18,56.96,57.27,56.85,57.1,17614332
2016-07-19,56.65,56.74,56.5,56.65,19896943
2016-07-20,57.01,57.23,56.9,57.16,20885209
2016-07-21,56.98,57.18,56.83,56.93,19634985
2016-07-22,57.05,57.08,56.88,57.04,16069313
2016-07-25,57.08,57.1,56.81,56.97,13277389
2016-07-26,57.19,57.38,56.97,57.21,15025684
2016-07-27,57.48,57.58,57.0,57.42,17126918
2016-07-28,57.38,57.46,57.08,57.36,14445267
2016-07-29,57.84,58.15,57.7,58.04,21590417
2016-08-01,57.86,57.98,57.59,57.66,21623719
2016-08-02,57.53,57.56,57.15,57.37,20476106
2016-08-03,56.89,57.19,56.85,57.17,19684420
2016-08-04,57.35,57.53,57.24,57.5,16761761
2016-08-05,57.5,57.78,57.49,57.76,15143512
2016-08-08,57.86,57.92,57.79,57.88,10326797
2016-08-09,58.14,58.52,58.11,58.34,27514404
2016-08-10,58.72,58.76,58.52,58.54,17539520
2016-08-11,58.82,59.11,58.77,58.96,19675825
2016-08-12,58.99,59.06,58.74,58.81,11331570
2016-08-15,59.0,59.18,58.99,59.04,9048734
2016-08-16,58.93,59.11,58.85,58.95,14286200
2016-08-17,58.79,59.08,58.54,58.93,12103619
2016-08-18,58.89,59.23,58.8,59.23,17723918
2016-08-19,58.62,58.82,58.45,58.79,12142828
2016-08-22,58.61,58.89,58.5,58.85,10095633
2016-08-23,59.24,59.35,59.08,59.1,12534122
2016-08-24,59.13,59.2,58.88,58.96,12206567
2016-08-25,58.76,58.88,58.66,58.72,10953520
2016-08-26,58.81,59.33,58.11,58.37,19518096
2016-08-29,58.24,58.58,58.22,58.55,10482083
2016-08-30,58.6,58.69,58.36,58.47,10046301
2016-08-31,58.4,58.53,58.14,58.35,20437242
2016-09-01,58.62,58.78,58.41,58.75,18389771
2016-09-02,59.3,59.5,59.11,59.43,19129315
2016-09-06,59.56,59.86,59.54,59.83,14730557
2016-09-07,59.99,60.1,59.75,59.86,17917534
2016-09-08,59.81,59.98,59.62,59.69,15572694
2016-09-09,59.25,59.25,58.51,58.53,23547041
2016-09-12,58.1,59.04,58.04,59.01,26966758
2016-09-13,58.25,58.36,57.57,57.82,24865867
2016-09-14,57.74,58.06,57.63,57.74,16841515
2016-09-15,57.79,58.34,57.63,58.24,25111301
2016-09-16,57.61,57.64,57.33,57.49,47897877
2016-09-19,58.06,58.14,57.74,57.79,24184443
2016-09-20,58.34,58.39,58.06,58.14,23968187
2016-09-21,58.7,59.22,58.49,59.16,28804005
2016-09-22,60.03,60.16,59.69,59.76,27047567
2016-09-23,59.28,59.45,59.24,59.26,19379989
2016-09-26,58.75,58.83,58.62,58.71,23824929
2016-09-27,58.47,59.0,58.4,58.99,19862148
2016-09-28,59.16,59.43,58.8,59.41,21673420
2016-09-29,59.26,59.39,58.47,58.67,16703807
2016-09-30,58.81,59.29,58.73,59.13,29074597
2016-10-03,58.97,59.08,58.84,58.97,17903551
2016-10-04,59.24,59.35,58.73,58.96,28707492
2016-10-05,59.18,59.29,59.04,59.2,14774310
2016-10-06,58.9,58.94,58.72,58.88,11592223
2016-10-07,58.63,58.68,58.12,58.58,16684917
2016-10-10,58.68,58.9,58.65,58.75,7860730
2016-10-11,58.48,58.5,57.75,57.92,18434586
2016-10-12,57.84,57.94,57.63,57.79,13537312
2016-10-13,57.15,57.7,56.99,57.57,13090873
2016-10-14,57.96,58.07,57.65,57.67,19288382
2016-10-17,57.54,57.66,57.4,57.5,12640990
2016-10-18,58.19,58.24,57.98,58.07,13027968
2016-10-19,58.16,58.37,58.12,58.23,12500141
2016-10-20,58.15,58.43,58.09,58.32,9959038
2016-10-21,57.92,58.21,57.86,58.19,12584854
2016-10-24,58.36,58.37,58.04,58.18,12722999
2016-10-25,58.05,58.19,57.91,58.14,12430402
2016-10-26,57.84,58.07,57.76,57.88,12169527
2016-10-27,58.01,58.04,57.75,57.81,9309344
2016-10-28,57.71,57.92,57.64,57.79,15377759
2016-10-31,57.75,57.9,57.58,57.82,19266193
2016-11-01,57.96,57.98,57.38,57.57,19495189
2016-11-02,57.53,57.61,57.1,57.18,17538942
2016-11-03,57.38,57.42,57.04,57.12,12959140
2016-11-04,56.74,56.91,56.54,56.57,17423767
2016-11-07,57.28,57.38,57.15,57.35,21383605
2016-11-08,57.18,57.68,57.13,57.51,17403906
2016-11-09,57.07,57.79,57.01,57.56,27175074
2016-11-10,57.53,57.67,56.93,57.4,37382769
2016-11-11,57.14,57.2,56.74,57.05,18430069
2016-11-14,56.63,56.75,56.48,56.74,20650883
2016-11-15,56.59,57.02,56.53,56.99,15311744
2016-11-16,56.43,56.62,56.34,56.39,22261240
2016-11-17,56.67,56.89,56.62,56.82,18392068
2016-11-18,56.31,56.38,56.1,56.2,17047302
2016-11-21,56.42,56.71,56.41,56.68,18504525
2016-11-22,56.81,56.85,56.58,56.82,17866530
2016-11-23,56.25,56.62,56.19,56.62,13840294
2016-11-25,56.82,56.83,56.71,56.79,7842848
2016-11-28,56.63,56.69,56.46,56.49,13607989
2016-11-29,56.53,56.98,56.47,56.85,14719758
2016-11-30,56.98,56.99,56.7,56.79,23874742
2016-12-01,56.73,56.76,56.49,56.57,22693496
2016-12-02,56.47,56.84,56.4,56.71,16077721
2016-12-05,57.0,57.38,56.99,57.27,19686243
2016-12-06,57.33,57.74,57.3,57.66,19217453
2016-12-07,57.88,58.62,57.86,58.52,25749322
2016-12-08,58.41,58.57,58.27,58.47,23426982
2016-12-09,58.47,58.72,58.43,58.72,20886461
2016-12-12,58.5,58.69,58.39,58.46,16612743
2016-12-13,58.98,59.25,58.95,59.09,22116770
2016-12-14,58.96,59.09,58.13,58.22,26473655
2016-12-15,58.0,58.19,57.96,58.09,25317931
2016-12-16,58.05,58.29,58.02,58.13,24359092
2016-12-19,58.16,58.31,58.04,58.04,17705190
2016-12-20,58.11,58.29,58.07,58.24,17813524
2016-12-21,57.65,57.7,57.58,57.66,17793946
2016-12-22,57.62,57.69,57.51,57.53,16310189
2016-12-23,57.58,57.68,57.54,57.68,14821551
2016-12-27,57.63,57.72,57.6,57.61,13327687
2016-12-28,57.56,57.58,57.31,57.39,19569395
2016-12-29,57.5,57.66,57.48,57.53,16406129
2016-12-30,57.97,57.98,57.6,57.73,25265987
2017-01-03,57.95,58.11,57.85,58.09,27938327
2017-01-04,58.4,58.78,58.35,58.75,25670022
2017-01-05,58.9,59.31,58.9,59.25,22063115
2017-01-06,58.97,59.11,58.91,59.05,22073717
2017-01-09,58.83,58.99,58.75,58.96,13962351
2017-01-10,58.92,59.13,58.92,58.97,16296577
2017-01-11,58.85,59.3,58.78,59.28,31352400
2017-01-12,59.36,59.38,59.11,59.37,25127259
2017-01-13,59.42,59.6,59.33,59.59,20901856
2017-01-17,59.41,59.44,59.27,59.37,22524825
2017-01-18,59.19,59.32,59.02,59.2,14581351
2017-01-19,59.1,59.18,58.87,59.05,17619274
2017-01-20,59.26,59.41,59.18,59.39,24974054
2017-01-23,59.31,59.54,59.18,59.54,43093617
2017-01-24,59.44,59.72,59.42,59.69,18175974
2017-01-25,60.01,60.33,59.99,60.31,27237612
2017-01-26,60.19,60.25,59.99,60.07,20838845
2017-01-27,60.02,60.05,59.86,59.97,13061016
2017-01-30,59.45,59.58,59.26,59.54,19146191
2017-01-31,59.65,59.74,59.39,59.63,29996755
2017-02-01,60.0,60.03,59.71,59.87,26726436
2017-02-02,59.92,59.99,59.73,59.9,14796655
2017-02-03,60.01,60.18,59.93,60.14,13963766
2017-02-06,59.52,59.71,59.48,59.71,16220209
2017-02-07,59.58,59.68,59.53,59.65,12123012
2017-02-08,59.59,59.81,59.52,59.75,16749223
2017-02-09,59.83,60.02,59.75,60.0,14299559
2017-02-10,59.93,60.18,59.91,60.14,13212119
2017-02-13,60.39,60.47,60.28,60.38,12694444
2017-02-14,60.17,60.29,59.92,60.29,14256634
2017-02-15,60.03,60.52,60.01,60.52,15460127
2017-02-16,60.54,60.66,60.46,60.66,14416534
2017-02-17,60.32,60.52,60.27,60.5,14938004
2017-02-21,60.44,60.7,60.42,60.7,11550324
2017-02-22,60.39,60.74,60.39,60.7,17129440
2017-02-23,60.88,60.93,60.66,60.83,12410639
2017-02-24,60.17,60.43,60.14,60.39,16198702
2017-02-27,60.19,60.44,60.18,60.43,14039003
2017-02-28,60.32,60.52,60.23,60.34,20439108
2017-03-01,60.75,61.12,60.73,60.97,20198030
2017-03-02,60.71,60.78,60.56,60.57,16452808
2017-03-03,60.7,61.0,60.61,60.93,19149128
2017-03-06,60.73,60.75,60.57,60.74,10965776
2017-03-07,60.47,60.63,60.38,60.53,16308775
2017-03-08,60.49,60.55,60.25,60.31,11568222
2017-03-09,60.47,60.57,60.38,60.54,13369268
2017-03-10,60.96,61.12,60.85,61.05,18987899
2017-03-13,61.2,61.38,61.19,61.37,19718711
2017-03-14,60.92,60.97,60.79,60.9,15953540
2017-03-15,61.03,61.78,61.02,61.77,22841075
2017-03-16,62.1,62.13,61.93,62.07,24380124
2017-03-17,62.18,62.35,62.06,62.23,20697447
2017-03-20,62.25,62.34,62.02,62.1,13484415
2017-03-21,62.58,62.63,61.78,61.82,23331513
2017-03-22,61.62,61.89,61.57,61.83,14492777
2017-03-23,61.73,62.1,61.73,61.97,25394787
2017-03-24,62.11,62.27,62.04,62.14,25264511
2017-03-27,62.09,62.38,62.02,62.3,30294538
2017-03-28,62.39,62.65,62.36,62.6,23196000
2017-03-29,62.29,62.63,62.28,62.6,19090764
2017-03-30,62.43,62.55,62.32,62.38,16049834
2017-03-31,62.11,62.36,62.05,62.29,30871662
2017-04-03,62.19,62.24,61.76,62.2,32855183
2017-04-04,61.93,62.18,61.85,62.18,16793755
2017-04-05,62.13,62.29,61.82,61.85,22710372
2017-04-06,61.88,61.98,61.75,61.86,17795850
2017-04-07,61.75,61.93,61.74,61.82,15848922
2017-04-10,61.73,61.85,61.68,61.75,11321509
2017-04-11,62.0,62.07,61.62,62.04,18663098
2017-04-12,61.95,62.03,61.72,61.99,25046026
2017-04-13,61.7,61.78,61.53,61.59,16760126
2017-04-17,61.85,62.02,61.84,61.97,15573493
2017-04-18,61.55,61.69,61.35,61.69,21171092
2017-04-19,61.76,61.8,61.37,61.44,13263137
2017-04-20,61.96,62.1,61.92,61.93,20485317
2017-04-21,61.93,62.02,61.84,61.97,18989833
2017-04-24,63.41,63.61,63.38,63.54,32694852
2017-04-25,63.85,64.08,63.78,63.99,24975216
2017-04-26,63.81,64.03,63.81,63.81,20489577
2017-04-27,63.92,63.92,63.75,63.87,13855740
2017-04-28,63.89,63.91,63.77,63.8,25361248
2017-05-01,63.99,64.2,63.91,64.06,22211439
2017-05-02,64.25,64.42,64.19,64.39,23499960
2017-05-03,64.22,64.33,64.1,64.26,12811038
2017-05-04,64.48,64.89,64.42,64.87,16359729
2017-05-05,64.94,65.59,64.92,65.59,18990865
2017-05-08,65.1,65.11,64.96,65.1,19823837
2017-05-09,64.98,65.04,64.81,64.94,28186609
2017-05-10,64.98,65.04,64.89,65.04,18524300
2017-05-11,64.77,64.9,64.61,64.88,18381620
2017-05-12,64.94,65.24,64.94,65.24,27683031
2017-05-15,65.38,65.57,65.36,65.57,20493923
2017-05-16,65.95,66.0,65.86,65.99,21931150
2017-05-17,65.67,65.75,65.22,65.24,30198705
2017-05-18,65.08,65.4,65.02,65.35,19242621
2017-05-19,65.81,66.12,65.78,66.11,34855460
2017-05-22,66.18,66.31,66.11,66.19,14692607
2017-05-23,66.34,66.38,66.11,66.2,12489175
2017-05-24,66.02,66.25,65.98,66.24,15090562
2017-05-25,66.24,66.34,66.15,66.24,13265325
2017-05-26,65.87,66.06,65.85,66.05,25971514
2017-05-30,65.87,66.03,65.85,65.98,14415333
2017-05-31,66.32,66.38,66.02,66.06,31167901
2017-06-01,66.31,66.5,66.24,66.49,25610013
2017-06-02,66.96,67.24,66.86,67.22,22765290
2017-06-05,66.86,66.9,66.77,66.85,14304505
2017-06-06,66.58,66.71,66.56,66.66,11387187
2017-06-07,66.77,66.88,66.45,66.68,15346442
2017-06-08,66.42,66.57,66.34,66.56,15425213
2017-06-09,66.22,66.46,66.06,66.31,20807919
2017-06-12,66.12,66.19,65.91,66.06,17937219
2017-06-13,66.47,66.61,66.38,66.57,19123669
2017-06-14,66.95,66.96,66.3,66.52,18739460
2017-06-15,65.51,65.87,65.49,65.83,22870874
2017-06-16,66.15,66.41,66.07,66.39,24571484
2017-06-19,66.64,66.79,66.6,66.66,26706140
2017-06-20,65.42,65.43,64.92,65.07,23798528
2017-06-21,64.92,65.05,64.83,64.99,10988982
2017-06-22,64.97,65.1,64.89,64.98,13521741
2017-06-23,64.99,65.24,64.9,65.14,15138723
2017-06-26,65.56,65.62,65.22,65.25,21872781
2017-06-27,65.28,65.44,65.17,65.24,17465990
2017-06-28,65.49,65.87,65.46,65.81,26317334
2017-06-29,65.61,65.62,64.88,65.16,35923299
2017-06-30,65.33,65.35,64.82,65.2,28866120
2017-07-03,65.12,65.28,65.1,65.12,9564258
2017-07-05,64.93,65.16,64.82,65.12,26253260
2017-07-06,64.7,64.97,64.63,64.83,23380561
2017-07-07,64.65,64.92,64.56,64.84,18885683
2017-07-10,64.8,65.02,64.76,65.0,10674838
2017-07-11,64.83,65.16,64.74,65.15,13584042
2017-07-12,65.55,65.74,65.53,65.67,15995594
2017-07-13,65.75,65.91,65.66,65.86,22520673
2017-07-14,66.05,66.34,66.0,66.32,14145120
2017-07-17,66.19,66.28,66.12,66.19,10326109
2017-07-18,66.13,66.25,66.08,66.25,11718193
2017-07-19,66.36,66.54,66.35,66.54,12542325
2017-07-20,66.71,66.85,66.6,66.81,13792660
2017-07-21,66.46,66.55,66.24,66.55,18406666
2017-07-24,66.25,66.39,66.08,66.37,17486072
2017-07-25,66.71,66.74,66.44,66.46,12297572
2017-07-26,66.65,66.98,66.54,66.87,19186673
2017-07-27,67.0,67.04,66.5,66.72,13754370
2017-07-28,66.55,66.8,66.48,66.79,15080777
2017-07-31,,67.01,,66.93,20998839
2017-08-01,67.44,67.54,67.3,67.3,16198137
2017-08-02,67.34,67.42,67.16,67.33,8948292
2017-08-03,67.31,67.49,67.26,67.37,11245858
2017-08-04,67.44,67.51,67.2,67.46,14178018
2017-08-07,67.32,67.5,67.32,67.49,11865550
2017-08-08,67.37,67.46,67.09,67.13,13510148
2017-08-09,66.73,67.05,66.69,67.02,15080071
2017-08-10,66.62,66.62,66.01,66.07,28825121
2017-08-11,66.03,66.13,65.86,65.95,27456383
2017-08-14,66.43,66.6,66.4,66.43,13311526
2017-08-15,66.35,66.42,66.14,66.38,13212246
2017-08-16,66.6,66.84,66.58,66.76,14030746
2017-08-17,66.52,66.63,66.01,66.01,18647651
2017-08-18,66.12,66.33,65.99,66.19,16347571
2017-08-21,66.16,66.27,66.0,66.17,11760780
2017-08-22,66.31,66.52,66.29,66.49,11528833
2017-08-23,66.3,66.51,66.29,66.5,13007120
2017-08-24,66.52,66.59,66.34,66.35,13150630
2017-08-25,66.59,66.91,66.57,66.75,14942022
2017-08-28,66.82,66.85,66.7,66.75,13422075
2017-08-29,66.38,66.65,66.36,66.48,11536905
2017-08-30,66.37,66.45,66.28,66.39,10510516
2017-08-31,66.65,66.95,66.62,66.9,20277854
2017-09-01,67.15,67.17,66.95,66.99,15541793
2017-09-05,66.82,66.93,66.32,66.54,18682342
2017-09-06,66.9,67.1,66.82,66.95,21335549
2017-09-07,67.5,67.53,67.33,67.5,14599315
2017-09-08,67.66,67.69,67.51,67.51,16168817
2017-09-11,67.96,68.16,67.95,68.04,19127344
2017-09-12,68.16,68.29,68.16,68.25,11803025
2017-09-13,68.11,68.15,67.82,67.88,14672788
2017-09-14,67.76,68.01,67.74,68.0,14862297
2017-09-15,68.06,68.1,67.94,68.06,16315460
2017-09-18,68.23,68.34,68.02,68.15,13594857
2017-09-19,68.43,68.49,68.3,68.47,8877234
2017-09-20,68.49,68.71,68.0,68.32,15310031
2017-09-21,68.16,68.28,68.09,68.18,10250095
2017-09-22,68.38,68.5,68.32,68.39,8442844
2017-09-25,68.11,68.27,67.87,68.0,13473887
2017-09-26,67.89,67.94,67.64,67.85,20026560
2017-09-27,67.76,68.0,67.72,67.9,17751478
2017-09-28,67.9,68.18,67.9,68.08,11703999
2017-09-29,68.21,68.55,68.11,68.48,24981424
2017-10-02,68.27,68.49,68.24,68.42,16475611
2017-10-03,68.46,68.66,68.43,68.65,12073347
2017-10-04,68.47,68.59,68.46,68.52,12518569
2017-10-05,68.39,68.51,68.35,68.48,11871206
2017-10-06,68.17,68.44,68.14,68.43,16923310
2017-10-09,68.52,68.54,68.39,68.45,5155649
2017-10-10,68.85,69.11,68.79,69.1,16626738
2017-10-11,69.07,69.13,69.06,69.09,1257694
2017-10-12,69.15,69.33,69.09,69.21,10774094
2017-10-13,69.6,69.66,69.51,69.57,12928940
2017-10-16,69.57,69.62,69.46,69.52,8800647
2017-10-17,69.35,69.39,69.21,69.34,8287031
2017-10-18,69.45,69.57,69.36,69.54,11793348
2017-10-19,69.23,69.43,69.19,69.43,10368293
2017-10-20,69.38,69.38,69.23,69.34,12636297
2017-10-23,69.37,69.4,69.14,69.19,8422226
2017-10-24,69.28,69.44,69.2,69.3,10586482
2017-10-25,69.27,69.31,68.77,69.03,11495505
2017-10-26,69.21,69.26,69.01,69.02,12355519
2017-10-27,68.98,69.2,68.88,69.18,18853789
2017-10-30,69.22,69.36,69.2,69.34,14308493
2017-10-31,69.48,69.67,69.4,69.63,24418400
2017-11-01,69.93,70.0,69.67,69.7,23674532
2017-11-02,69.65,69.91,69.62,69.91,20430941
2017-11-03,69.8,69.8,69.56,69.8,14078690
2017-11-06,69.61,69.92,69.6,69.9,11959012
2017-11-07,69.77,69.86,69.46,69.64,13024198
2017-11-08,69.75,69.98,69.71,69.87,15924200
2017-11-09,69.29,69.5,69.04,69.47,22576983
2017-11-10,69.24,69.36,69.13,69.28,11070803
2017-11-13,68.59,69.02,68.58,68.99,13605167
2017-11-14,68.86,68.99,68.7,68.94,13850146
2017-11-15,68.37,68.68,68.28,68.61,18547272
2017-11-16,69.05,69.24,68.97,69.16,17372496
2017-11-17,68.97,69.03,68.84,68.91,24773388
2017-11-20,69.13,69.27,69.06,69.06,20689551
2017-11-21,69.53,69.67,69.49,69.58,17104787
2017-11-22,69.87,69.92,69.55,69.77,17943170
2017-11-24,70.35,70.39,70.25,70.34,11732286
2017-11-27,70.2,70.26,69.92,69.92,17066473
2017-11-28,70.14,70.34,70.01,70.32,19389402
2017-11-29,70.37,70.43,69.94,70.04,19328349
2017-11-30,70.33,70.41,70.05,70.11,24443366
2017-12-01,69.76,70.01,69.48,69.83,33370410
