Date,,US Large-Cap Balanced,US Mid-Cap Balanced,US Small-Cap Balanced,US Large-Cap Value,US Small-Cap Value,US Real Estate,International Large-Cap,International Small-Cap,Emerging Markets,Treasury Short-Term,Gold
2010-03-31,US Large-Cap Balanced,1.0,0.9110324203750052,0.867798870502278,0.9246945943722511,0.8448253503188768,0.806624325320703,0.8830393658827458,0.8701514789296556,0.8847439221779829,-0.04087247892275752,0.6790556877279764
2010-03-31,US Mid-Cap Balanced,0.9110324203750052,1.0,0.945944226890238,0.8934433658845105,0.9207962513737991,0.8231878061078144,0.8524673262180199,0.8306443694790241,0.8409574615741815,-0.049332872918725096,0.6085139989039455
2010-03-31,US Small-Cap Balanced,0.867798870502278,0.945944226890238,1.0,0.8349673865411501,0.9867822180722261,0.8137367345837563,0.8139624219152993,0.7923581941931566,0.8039532544012395,-0.04036978273994263,0.5148294087931631
2010-03-31,US Large-Cap Value,0.9246945943722511,0.8934433658845105,0.8349673865411501,1.0,0.8107457823411103,0.8327478204915918,0.8515222120139925,0.847592134849236,0.8352721952527287,-0.09527767357489715,0.6159924472324679
2010-03-31,US Small-Cap Value,0.8448253503188768,0.9207962513737991,0.9867822180722261,0.8107457823411103,1.0,0.798947989563927,0.8053132811258996,0.7726087979829772,0.7776228718135993,-0.015961526731393557,0.49920802406913145
2010-03-31,US Real Estate,0.806624325320703,0.8231878061078144,0.8137367345837563,0.8327478204915918,0.798947989563927,1.0,0.7195634340837769,0.6714262597807801,0.6875044154497949,-0.13311593740184555,0.5074657812872295
2010-03-31,International Large-Cap,0.8830393658827458,0.8524673262180199,0.8139624219152993,0.8515222120139925,0.8053132811258996,0.7195634340837769,1.0,0.9588536646569831,0.9027682098570664,-0.03729355014649931,0.7448365223698196
2010-03-31,International Small-Cap,0.8701514789296556,0.8306443694790241,0.7923581941931566,0.847592134849236,0.7726087979829772,0.6714262597807801,0.9588536646569831,1.0,0.8888647564071337,0.024068317513238117,0.7115277222437284
2010-03-31,Emerging Markets,0.8847439221779829,0.8409574615741815,0.8039532544012395,0.8352721952527287,0.7776228718135993,0.6875044154497949,0.9027682098570664,0.8888647564071337,1.0,-0.06564149959565974,0.6963487874502294
2010-03-31,Treasury Short-Term,-0.04087247892275752,-0.049332872918725096,-0.04036978273994263,-0.09527767357489715,-0.015961526731393557,-0.13311593740184555,-0.03729355014649931,0.024068317513238117,-0.06564149959565974,1.0,-0.10483138013514792
2010-03-31,Gold,0.6790556877279764,0.6085139989039455,0.5148294087931631,0.6159924472324679,0.49920802406913145,0.5074657812872295,0.7448365223698196,0.7115277222437284,0.6963487874502294,-0.10483138013514792,1.0
2010-06-30,US Large-Cap Balanced,1.0,0.9610524644976723,0.9373735091061912,0.9629583680878419,0.9355595175114884,0.8811809841030642,0.9310062312753703,0.9129523506452204,0.9136051390353784,-0.025814022252363154,-0.18961935168371263
2010-06-30,US Mid-Cap Balanced,0.9610524644976723,1.0,0.9836618053370201,0.9308550600149061,0.980583963423646,0.9072123485129026,0.8972098056811395,0.9094621682124489,0.8998189597936409,-0.02197669716903612,-0.12854764047555448
2010-06-30,US Small-Cap Balanced,0.9373735091061912,0.9836618053370201,1.0,0.9050361018596903,0.9973234824358095,0.890771493731041,0.8599063143878205,0.8874805368375827,0.8569409398522627,-0.06195417585795784,-0.11676092288244279
2010-06-30,US Large-Cap Value,0.9629583680878419,0.9308550600149061,0.9050361018596903,1.0,0.9035025401587093,0.8631942555295247,0.9221962837535894,0.8958111955614165,0.9174840596234963,-0.06597847815702611,-0.18993576184952335
2010-06-30,US Small-Cap Value,0.9355595175114884,0.980583963423646,0.9973234824358095,0.9035025401587093,1.0,0.8938864015757579,0.854726471087142,0.8856764504620152,0.8548238139940382,-0.05861231524980713,-0.1032046417610188
2010-06-30,US Real Estate,0.8811809841030642,0.9072123485129026,0.890771493731041,0.8631942555295247,0.8938864015757579,1.0,0.8484326656418967,0.8595811798998462,0.8395579166671917,-0.05196775537928939,-0.12624566226031794
2010-06-30,International Large-Cap,0.9310062312753703,0.8972098056811395,0.8599063143878205,0.9221962837535894,0.854726471087142,0.8484326656418967,1.0,0.9595889347818862,0.9535998865001527,0.005756612533766887,-0.20605952426735394
2010-06-30,International Small-Cap,0.9129523506452204,0.9094621682124489,0.8874805368375827,0.8958111955614165,0.8856764504620152,0.8595811798998462,0.9595889347818862,1.0,0.9369938014918632,-0.011117397932416262,-0.14420276118297273
2010-06-30,Emerging Markets,0.9136051390353784,0.8998189597936409,0.8569409398522627,0.9174840596234963,0.8548238139940382,0.8395579166671917,0.9535998865001527,0.9369938014918632,1.0,0.027411842344924428,-0.15251047942387974
2010-06-30,Treasury Short-Term,-0.025814022252363154,-0.02197669716903612,-0.06195417585795784,-0.06597847815702611,-0.05861231524980713,-0.05196775537928939,0.005756612533766887,-0.011117397932416262,0.027411842344924428,1.0,-0.17124445635067023
2010-06-30,Gold,-0.18961935168371263,-0.12854764047555448,-0.11676092288244279,-0.18993576184952335,-0.1032046417610188,-0.12624566226031794,-0.20605952426735394,-0.14420276118297273,-0.15251047942387974,-0.17124445635067023,1.0
2010-09-30,US Large-Cap Balanced,1.0,0.9573098644298262,0.9163559851350649,0.9658277001915282,0.9122912230815021,0.8840971847681179,0.908915311045974,0.8852676046643354,0.8705914269320283,0.11351117852749706,0.13408695717600902
2010-09-30,US Mid-Cap Balanced,0.9573098644298262,1.0,0.9734076085566491,0.9350545250603133,0.9664547397873345,0.8960681548416465,0.8717616548950231,0.8621004780663362,0.8817485686736634,0.16765050281560534,0.213741543826359
2010-09-30,US Small-Cap Balanced,0.9163559851350649,0.9734076085566491,1.0,0.8924934166551665,0.9958346021263619,0.8867218922945572,0.832259306995439,0.8177864834110926,0.8387099241910536,0.1813736126800805,0.1950874243190018
2010-09-30,US Large-Cap Value,0.9658277001915282,0.9350545250603133,0.8924934166551665,1.0,0.8968362766814086,0.8676127774435909,0.8987632140213988,0.8658676037800889,0.8652630219313838,0.12516851918626398,0.16346436095861364
2010-09-30,US Small-Cap Value,0.9122912230815021,0.9664547397873345,0.9958346021263619,0.8968362766814086,1.0,0.8889855286526372,0.832261623731869,0.8133390910822246,0.8371717894925634,0.16348210774544833,0.18371462758366694
2010-09-30,US Real Estate,0.8840971847681179,0.8960681548416465,0.8867218922945572,0.8676127774435909,0.8889855286526372,1.0,0.7667851478104186,0.7195758345532225,0.7530651239518256,0.11879079553933584,0.15624692088283962
2010-09-30,International Large-Cap,0.908915311045974,0.8717616548950231,0.832259306995439,0.8987632140213988,0.832261623731869,0.7667851478104186,1.0,0.9699611331948381,0.9068544607325358,-0.029932326347069476,0.04039806894395063
2010-09-30,International Small-Cap,0.8852676046643354,0.8621004780663362,0.8177864834110926,0.8658676037800889,0.8133390910822246,0.7195758345532225,0.9699611331948381,1.0,0.8961164720697445,-0.06141043525224692,0.026183531527347655
2010-09-30,Emerging Markets,0.8705914269320283,0.8817485686736634,0.8387099241910536,0.8652630219313838,0.8371717894925634,0.7530651239518256,0.9068544607325358,0.8961164720697445,1.0,0.08011856134702114,0.08621104152658858
2010-09-30,Treasury Short-Term,0.11351117852749706,0.16765050281560534,0.1813736126800805,0.12516851918626398,0.16348210774544833,0.11879079553933584,-0.029932326347069476,-0.06141043525224692,0.08011856134702114,1.0,0.24585601677003324
2010-09-30,Gold,0.13408695717600902,0.213741543826359,0.1950874243190018,0.16346436095861364,0.18371462758366694,0.15624692088283962,0.04039806894395063,0.026183531527347655,0.08621104152658858,0.24585601677003324,1.0
2010-12-31,US Large-Cap Balanced,1.0,0.9057142332928412,0.8437385846397538,0.9400827518116578,0.8705840967684996,0.7005527073226472,0.8447156390972804,0.7559305918971795,0.8340259535187627,0.04510649328650059,0.4505493596359683
2010-12-31,US Mid-Cap Balanced,0.9057142332928412,1.0,0.9440447282986463,0.8663980434239227,0.9286602444480389,0.7165707196937458,0.7884575457661123,0.7206004287966923,0.8130472760905721,0.030675200972777927,0.47109433811383133
2010-12-31,US Small-Cap Balanced,0.8437385846397538,0.9440447282986463,1.0,0.8365759147068451,0.983221484018934,0.6862056529661495,0.7643092334386825,0.6722429418669561,0.7531245985842133,0.08399761185148895,0.5009792913507446
2010-12-31,US Large-Cap Value,0.9400827518116578,0.8663980434239227,0.8365759147068451,1.0,0.8680208980942389,0.7104755668978259,0.8668162824320083,0.7703914631752391,0.8252771126915581,0.04244472225045842,0.5152205817116818
2010-12-31,US Small-Cap Value,0.8705840967684996,0.9286602444480389,0.983221484018934,0.8680208980942389,1.0,0.7047305527789691,0.7804382380074997,0.6799687593695363,0.7613143998433725,0.08023806177186728,0.5069051279433148
2010-12-31,US Real Estate,0.7005527073226472,0.7165707196937458,0.6862056529661495,0.7104755668978259,0.7047305527789691,1.0,0.563484719526234,0.5311749939792245,0.6500818909244808,-0.02116055885438705,0.44047780191663205
2010-12-31,International Large-Cap,0.8447156390972804,0.7884575457661123,0.7643092334386825,0.8668162824320083,0.7804382380074997,0.563484719526234,1.0,0.9244197888991689,0.8770989636892944,0.1365648272961536,0.4651807591855745
2010-12-31,International Small-Cap,0.7559305918971795,0.7206004287966923,0.6722429418669561,0.7703914631752391,0.6799687593695363,0.5311749939792245,0.9244197888991689,1.0,0.8442442249912402,0.08353818829216438,0.40508509272613985
2010-12-31,Emerging Markets,0.8340259535187627,0.8130472760905721,0.7531245985842133,0.8252771126915581,0.7613143998433725,0.6500818909244808,0.8770989636892944,0.8442442249912402,1.0,0.036504990229798424,0.5495989684515152
2010-12-31,Treasury Short-Term,0.04510649328650059,0.030675200972777927,0.08399761185148895,0.04244472225045842,0.08023806177186728,-0.02116055885438705,0.1365648272961536,0.08353818829216438,0.036504990229798424,1.0,0.06231980005777292
2010-12-31,Gold,0.4505493596359683,0.47109433811383133,0.5009792913507446,0.5152205817116818,0.5069051279433148,0.44047780191663205,0.4651807591855745,0.40508509272613985,0.5495989684515152,0.06231980005777292,1.0
2011-03-31,US Large-Cap Balanced,1.0,0.8678785660419461,0.8346938545640357,0.9136985826946916,0.8392892804446489,0.7196333007053852,0.87680479119869,0.8004446967891937,0.7852749192616728,0.09913422298587495,-0.09085838209328381
2011-03-31,US Mid-Cap Balanced,0.8678785660419461,1.0,0.9619783222228813,0.7747663629621808,0.9511378191809674,0.7631137281754934,0.7506753629356014,0.7204838411014001,0.7552519698512542,0.04201447738335146,-0.04480121061784738
2011-03-31,US Small-Cap Balanced,0.8346938545640357,0.9619783222228813,1.0,0.7660426059751922,0.9908654854331406,0.7425827938797825,0.7188626422977957,0.7071398236315446,0.7449378042730262,0.11022699973141371,-0.02961203224268024
2011-03-31,US Large-Cap Value,0.9136985826946916,0.7747663629621808,0.7660426059751922,1.0,0.7886787462265755,0.6990003228280732,0.8688939804463001,0.8318192334092485,0.7871800825298909,0.09142583406693972,-0.025186920765281097
2011-03-31,US Small-Cap Value,0.8392892804446489,0.9511378191809674,0.9908654854331406,0.7886787462265755,1.0,0.7492815235387053,0.7338808559379757,0.7250785430525154,0.765267303960625,0.11742151903683061,-0.0005017419547470181
2011-03-31,US Real Estate,0.7196333007053852,0.7631137281754934,0.7425827938797825,0.6990003228280732,0.7492815235387053,1.0,0.6081465224258895,0.555270737821979,0.4878685245570297,0.052676835016382845,-0.14540728689290405
2011-03-31,International Large-Cap,0.87680479119869,0.7506753629356014,0.7188626422977957,0.8688939804463001,0.7338808559379757,0.6081465224258895,1.0,0.9547395413654041,0.7873629662478075,0.1077261357399777,0.06899113168576144
2011-03-31,International Small-Cap,0.8004446967891937,0.7204838411014001,0.7071398236315446,0.8318192334092485,0.7250785430525154,0.555270737821979,0.9547395413654041,1.0,0.7616156295711061,0.12413373259694226,0.1699862325030618
2011-03-31,Emerging Markets,0.7852749192616728,0.7552519698512542,0.7449378042730262,0.7871800825298909,0.765267303960625,0.4878685245570297,0.7873629662478075,0.7616156295711061,1.0,0.1050686061122555,0.0540827143272611
2011-03-31,Treasury Short-Term,0.09913422298587495,0.04201447738335146,0.11022699973141371,0.09142583406693972,0.11742151903683061,0.052676835016382845,0.1077261357399777,0.12413373259694226,0.1050686061122555,1.0,0.10896322763883384
2011-03-31,Gold,-0.09085838209328381,-0.04480121061784738,-0.02961203224268024,-0.025186920765281097,-0.0005017419547470181,-0.14540728689290405,0.06899113168576144,0.1699862325030618,0.0540827143272611,0.10896322763883384,1.0
2011-06-30,US Large-Cap Balanced,1.0,0.8277941378036007,0.821874445316356,0.9058447419952645,0.836235259456036,0.7361926670775314,0.8086083504743615,0.8036174804992435,0.7469609047326435,-0.033050178502590496,0.37570210677447613
2011-06-30,US Mid-Cap Balanced,0.8277941378036007,1.0,0.9434693661958151,0.8292882848247768,0.9228351971061615,0.6592959285316647,0.7697032468961648,0.7747912088156359,0.8220114566295942,0.042302741006904704,0.3141210014898308
2011-06-30,US Small-Cap Balanced,0.821874445316356,0.9434693661958151,1.0,0.8327420135390893,0.9889840764587567,0.6960239875222656,0.7785184845236149,0.7815198779831344,0.7876433874423305,0.06453460382213892,0.2822863287407322
2011-06-30,US Large-Cap Value,0.9058447419952645,0.8292882848247768,0.8327420135390893,1.0,0.8456025654089415,0.7082880291344518,0.862606066639309,0.8543610031644121,0.7838927286929586,0.04972299705393991,0.4096282152071499
2011-06-30,US Small-Cap Value,0.836235259456036,0.9228351971061615,0.9889840764587567,0.8456025654089415,1.0,0.71766384234503,0.7801180155790628,0.782821192996148,0.7810844128787525,0.06703644608961466,0.2685122660105161
2011-06-30,US Real Estate,0.7361926670775314,0.6592959285316647,0.6960239875222656,0.7082880291344518,0.71766384234503,1.0,0.701701319673521,0.6751220318007626,0.577813439587297,-0.08343996365362816,0.20919325553190612
2011-06-30,International Large-Cap,0.8086083504743615,0.7697032468961648,0.7785184845236149,0.862606066639309,0.7801180155790628,0.701701319673521,1.0,0.9624154789523636,0.8564039828221317,-0.02259446173462151,0.2690972666333537
2011-06-30,International Small-Cap,0.8036174804992435,0.7747912088156359,0.7815198779831344,0.8543610031644121,0.782821192996148,0.6751220318007626,0.9624154789523636,1.0,0.856428833846515,-0.03950731924973466,0.36008440909916717
2011-06-30,Emerging Markets,0.7469609047326435,0.8220114566295942,0.7876433874423305,0.7838927286929586,0.7810844128787525,0.577813439587297,0.8564039828221317,0.856428833846515,1.0,-0.029435524744221044,0.2524165214057963
2011-06-30,Treasury Short-Term,-0.033050178502590496,0.042302741006904704,0.06453460382213892,0.04972299705393991,0.06703644608961466,-0.08343996365362816,-0.02259446173462151,-0.03950731924973466,-0.029435524744221044,1.0,0.03973813271622834
2011-06-30,Gold,0.37570210677447613,0.3141210014898308,0.2822863287407322,0.4096282152071499,0.2685122660105161,0.20919325553190612,0.2690972666333537,0.36008440909916717,0.2524165214057963,0.03973813271622834,1.0
2011-09-30,US Large-Cap Balanced,1.0,0.9514180480866963,0.9452098213854075,0.9590045241117985,0.9440169886673693,0.8822154633740824,0.9333722217961541,0.9078228969433484,0.9100119652529771,0.014147671457198363,-0.3760386437374744
2011-09-30,US Mid-Cap Balanced,0.9514180480866963,1.0,0.9885196683757441,0.9479864479435566,0.9808135148572996,0.9416127621033353,0.9204523763007435,0.9152898846466178,0.9256981154913353,0.006932166886357196,-0.3209817824917266
2011-09-30,US Small-Cap Balanced,0.9452098213854075,0.9885196683757441,1.0,0.9417878419471776,0.996162607628164,0.9268791746725091,0.9194879073232664,0.9106514541268663,0.9188559483051568,0.04550123437425747,-0.3620569979541153
2011-09-30,US Large-Cap Value,0.9590045241117985,0.9479864479435566,0.9417878419471776,1.0,0.9471797417183002,0.909110665700403,0.9447450939964428,0.9221787729247909,0.9247568942149158,0.05416189824722419,-0.30964624556011
2011-09-30,US Small-Cap Value,0.9440169886673693,0.9808135148572996,0.996162607628164,0.9471797417183002,1.0,0.9300068636597454,0.919404085350253,0.9111249870796851,0.9157200834312857,0.06247663855130202,-0.3661950435314533
2011-09-30,US Real Estate,0.8822154633740824,0.9416127621033353,0.9268791746725091,0.909110665700403,0.9300068636597454,1.0,0.883979196864406,0.9011867156193062,0.8844934596930809,0.030175600098166,-0.23037080405831084
2011-09-30,International Large-Cap,0.9333722217961541,0.9204523763007435,0.9194879073232664,0.9447450939964428,0.919404085350253,0.883979196864406,1.0,0.9760350596806141,0.9372724577636977,-0.01573238875300931,-0.28792211037968735
2011-09-30,International Small-Cap,0.9078228969433484,0.9152898846466178,0.9106514541268663,0.9221787729247909,0.9111249870796851,0.9011867156193062,0.9760350596806141,1.0,0.9237109290095202,0.015380066664008594,-0.26229742664904887
2011-09-30,Emerging Markets,0.9100119652529771,0.9256981154913353,0.9188559483051568,0.9247568942149158,0.9157200834312857,0.8844934596930809,0.9372724577636977,0.9237109290095202,1.0,-0.03428472610182756,-0.2564466150941679
2011-09-30,Treasury Short-Term,0.014147671457198363,0.006932166886357196,0.04550123437425747,0.05416189824722419,0.06247663855130202,0.030175600098166,-0.01573238875300931,0.015380066664008594,-0.03428472610182756,1.0,-0.09461137441551502
2011-09-30,Gold,-0.3760386437374744,-0.3209817824917266,-0.3620569979541153,-0.30964624556011,-0.3661950435314533,-0.23037080405831084,-0.28792211037968735,-0.26229742664904887,-0.2564466150941679,-0.09461137441551502,1.0
2011-12-30,US Large-Cap Balanced,1.0,0.9438836284841405,0.9251469159253283,0.9765941385417456,0.9326812936845199,0.9068368662752352,0.9374424040744457,0.9127967450166796,0.9115253678974689,0.12490295380184968,0.46224444347297994
2011-12-30,US Mid-Cap Balanced,0.9438836284841405,1.0,0.9827806284893089,0.9324016829307213,0.9771319955321841,0.9181824067616178,0.9225857962325658,0.9045907540612433,0.9194233268306226,0.12997569846598592,0.425161116295132
2011-12-30,US Small-Cap Balanced,0.9251469159253283,0.9827806284893089,1.0,0.9086970790161953,0.9949503931027533,0.9082955562179471,0.9048784492346243,0.8811502390527294,0.8947949748779553,0.1455823503702138,0.3875531751130521
2011-12-30,US Large-Cap Value,0.9765941385417456,0.9324016829307213,0.9086970790161953,1.0,0.9169852325279496,0.8749734641810036,0.9389144867428371,0.9121177656182137,0.9062245633201351,0.10744681492417928,0.4647465978018471
2011-12-30,US Small-Cap Value,0.9326812936845199,0.9771319955321841,0.9949503931027533,0.9169852325279496,1.0,0.9188418893511264,0.8985335566033099,0.8782198901757974,0.8888454722775236,0.1509375083094231,0.37614509403781765
2011-12-30,US Real Estate,0.9068368662752352,0.9181824067616178,0.9082955562179471,0.8749734641810036,0.9188418893511264,1.0,0.8557740845448434,0.8564342434503891,0.8630336276905491,0.19545973071942535,0.3745068422358247
2011-12-30,International Large-Cap,0.9374424040744457,0.9225857962325658,0.9048784492346243,0.9389144867428371,0.8985335566033099,0.8557740845448434,1.0,0.9734578008147446,0.9383209241241266,0.10763903792650534,0.5260309300790831
2011-12-30,International Small-Cap,0.9127967450166796,0.9045907540612433,0.8811502390527294,0.9121177656182137,0.8782198901757974,0.8564342434503891,0.9734578008147446,1.0,0.9265036580206732,0.09442465333435764,0.5163907106275273
2011-12-30,Emerging Markets,0.9115253678974689,0.9194233268306226,0.8947949748779553,0.9062245633201351,0.8888454722775236,0.8630336276905491,0.9383209241241266,0.9265036580206732,1.0,0.03879576783044635,0.5787825520412577
2011-12-30,Treasury Short-Term,0.12490295380184968,0.12997569846598592,0.1455823503702138,0.10744681492417928,0.1509375083094231,0.19545973071942535,0.10763903792650534,0.09442465333435764,0.03879576783044635,1.0,-0.021683370201612817
2011-12-30,Gold,0.46224444347297994,0.425161116295132,0.3875531751130521,0.4647465978018471,0.37614509403781765,0.3745068422358247,0.5260309300790831,0.5163907106275273,0.5787825520412577,-0.021683370201612817,1.0
2012-03-30,US Large-Cap Balanced,1.0,0.8646499505562739,0.8448356016169667,0.8946733722158021,0.8528323815548878,0.6515076279167796,0.8619894595765625,0.7935553627456424,0.830042886333341,-0.3328272640052816,0.31593979300196373
2012-03-30,US Mid-Cap Balanced,0.8646499505562739,1.0,0.945154387272707,0.8364002404081285,0.9407438260276318,0.6347547928767054,0.8007242081313412,0.7349984685134813,0.8277316050263244,-0.23767379497753532,0.32456985206451766
2012-03-30,US Small-Cap Balanced,0.8448356016169667,0.945154387272707,1.0,0.8090301044672731,0.9898123870466607,0.6878292658461397,0.7831118205222869,0.7233685168996197,0.7513332681264152,-0.25590953883214207,0.3237363238913803
2012-03-30,US Large-Cap Value,0.8946733722158021,0.8364002404081285,0.8090301044672731,1.0,0.8177438047882337,0.6248760069451775,0.8131309753143461,0.7476094224185582,0.7725704622242711,-0.2670721922757149,0.30671238737452194
2012-03-30,US Small-Cap Value,0.8528323815548878,0.9407438260276318,0.9898123870466607,0.8177438047882337,1.0,0.6905094361460944,0.7781999043036383,0.7238635230922353,0.7444076756023423,-0.26442312687744474,0.32787369949897005
2012-03-30,US Real Estate,0.6515076279167796,0.6347547928767054,0.6878292658461397,0.6248760069451775,0.6905094361460944,1.0,0.5474176466954404,0.5052720494672344,0.5473304257575627,-0.15090611631456527,0.0922376058001772
2012-03-30,International Large-Cap,0.8619894595765625,0.8007242081313412,0.7831118205222869,0.8131309753143461,0.7781999043036383,0.5474176466954404,1.0,0.9557582400514563,0.9018298742230948,-0.2527915910738065,0.4749217117407772
2012-03-30,International Small-Cap,0.7935553627456424,0.7349984685134813,0.7233685168996197,0.7476094224185582,0.7238635230922353,0.5052720494672344,0.9557582400514563,1.0,0.8947400483825214,-0.21846841114045626,0.5083478431013894
2012-03-30,Emerging Markets,0.830042886333341,0.8277316050263244,0.7513332681264152,0.7725704622242711,0.7444076756023423,0.5473304257575627,0.9018298742230948,0.8947400483825214,1.0,-0.2357041297356728,0.4036108356747364
2012-03-30,Treasury Short-Term,-0.3328272640052816,-0.23767379497753532,-0.25590953883214207,-0.2670721922757149,-0.26442312687744474,-0.15090611631456527,-0.2527915910738065,-0.21846841114045626,-0.2357041297356728,1.0,-0.10513438629511333
2012-03-30,Gold,0.31593979300196373,0.32456985206451766,0.3237363238913803,0.30671238737452194,0.32787369949897005,0.0922376058001772,0.4749217117407772,0.5083478431013894,0.4036108356747364,-0.10513438629511333,1.0
2012-06-29,US Large-Cap Balanced,1.0,0.8940823312940951,0.9005473104311885,0.8834209464132534,0.8966340457187576,0.8409374463186146,0.8581472729689363,0.8568151576644731,0.8512953300857737,0.02953640955731948,0.009555976891195129
2012-06-29,US Mid-Cap Balanced,0.8940823312940951,1.0,0.960264122982302,0.798587624833162,0.9448242998309637,0.892974263284654,0.8527659452161358,0.8551224022535909,0.842575614142174,0.019747743122698336,-0.028058230340596933
2012-06-29,US Small-Cap Balanced,0.9005473104311885,0.960264122982302,1.0,0.8057886355530881,0.992524808793834,0.8622602328617051,0.8765957441652664,0.8726005656356162,0.8595114793776502,0.05478378602216362,0.04828184976105484
2012-06-29,US Large-Cap Value,0.8834209464132534,0.798587624833162,0.8057886355530881,1.0,0.8153484372293227,0.7261864590325138,0.8453731560904109,0.8413700469115656,0.8017723558990678,-0.003073943522090596,0.06249973525770651
2012-06-29,US Small-Cap Value,0.8966340457187576,0.9448242998309637,0.992524808793834,0.8153484372293227,1.0,0.8696885950310574,0.8764653753587482,0.8689193574644267,0.8550499998512028,0.055440063716621184,0.054275231253918005
2012-06-29,US Real Estate,0.8409374463186146,0.892974263284654,0.8622602328617051,0.7261864590325138,0.8696885950310574,1.0,0.7839654910248592,0.7781663338043372,0.7552666000400542,0.09192364067186079,-0.060873023516023375
2012-06-29,International Large-Cap,0.8581472729689363,0.8527659452161358,0.8765957441652664,0.8453731560904109,0.8764653753587482,0.7839654910248592,1.0,0.9666785177701214,0.9409248285636487,0.04343612734796172,0.23154278748896037
2012-06-29,International Small-Cap,0.8568151576644731,0.8551224022535909,0.8726005656356162,0.8413700469115656,0.8689193574644267,0.7781663338043372,0.9666785177701214,1.0,0.9380460440228272,0.05950381900891837,0.16683468596890727
2012-06-29,Emerging Markets,0.8512953300857737,0.842575614142174,0.8595114793776502,0.8017723558990678,0.8550499998512028,0.7552666000400542,0.9409248285636487,0.9380460440228272,1.0,0.020350307737723845,0.22830002269746388
2012-06-29,Treasury Short-Term,0.02953640955731948,0.019747743122698336,0.05478378602216362,-0.003073943522090596,0.055440063716621184,0.09192364067186079,0.04343612734796172,0.05950381900891837,0.020350307737723845,1.0,-0.10827255093189281
2012-06-29,Gold,0.009555976891195129,-0.028058230340596933,0.04828184976105484,0.06249973525770651,0.054275231253918005,-0.060873023516023375,0.23154278748896037,0.16683468596890727,0.22830002269746388,-0.10827255093189281,1.0
2012-09-28,US Large-Cap Balanced,1.0,0.8745559806985441,0.8258171676176944,0.9036940271456361,0.8441689728866942,0.5855310892446743,0.8195702968901812,0.778994502190071,0.8197597305748116,0.09822950909615098,0.4257935255852899
2012-09-28,US Mid-Cap Balanced,0.8745559806985441,1.0,0.9495067453360365,0.8405061969029369,0.9623891017802834,0.6356921351906025,0.8158259246177678,0.7903860820262576,0.7996544381284603,0.07945995625618209,0.4951696220979207
2012-09-28,US Small-Cap Balanced,0.8258171676176944,0.9495067453360365,1.0,0.7724336353689556,0.9839579713443755,0.6132808839534403,0.7724482776553898,0.7472534542665725,0.7613674200278829,0.11056178639591847,0.505044745727237
2012-09-28,US Large-Cap Value,0.9036940271456361,0.8405061969029369,0.7724336353689556,1.0,0.7937351790772548,0.5483430035537267,0.8523094033777449,0.8201957176979549,0.9072680252907435,0.1294130678605158,0.5534328701301643
2012-09-28,US Small-Cap Value,0.8441689728866942,0.9623891017802834,0.9839579713443755,0.7937351790772548,1.0,0.6116871250850794,0.7951181423248762,0.7573186002128399,0.7737253766805099,0.07057452653016258,0.4735599734140487
2012-09-28,US Real Estate,0.5855310892446743,0.6356921351906025,0.6132808839534403,0.5483430035537267,0.6116871250850794,1.0,0.5015441365780051,0.5100849241787556,0.5454375546055906,0.20253055190616998,0.3961794827686401
2012-09-28,International Large-Cap,0.8195702968901812,0.8158259246177678,0.7724482776553898,0.8523094033777449,0.7951181423248762,0.5015441365780051,1.0,0.9560356419814808,0.8886267608017602,0.06471388390754892,0.5465811245931508
2012-09-28,International Small-Cap,0.778994502190071,0.7903860820262576,0.7472534542665725,0.8201957176979549,0.7573186002128399,0.5100849241787556,0.9560356419814808,1.0,0.9012602305433339,0.022120965767800267,0.6276545811372178
2012-09-28,Emerging Markets,0.8197597305748116,0.7996544381284603,0.7613674200278829,0.9072680252907435,0.7737253766805099,0.5454375546055906,0.8886267608017602,0.9012602305433339,1.0,0.014137635111288217,0.6618901798910631
2012-09-28,Treasury Short-Term,0.09822950909615098,0.07945995625618209,0.11056178639591847,0.1294130678605158,0.07057452653016258,0.20253055190616998,0.06471388390754892,0.022120965767800267,0.014137635111288217,1.0,0.1251875686164404
2012-09-28,Gold,0.4257935255852899,0.4951696220979207,0.505044745727237,0.5534328701301643,0.4735599734140487,0.3961794827686401,0.5465811245931508,0.6276545811372178,0.6618901798910631,0.1251875686164404,1.0
2012-12-31,US Large-Cap Balanced,1.0,0.8732357180870396,0.8010164985733295,0.9001541168127597,0.8186898168159011,0.6212280031280072,0.7608787017368351,0.7183155805331717,0.7425333733064204,0.07693786950624816,0.25534851912093365
2012-12-31,US Mid-Cap Balanced,0.8732357180870396,1.0,0.9488711819357342,0.8623285264224481,0.942051212640688,0.6081568205850029,0.7936661316606052,0.7308572818866146,0.7851890240679668,0.09812881477788019,0.3072448851913909
2012-12-31,US Small-Cap Balanced,0.8010164985733295,0.9488711819357342,1.0,0.8340117950142137,0.9896456239443845,0.5855124499789622,0.7655296749388824,0.6950664114587858,0.7427001777214186,0.14896317097717382,0.3201210959695086
2012-12-31,US Large-Cap Value,0.9001541168127597,0.8623285264224481,0.8340117950142137,1.0,0.8479129899082554,0.5747784052608458,0.783194491517852,0.726556735405645,0.7304573011051121,0.0961365177233498,0.3110058698732081
2012-12-31,US Small-Cap Value,0.8186898168159011,0.942051212640688,0.9896456239443845,0.8479129899082554,1.0,0.6201453969274742,0.7781400528572601,0.7148443285008285,0.756358077248746,0.14556976449155345,0.3144109876278667
2012-12-31,US Real Estate,0.6212280031280072,0.6081568205850029,0.5855124499789622,0.5747784052608458,0.6201453969274742,1.0,0.48286348027449577,0.46828675256180397,0.4386516771744647,-0.08466065715194802,0.07810745070636124
2012-12-31,International Large-Cap,0.7608787017368351,0.7936661316606052,0.7655296749388824,0.783194491517852,0.7781400528572601,0.48286348027449577,1.0,0.9490457033010955,0.8855889820985389,0.18206559070503284,0.45904926502768184
2012-12-31,International Small-Cap,0.7183155805331717,0.7308572818866146,0.6950664114587858,0.726556735405645,0.7148443285008285,0.46828675256180397,0.9490457033010955,1.0,0.8758419774325368,0.16490555449661454,0.42323926106179477
2012-12-31,Emerging Markets,0.7425333733064204,0.7851890240679668,0.7427001777214186,0.7304573011051121,0.756358077248746,0.4386516771744647,0.8855889820985389,0.8758419774325368,1.0,0.11487036351133001,0.3811939806074988
2012-12-31,Treasury Short-Term,0.07693786950624816,0.09812881477788019,0.14896317097717382,0.0961365177233498,0.14556976449155345,-0.08466065715194802,0.18206559070503284,0.16490555449661454,0.11487036351133001,1.0,0.14239649947373492
2012-12-31,Gold,0.25534851912093365,0.3072448851913909,0.3201210959695086,0.3110058698732081,0.3144109876278667,0.07810745070636124,0.45904926502768184,0.42323926106179477,0.3811939806074988,0.14239649947373492,1.0
2013-03-29,US Large-Cap Balanced,1.0,0.8985260567502478,0.8892241271323029,0.9170105372620384,0.8863970070007324,0.7576718788888134,0.8593882824437761,0.8141364030369727,0.7660448484582675,-0.0952667807256821,0.01713061020804007
2013-03-29,US Mid-Cap Balanced,0.8985260567502478,1.0,0.947501618099378,0.8882781545418003,0.9344790462186394,0.7589421555399749,0.8224889217620276,0.7880620970820178,0.7429898864642763,-0.16951647837171513,0.04909487785499063
2013-03-29,US Small-Cap Balanced,0.8892241271323029,0.947501618099378,1.0,0.8657948004307965,0.990677117783696,0.7217002692069303,0.7895179942507793,0.7737133456117002,0.7339908356283587,-0.12075429529221447,0.030691856869030927
2013-03-29,US Large-Cap Value,0.9170105372620384,0.8882781545418003,0.8657948004307965,1.0,0.8630275048656754,0.7771541926633005,0.8782965570454172,0.8406348988933671,0.7722054282113405,-0.02163421211860855,0.08067178555784148
2013-03-29,US Small-Cap Value,0.8863970070007324,0.9344790462186394,0.990677117783696,0.8630275048656754,1.0,0.697365774233628,0.7825548558587481,0.760703926266321,0.7278548642365718,-0.09481148037773335,0.012148619100234315
2013-03-29,US Real Estate,0.7576718788888134,0.7589421555399749,0.7217002692069303,0.7771541926633005,0.697365774233628,1.0,0.7759459226269195,0.7623882597446688,0.5778422988976641,-0.02226792869539213,-0.07735199787769145
2013-03-29,International Large-Cap,0.8593882824437761,0.8224889217620276,0.7895179942507793,0.8782965570454172,0.7825548558587481,0.7759459226269195,1.0,0.9322650631563596,0.7441040130439436,0.04560702400309674,0.0013477061192122977
2013-03-29,International Small-Cap,0.8141364030369727,0.7880620970820178,0.7737133456117002,0.8406348988933671,0.760703926266321,0.7623882597446688,0.9322650631563596,1.0,0.6961543345116927,-0.01814924600158637,0.052273885375192536
2013-03-29,Emerging Markets,0.7660448484582675,0.7429898864642763,0.7339908356283587,0.7722054282113405,0.7278548642365718,0.5778422988976641,0.7441040130439436,0.6961543345116927,1.0,0.04144460922831858,0.041165090924858275
2013-03-29,Treasury Short-Term,-0.0952667807256821,-0.16951647837171513,-0.12075429529221447,-0.02163421211860855,-0.09481148037773335,-0.02226792869539213,0.04560702400309674,-0.01814924600158637,0.04144460922831858,1.0,0.025468947382381646
2013-03-29,Gold,0.01713061020804007,0.04909487785499063,0.030691856869030927,0.08067178555784148,0.012148619100234315,-0.07735199787769145,0.0013477061192122977,0.052273885375192536,0.041165090924858275,0.025468947382381646,1.0
2013-06-28,US Large-Cap Balanced,1.0,0.8653936026342153,0.8521227041554449,0.8888539288649617,0.8350574194441563,0.7463357919581416,0.8391800133475589,0.8001002962794503,0.8151156357646779,0.10072329085143046,0.27467679625070335
2013-06-28,US Mid-Cap Balanced,0.8653936026342153,1.0,0.9623839442213613,0.8631351853898216,0.9501164239799024,0.729741686186168,0.797344994037229,0.7932929580202741,0.8101033749234847,0.19881894827946234,0.34669277114607816
2013-06-28,US Small-Cap Balanced,0.8521227041554449,0.9623839442213613,1.0,0.8495137757145921,0.9955639614112743,0.6686488749987691,0.7629568987647962,0.7738800636247104,0.7810760049943718,0.22940435520364336,0.35362886269559257
2013-06-28,US Large-Cap Value,0.8888539288649617,0.8631351853898216,0.8495137757145921,1.0,0.851094260897814,0.6705313822386274,0.8661027127227757,0.8154456774318064,0.816653281933208,0.008652699536099984,0.26652421629428846
2013-06-28,US Small-Cap Value,0.8350574194441563,0.9501164239799024,0.9955639614112743,0.851094260897814,1.0,0.6633048270289387,0.7538746076932086,0.7718048480284854,0.7814778608244465,0.24103044026855144,0.3559054686462778
2013-06-28,US Real Estate,0.7463357919581416,0.729741686186168,0.6686488749987691,0.6705313822386274,0.6633048270289387,1.0,0.6977761606773002,0.6852191209745764,0.7854377335670317,0.22940472225458908,0.21227687761139993
2013-06-28,International Large-Cap,0.8391800133475589,0.797344994037229,0.7629568987647962,0.8661027127227757,0.7538746076932086,0.6977761606773002,1.0,0.9453296501313819,0.8169032686242017,0.09508540719957638,0.3114911465862224
2013-06-28,International Small-Cap,0.8001002962794503,0.7932929580202741,0.7738800636247104,0.8154456774318064,0.7718048480284854,0.6852191209745764,0.9453296501313819,1.0,0.8109329341813537,0.19385962256783346,0.3537360990154544
2013-06-28,Emerging Markets,0.8151156357646779,0.8101033749234847,0.7810760049943718,0.816653281933208,0.7814778608244465,0.7854377335670317,0.8169032686242017,0.8109329341813537,1.0,0.12761560737150493,0.4315849844175495
2013-06-28,Treasury Short-Term,0.10072329085143046,0.19881894827946234,0.22940435520364336,0.008652699536099984,0.24103044026855144,0.22940472225458908,0.09508540719957638,0.19385962256783346,0.12761560737150493,1.0,0.09170123308850558
2013-06-28,Gold,0.27467679625070335,0.34669277114607816,0.35362886269559257,0.26652421629428846,0.3559054686462778,0.21227687761139993,0.3114911465862224,0.3537360990154544,0.4315849844175495,0.09170123308850558,1.0
2013-09-30,US Large-Cap Balanced,1.0,0.83088267001892,0.787374858959863,0.908932361657437,0.8027398248727092,0.6296056160235554,0.7982274877645784,0.7932408699430188,0.7237912705164325,-0.0756677129498289,0.15040809034933234
2013-09-30,US Mid-Cap Balanced,0.83088267001892,1.0,0.9424846436568525,0.8100687639908335,0.9394980668049733,0.5116285074673286,0.7098124926394165,0.7163360102719655,0.5970875359115144,0.031649095431803706,0.09558463616849007
2013-09-30,US Small-Cap Balanced,0.787374858959863,0.9424846436568525,1.0,0.7438758369517809,0.9860513046316047,0.46841819005514196,0.6790234920570186,0.7045788119795577,0.5545021421938412,0.0706054893099854,0.09674350645454789
2013-09-30,US Large-Cap Value,0.908932361657437,0.8100687639908335,0.7438758369517809,1.0,0.759373461553485,0.6004037004711893,0.765610016909838,0.7463582559197255,0.6883255338616401,0.01793587489700216,0.18971972033780088
2013-09-30,US Small-Cap Value,0.8027398248727092,0.9394980668049733,0.9860513046316047,0.759373461553485,1.0,0.5046937709757963,0.7123777922944778,0.7376627122074069,0.5673814518342725,0.029523677759637056,0.11992224428761207
2013-09-30,US Real Estate,0.6296056160235554,0.5116285074673286,0.46841819005514196,0.6004037004711893,0.5046937709757963,1.0,0.5264833909821518,0.5187706784485594,0.6062851520798312,-0.07043372977972162,0.3673255744411796
2013-09-30,International Large-Cap,0.7982274877645784,0.7098124926394165,0.6790234920570186,0.765610016909838,0.7123777922944778,0.5264833909821518,1.0,0.9647412356098046,0.8035390984256218,0.009906637852527857,0.36887974966308196
2013-09-30,International Small-Cap,0.7932408699430188,0.7163360102719655,0.7045788119795577,0.7463582559197255,0.7376627122074069,0.5187706784485594,0.9647412356098046,1.0,0.7687492576615882,-0.04954876609990728,0.3247292471332855
2013-09-30,Emerging Markets,0.7237912705164325,0.5970875359115144,0.5545021421938412,0.6883255338616401,0.5673814518342725,0.6062851520798312,0.8035390984256218,0.7687492576615882,1.0,-0.06454359920324639,0.40848216237941226
2013-09-30,Treasury Short-Term,-0.0756677129498289,0.031649095431803706,0.0706054893099854,0.01793587489700216,0.029523677759637056,-0.07043372977972162,0.009906637852527857,-0.04954876609990728,-0.06454359920324639,1.0,0.06381748658309792
2013-09-30,Gold,0.15040809034933234,0.09558463616849007,0.09674350645454789,0.18971972033780088,0.11992224428761207,0.3673255744411796,0.36887974966308196,0.3247292471332855,0.40848216237941226,0.06381748658309792,1.0
2013-12-31,US Large-Cap Balanced,1.0,0.8358869733511194,0.767553168559764,0.9469459960751002,0.7777655080346,0.6889974829206091,0.8011159377739602,0.6860204951730746,0.6838798571514689,0.14658403849050913,0.11802977017178094
2013-12-31,US Mid-Cap Balanced,0.8358869733511194,1.0,0.9197902690258172,0.8394749173881579,0.9084076193475722,0.6985093000634277,0.7855089113981428,0.7268908362386826,0.6405519181899774,0.2567852740254116,-0.032578728759857845
2013-12-31,US Small-Cap Balanced,0.767553168559764,0.9197902690258172,1.0,0.7733711097087383,0.9900327961374837,0.5791573260337468,0.7507773515835703,0.6940258619660167,0.5609256505894329,0.2849408244416781,-0.048413248077161596
2013-12-31,US Large-Cap Value,0.9469459960751002,0.8394749173881579,0.7733711097087383,1.0,0.7786213303011251,0.6619134266657549,0.8117841154776602,0.6932728873933726,0.690111511963109,0.1906673647911149,0.10588173671104377
2013-12-31,US Small-Cap Value,0.7777655080346,0.9084076193475722,0.9900327961374837,0.7786213303011251,1.0,0.5672391512907036,0.7544816836263231,0.6964129762433039,0.5855322530162497,0.2691125825296768,-0.04414087332427608
2013-12-31,US Real Estate,0.6889974829206091,0.6985093000634277,0.5791573260337468,0.6619134266657549,0.5672391512907036,1.0,0.5717843934994257,0.4888397727496406,0.6055487118833303,0.17367947273429468,0.17778052238127717
2013-12-31,International Large-Cap,0.8011159377739602,0.7855089113981428,0.7507773515835703,0.8117841154776602,0.7544816836263231,0.5717843934994257,1.0,0.9348695874410111,0.7630818676924259,0.1865559903499487,0.19139935336893577
2013-12-31,International Small-Cap,0.6860204951730746,0.7268908362386826,0.6940258619660167,0.6932728873933726,0.6964129762433039,0.4888397727496406,0.9348695874410111,1.0,0.6780531753153469,0.21822114526327924,0.14642329477201488
2013-12-31,Emerging Markets,0.6838798571514689,0.6405519181899774,0.5609256505894329,0.690111511963109,0.5855322530162497,0.6055487118833303,0.7630818676924259,0.6780531753153469,1.0,0.08264060935833803,0.2077712846138024
2013-12-31,Treasury Short-Term,0.14658403849050913,0.2567852740254116,0.2849408244416781,0.1906673647911149,0.2691125825296768,0.17367947273429468,0.1865559903499487,0.21822114526327924,0.08264060935833803,1.0,0.12846656935728884
2013-12-31,Gold,0.11802977017178094,-0.032578728759857845,-0.048413248077161596,0.10588173671104377,-0.04414087332427608,0.17778052238127717,0.19139935336893577,0.14642329477201488,0.2077712846138024,0.12846656935728884,1.0
2014-03-31,US Large-Cap Balanced,1.0,0.9034456970939949,0.8781960196334206,0.9347740437367286,0.8703299844859467,0.6377719810079505,0.7944330648850773,0.7800742419506058,0.7350704813665508,-0.011420313747980823,-0.2789760322990635
2014-03-31,US Mid-Cap Balanced,0.9034456970939949,1.0,0.9564189577534832,0.8614183692834188,0.945217703446202,0.7053370955307351,0.8043830079337956,0.7829023048970324,0.715828330577444,-0.030633352546480475,-0.24234434427276733
2014-03-31,US Small-Cap Balanced,0.8781960196334206,0.9564189577534832,1.0,0.8339431516550625,0.9914064034682378,0.6491338492408691,0.7548390941324902,0.7388324892304972,0.6592772442136952,0.020429935816537424,-0.2128653983044804
2014-03-31,US Large-Cap Value,0.9347740437367286,0.8614183692834188,0.8339431516550625,1.0,0.834511884343571,0.542682007278768,0.8309991497170031,0.7973297421785512,0.7429036988194611,0.0023406091574351196,-0.26263567968757556
2014-03-31,US Small-Cap Value,0.8703299844859467,0.945217703446202,0.9914064034682378,0.834511884343571,1.0,0.6413701259770102,0.7480040637059068,0.7320907219723499,0.6525666963834262,0.02057949104851474,-0.19746139150626346
2014-03-31,US Real Estate,0.6377719810079505,0.7053370955307351,0.6491338492408691,0.542682007278768,0.6413701259770102,1.0,0.5783510184679511,0.5577298528694569,0.5442064560328858,-0.07444472618385954,-0.07484928000492136
2014-03-31,International Large-Cap,0.7944330648850773,0.8043830079337956,0.7548390941324902,0.8309991497170031,0.7480040637059068,0.5783510184679511,1.0,0.9609441718141236,0.816292194460338,0.09508573568491756,-0.2444383658035809
2014-03-31,International Small-Cap,0.7800742419506058,0.7829023048970324,0.7388324892304972,0.7973297421785512,0.7320907219723499,0.5577298528694569,0.9609441718141236,1.0,0.7568268131154877,0.1419123643927288,-0.22499420588560431
2014-03-31,Emerging Markets,0.7350704813665508,0.715828330577444,0.6592772442136952,0.7429036988194611,0.6525666963834262,0.5442064560328858,0.816292194460338,0.7568268131154877,1.0,0.041172725716589406,-0.2779882523367819
2014-03-31,Treasury Short-Term,-0.011420313747980823,-0.030633352546480475,0.020429935816537424,0.0023406091574351196,0.02057949104851474,-0.07444472618385954,0.09508573568491756,0.1419123643927288,0.041172725716589406,1.0,-0.15287962912031697
2014-03-31,Gold,-0.2789760322990635,-0.24234434427276733,-0.2128653983044804,-0.26263567968757556,-0.19746139150626346,-0.07484928000492136,-0.2444383658035809,-0.22499420588560431,-0.2779882523367819,-0.15287962912031697,1.0
2014-06-30,US Large-Cap Balanced,1.0,0.8399269441097886,0.7721723926295933,0.8825628297204029,0.7674764584692738,0.3489023609921092,0.6015724797485378,0.6332430184352003,0.36509989262550957,0.15903409691031023,-0.23268043011845158
2014-06-30,US Mid-Cap Balanced,0.8399269441097886,1.0,0.9416340894017324,0.8086438858602703,0.9186150479502972,0.28444687558772325,0.5760595745381205,0.6388578413199393,0.39044537666720586,0.14145115150589999,-0.12464620801468557
2014-06-30,US Small-Cap Balanced,0.7721723926295933,0.9416340894017324,1.0,0.7275982682887502,0.9876548689632486,0.27883636997456895,0.5364055604034063,0.5997116048083866,0.39697816384565954,0.10085769102439972,-0.1245416340468999
2014-06-30,US Large-Cap Value,0.8825628297204029,0.8086438858602703,0.7275982682887502,1.0,0.7090385616919985,0.32610824589475707,0.6066164815261852,0.5863194920106816,0.32008693307917624,0.25199187505208215,-0.1472963830714296
2014-06-30,US Small-Cap Value,0.7674764584692738,0.9186150479502972,0.9876548689632486,0.7090385616919985,1.0,0.3167019266686813,0.5134041571870315,0.5735080703464209,0.3818075048141108,0.12220884062799131,-0.14635761037436257
2014-06-30,US Real Estate,0.3489023609921092,0.28444687558772325,0.27883636997456895,0.32610824589475707,0.3167019266686813,1.0,0.3896885815789992,0.19241528425606122,0.10068274373005369,0.09648167053145737,-0.032425126701464455
2014-06-30,International Large-Cap,0.6015724797485378,0.5760595745381205,0.5364055604034063,0.6066164815261852,0.5134041571870315,0.3896885815789992,1.0,0.8304140999300748,0.5023507020619299,0.018937841723303924,-0.0018508275338805051
2014-06-30,International Small-Cap,0.6332430184352003,0.6388578413199393,0.5997116048083866,0.5863194920106816,0.5735080703464209,0.19241528425606122,0.8304140999300748,1.0,0.41586918118112276,-0.07402441145038295,-0.07708377653285531
2014-06-30,Emerging Markets,0.36509989262550957,0.39044537666720586,0.39697816384565954,0.32008693307917624,0.3818075048141108,0.10068274373005369,0.5023507020619299,0.41586918118112276,1.0,-0.025459900652429472,0.08230440929660372
2014-06-30,Treasury Short-Term,0.15903409691031023,0.14145115150589999,0.10085769102439972,0.25199187505208215,0.12220884062799131,0.09648167053145737,0.018937841723303924,-0.07402441145038295,-0.025459900652429472,1.0,0.11211625245065666
2014-06-30,Gold,-0.23268043011845158,-0.12464620801468557,-0.1245416340468999,-0.1472963830714296,-0.14635761037436257,-0.032425126701464455,-0.0018508275338805051,-0.07708377653285531,0.08230440929660372,0.11211625245065666,1.0
2014-09-30,US Large-Cap Balanced,1.0,0.9018455076887703,0.8028934879587104,0.8743720570690335,0.8178089108732386,0.5033565425127533,0.8258369168013322,0.7805531430744299,0.7410795858546473,0.06802309887294988,-0.12974081481375782
2014-09-30,US Mid-Cap Balanced,0.9018455076887703,1.0,0.9297358780978338,0.8088347088033694,0.9391407543768063,0.555350302470612,0.7469124980115205,0.7086785635678606,0.705372085457926,0.10183880383902645,-0.13542019900651742
2014-09-30,US Small-Cap Balanced,0.8028934879587104,0.9297358780978338,1.0,0.6753794515380697,0.9871594892708023,0.3972034524526134,0.6896867751649489,0.6690624610406853,0.6160858584778548,0.0956993277413366,-0.2006470771296778
2014-09-30,US Large-Cap Value,0.8743720570690335,0.8088347088033694,0.6753794515380697,1.0,0.7131628201054362,0.5915597636926351,0.807124364597062,0.7882180034902371,0.7378683723706168,-0.007718579712659337,-0.11007602822377337
2014-09-30,US Small-Cap Value,0.8178089108732386,0.9391407543768063,0.9871594892708023,0.7131628201054362,1.0,0.4563619681702873,0.6976682012487222,0.6807432166725139,0.6461592019607714,0.08899420957979784,-0.1830305625656603
2014-09-30,US Real Estate,0.5033565425127533,0.555350302470612,0.3972034524526134,0.5915597636926351,0.4563619681702873,1.0,0.31370799987321635,0.3183374125442001,0.498082368658134,0.030559897702182766,0.07147487142401004
2014-09-30,International Large-Cap,0.8258369168013322,0.7469124980115205,0.6896867751649489,0.807124364597062,0.6976682012487222,0.31370799987321635,1.0,0.9473067196639636,0.7961150915911487,-0.034554326286086186,-0.21283344883480942
2014-09-30,International Small-Cap,0.7805531430744299,0.7086785635678606,0.6690624610406853,0.7882180034902371,0.6807432166725139,0.3183374125442001,0.9473067196639636,1.0,0.7545816205872883,0.01703703245449358,-0.17775071925618283
2014-09-30,Emerging Markets,0.7410795858546473,0.705372085457926,0.6160858584778548,0.7378683723706168,0.6461592019607714,0.498082368658134,0.7961150915911487,0.7545816205872883,1.0,-0.13072250811992506,-0.08966800181249923
2014-09-30,Treasury Short-Term,0.06802309887294988,0.10183880383902645,0.0956993277413366,-0.007718579712659337,0.08899420957979784,0.030559897702182766,-0.034554326286086186,0.01703703245449358,-0.13072250811992506,1.0,0.020285426542552654
2014-09-30,Gold,-0.12974081481375782,-0.13542019900651742,-0.2006470771296778,-0.11007602822377337,-0.1830305625656603,0.07147487142401004,-0.21283344883480942,-0.17775071925618283,-0.08966800181249923,0.020285426542552654,1.0
2014-12-31,US Large-Cap Balanced,1.0,0.8572698417889145,0.7007054469505917,0.9212195378506215,0.7028638825446074,0.5702382233836696,0.7476303655153127,0.7387171766350747,0.5179350700495223,-0.27766066865398825,-0.18018929248799265
2014-12-31,US Mid-Cap Balanced,0.8572698417889145,1.0,0.9082851140183164,0.8529346656275654,0.90831827851048,0.4750644958647008,0.7104142401901448,0.7300441924254347,0.5476913304375524,-0.22958322429814382,-0.06797204088379157
2014-12-31,US Small-Cap Balanced,0.7007054469505917,0.9082851140183164,1.0,0.6913310523596097,0.9951034483597383,0.43149158882809063,0.6077175752699238,0.6250101874391956,0.5206381590105466,-0.19421197199227425,-0.044309346379939704
2014-12-31,US Large-Cap Value,0.9212195378506215,0.8529346656275654,0.6913310523596097,1.0,0.6902345306381645,0.4377852235149898,0.7848464258670292,0.7575999737179981,0.5868176559612109,-0.20613753861104697,-0.050977845096154197
2014-12-31,US Small-Cap Value,0.7028638825446074,0.90831827851048,0.9951034483597383,0.6902345306381645,1.0,0.44627771282069606,0.6063044573684476,0.6150685398345113,0.5254746590484528,-0.16454160116723332,-0.044682800217823275
2014-12-31,US Real Estate,0.5702382233836696,0.4750644958647008,0.43149158882809063,0.4377852235149898,0.44627771282069606,1.0,0.4130413113710726,0.4000021221019803,0.34788553307849085,-0.22264233801552238,-0.052094086947039576
2014-12-31,International Large-Cap,0.7476303655153127,0.7104142401901448,0.6077175752699238,0.7848464258670292,0.6063044573684476,0.4130413113710726,1.0,0.9377393842832058,0.6976394494426842,-0.12022332509703505,0.06406022658038332
2014-12-31,International Small-Cap,0.7387171766350747,0.7300441924254347,0.6250101874391956,0.7575999737179981,0.6150685398345113,0.4000021221019803,0.9377393842832058,1.0,0.639814024501471,-0.13059977398903685,0.04946357134297529
2014-12-31,Emerging Markets,0.5179350700495223,0.5476913304375524,0.5206381590105466,0.5868176559612109,0.5254746590484528,0.34788553307849085,0.6976394494426842,0.639814024501471,1.0,0.024837368053203975,0.06364190350273267
2014-12-31,Treasury Short-Term,-0.27766066865398825,-0.22958322429814382,-0.19421197199227425,-0.20613753861104697,-0.16454160116723332,-0.22264233801552238,-0.12022332509703505,-0.13059977398903685,0.024837368053203975,1.0,0.08604874390632004
2014-12-31,Gold,-0.18018929248799265,-0.06797204088379157,-0.044309346379939704,-0.050977845096154197,-0.044682800217823275,-0.052094086947039576,0.06406022658038332,0.04946357134297529,0.06364190350273267,0.08604874390632004,1.0
2015-03-31,US Large-Cap Balanced,1.0,0.9267920006958348,0.880721908800838,0.9173907869655783,0.8644097261643263,0.5485622225678245,0.7763266207120808,0.727649283155384,0.7564917167684316,0.06973732905624959,-0.1425369411842251
2015-03-31,US Mid-Cap Balanced,0.9267920006958348,1.0,0.9430417002545767,0.897070943522527,0.9325213744658384,0.5480883286955104,0.7970682916446651,0.7580671019931319,0.7974703178001282,-0.032745295834903806,-0.18984522089962122
2015-03-31,US Small-Cap Balanced,0.880721908800838,0.9430417002545767,1.0,0.8387407460243019,0.9871090753654314,0.49229593402423605,0.7398240378417948,0.7048224876510314,0.7279122048556008,0.05032930072912219,-0.2188022306598435
2015-03-31,US Large-Cap Value,0.9173907869655783,0.897070943522527,0.8387407460243019,1.0,0.851464065534358,0.45386112497829595,0.8070572202457638,0.7523735259380762,0.7938198805494259,0.056429030323531575,-0.12845315419104777
2015-03-31,US Small-Cap Value,0.8644097261643263,0.9325213744658384,0.9871090753654314,0.851464065534358,1.0,0.4315800737353964,0.7533126665947608,0.7190116709763887,0.7387085933749526,0.07471469018686015,-0.23622279700567841
2015-03-31,US Real Estate,0.5485622225678245,0.5480883286955104,0.49229593402423605,0.45386112497829595,0.4315800737353964,1.0,0.5007597076331273,0.5250702485373351,0.4656355955258985,-0.08231522204720092,0.28767294046132924
2015-03-31,International Large-Cap,0.7763266207120808,0.7970682916446651,0.7398240378417948,0.8070572202457638,0.7533126665947608,0.5007597076331273,1.0,0.952912641946514,0.7997411753197272,0.012954509262761196,0.03935712931077581
2015-03-31,International Small-Cap,0.727649283155384,0.7580671019931319,0.7048224876510314,0.7523735259380762,0.7190116709763887,0.5250702485373351,0.952912641946514,1.0,0.7439574253401092,-0.03792823238474881,0.04750475956338791
2015-03-31,Emerging Markets,0.7564917167684316,0.7974703178001282,0.7279122048556008,0.7938198805494259,0.7387085933749526,0.4656355955258985,0.7997411753197272,0.7439574253401092,1.0,0.008082538200519991,0.02417658322214926
2015-03-31,Treasury Short-Term,0.06973732905624959,-0.032745295834903806,0.05032930072912219,0.056429030323531575,0.07471469018686015,-0.08231522204720092,0.012954509262761196,-0.03792823238474881,0.008082538200519991,1.0,-0.19867837021870977
2015-03-31,Gold,-0.1425369411842251,-0.18984522089962122,-0.2188022306598435,-0.12845315419104777,-0.23622279700567841,0.28767294046132924,0.03935712931077581,0.04750475956338791,0.02417658322214926,-0.19867837021870977,1.0
2015-06-30,US Large-Cap Balanced,1.0,0.8970052924098137,0.8322907980806802,0.8626078684733056,0.8237692402963932,0.6160176525212125,0.7848285165413128,0.7863187859993485,0.6947762222086619,-0.0018355291550109978,0.06719126176045767
2015-06-30,US Mid-Cap Balanced,0.8970052924098137,1.0,0.934628972610475,0.8457534076906141,0.9235711483252894,0.5936099177681637,0.7536687776945561,0.7358474337880766,0.6357577527900892,-0.0069142958408284156,0.14053202604148665
2015-06-30,US Small-Cap Balanced,0.8322907980806802,0.934628972610475,1.0,0.7717970316516516,0.9831704568322691,0.5166881651864941,0.6905093970783597,0.6495522343003225,0.5750099988353928,-0.0475126069885738,0.1533389749756042
2015-06-30,US Large-Cap Value,0.8626078684733056,0.8457534076906141,0.7717970316516516,1.0,0.792423520171842,0.46571755813250343,0.709712759186241,0.6826851644502265,0.6027931009307151,0.06294897039902778,0.21792456738954966
2015-06-30,US Small-Cap Value,0.8237692402963932,0.9235711483252894,0.9831704568322691,0.792423520171842,1.0,0.4661623255891224,0.6872448075364371,0.6500558486429145,0.5620473011673895,-0.018648320617906857,0.16579898894469924
2015-06-30,US Real Estate,0.6160176525212125,0.5936099177681637,0.5166881651864941,0.46571755813250343,0.4661623255891224,1.0,0.5246847614174398,0.5651815109704529,0.46705353702478597,-0.0314372292217214,0.24686016678192987
2015-06-30,International Large-Cap,0.7848285165413128,0.7536687776945561,0.6905093970783597,0.709712759186241,0.6872448075364371,0.5246847614174398,1.0,0.945292158346898,0.7552026686390367,-0.02072121049078996,0.25657223512872634
2015-06-30,International Small-Cap,0.7863187859993485,0.7358474337880766,0.6495522343003225,0.6826851644502265,0.6500558486429145,0.5651815109704529,0.945292158346898,1.0,0.8093833336852382,0.06279361408310143,0.2945200448066029
2015-06-30,Emerging Markets,0.6947762222086619,0.6357577527900892,0.5750099988353928,0.6027931009307151,0.5620473011673895,0.46705353702478597,0.7552026686390367,0.8093833336852382,1.0,0.12165138915739172,0.2083059575289222
2015-06-30,Treasury Short-Term,-0.0018355291550109978,-0.0069142958408284156,-0.0475126069885738,0.06294897039902778,-0.018648320617906857,-0.0314372292217214,-0.02072121049078996,0.06279361408310143,0.12165138915739172,1.0,0.07758849511926508
2015-06-30,Gold,0.06719126176045767,0.14053202604148665,0.1533389749756042,0.21792456738954966,0.16579898894469924,0.24686016678192987,0.25657223512872634,0.2945200448066029,0.2083059575289222,0.07758849511926508,1.0
2015-09-30,US Large-Cap Balanced,1.0,0.9710525645208342,0.930065197506406,0.956525641454529,0.9072909914825366,0.7807606890441386,0.851848770426614,0.8613610888580117,0.8210350945195449,-0.3062047113644771,-0.17341589597808427
2015-09-30,US Mid-Cap Balanced,0.9710525645208342,1.0,0.9657932839425236,0.9544970322006391,0.9494886200188446,0.7565389809776517,0.8449606607490259,0.8491632354515465,0.8112923885258848,-0.30360890536182966,-0.1108145253034952
2015-09-30,US Small-Cap Balanced,0.930065197506406,0.9657932839425236,1.0,0.9192216018439332,0.9873789989025525,0.7140526246425601,0.8457500674973865,0.8466539241392926,0.7961872736614463,-0.32471683365328424,-0.0440493556667872
2015-09-30,US Large-Cap Value,0.956525641454529,0.9544970322006391,0.9192216018439332,1.0,0.9221055953871421,0.743889902785566,0.8233316805848709,0.8256280385120036,0.8096534851596311,-0.2627472753950307,-0.1101922217794397
2015-09-30,US Small-Cap Value,0.9072909914825366,0.9494886200188446,0.9873789989025525,0.9221055953871421,1.0,0.6731845622095773,0.8264190048017136,0.8265022885066657,0.7935711820702227,-0.33038950178944104,-0.0008229415488838123
2015-09-30,US Real Estate,0.7807606890441386,0.7565389809776517,0.7140526246425601,0.743889902785566,0.6731845622095773,1.0,0.5608949083926695,0.5816135699993012,0.5243504478012281,-0.1650076963242401,-0.005152675948539744
2015-09-30,International Large-Cap,0.851848770426614,0.8449606607490259,0.8457500674973865,0.8233316805848709,0.8264190048017136,0.5608949083926695,1.0,0.9687429975876696,0.9072267899496558,-0.3871773381275006,-0.1715722073983015
2015-09-30,International Small-Cap,0.8613610888580117,0.8491632354515465,0.8466539241392926,0.8256280385120036,0.8265022885066657,0.5816135699993012,0.9687429975876696,1.0,0.8989246833991731,-0.3794746834829224,-0.15283565328349538
2015-09-30,Emerging Markets,0.8210350945195449,0.8112923885258848,0.7961872736614463,0.8096534851596311,0.7935711820702227,0.5243504478012281,0.9072267899496558,0.8989246833991731,1.0,-0.27208754410515373,-0.08971536494695684
2015-09-30,Treasury Short-Term,-0.3062047113644771,-0.30360890536182966,-0.32471683365328424,-0.2627472753950307,-0.33038950178944104,-0.1650076963242401,-0.3871773381275006,-0.3794746834829224,-0.27208754410515373,1.0,0.23978410255644123
2015-09-30,Gold,-0.17341589597808427,-0.1108145253034952,-0.0440493556667872,-0.1101922217794397,-0.0008229415488838123,-0.005152675948539744,-0.1715722073983015,-0.15283565328349538,-0.08971536494695684,0.23978410255644123,1.0
2015-12-31,US Large-Cap Balanced,1.0,0.8880342680619625,0.8585373349978289,0.9222708843363185,0.8418174892678285,0.629600869578988,0.8302321831312747,0.7589982735132185,0.6906190754470946,-0.14556236080752244,0.08622783636220703
2015-12-31,US Mid-Cap Balanced,0.8880342680619625,1.0,0.9676342215671312,0.8974371596564813,0.95784549753221,0.6266463203929306,0.8206902724496811,0.7406110711043591,0.6581193745300633,-0.11363333818904824,0.08512916317077862
2015-12-31,US Small-Cap Balanced,0.8585373349978289,0.9676342215671312,1.0,0.8686107753254555,0.985820000303459,0.5501313088575241,0.8057607230071846,0.7162008893108996,0.6610238260301023,-0.14558845676812268,0.007153876104667564
2015-12-31,US Large-Cap Value,0.9222708843363185,0.8974371596564813,0.8686107753254555,1.0,0.8820951999651401,0.620569740814037,0.8836104119510505,0.8184306918460887,0.7519249713376249,-0.04278966571317211,0.1330536170423325
2015-12-31,US Small-Cap Value,0.8418174892678285,0.95784549753221,0.985820000303459,0.8820951999651401,1.0,0.513050568882225,0.8103122183076776,0.7311690217233661,0.6716571907867508,-0.105955400908215,0.0122236013443821
2015-12-31,US Real Estate,0.629600869578988,0.6266463203929306,0.5501313088575241,0.620569740814037,0.513050568882225,1.0,0.5920982499363363,0.5745925346876155,0.5237476247171625,-0.10891362412774748,0.12113891920412762
2015-12-31,International Large-Cap,0.8302321831312747,0.8206902724496811,0.8057607230071846,0.8836104119510505,0.8103122183076776,0.5920982499363363,1.0,0.945058567791538,0.8174936129102982,-0.01535257279965425,0.17647546211694762
2015-12-31,International Small-Cap,0.7589982735132185,0.7406110711043591,0.7162008893108996,0.8184306918460887,0.7311690217233661,0.5745925346876155,0.945058567791538,1.0,0.7792316318951157,-0.015343893536253886,0.21773813130040287
2015-12-31,Emerging Markets,0.6906190754470946,0.6581193745300633,0.6610238260301023,0.7519249713376249,0.6716571907867508,0.5237476247171625,0.8174936129102982,0.7792316318951157,1.0,0.03185205380109464,0.23622357492485505
2015-12-31,Treasury Short-Term,-0.14556236080752244,-0.11363333818904824,-0.14558845676812268,-0.04278966571317211,-0.105955400908215,-0.10891362412774748,-0.01535257279965425,-0.015343893536253886,0.03185205380109464,1.0,0.33406845504262067
2015-12-31,Gold,0.08622783636220703,0.08512916317077862,0.007153876104667564,0.1330536170423325,0.0122236013443821,0.12113891920412762,0.17647546211694762,0.21773813130040287,0.23622357492485505,0.33406845504262067,1.0
2016-03-31,US Large-Cap Balanced,1.0,0.942789668769711,0.8830276959652342,0.9272895664417145,0.8484928976241061,0.7554229782444538,0.9225174212928641,0.8680314899615402,0.8657834738428718,-0.1692925990322498,-0.40457754777192556
2016-03-31,US Mid-Cap Balanced,0.942789668769711,1.0,0.9599118093819108,0.9004302169079959,0.9411268002718487,0.7725232392485704,0.8839016895976838,0.8528509044863776,0.8518293137340123,-0.15027437768999305,-0.2879906594681992
2016-03-31,US Small-Cap Balanced,0.8830276959652342,0.9599118093819108,1.0,0.8335225662333307,0.9850985013388465,0.7165923386178086,0.8025767398977295,0.7811497665363164,0.7887728299830976,-0.09627728997766746,-0.25291800243197415
2016-03-31,US Large-Cap Value,0.9272895664417145,0.9004302169079959,0.8335225662333307,1.0,0.8406129350066043,0.7074905139204395,0.9341230223841435,0.8520827591840681,0.8951185496803876,-0.15815112865926956,-0.3805699176000383
2016-03-31,US Small-Cap Value,0.8484928976241061,0.9411268002718487,0.9850985013388465,0.8406129350066043,1.0,0.6701238838280862,0.784121146727369,0.753247398116555,0.8010353014284404,-0.07744995104702189,-0.2080524952891472
2016-03-31,US Real Estate,0.7554229782444538,0.7725232392485704,0.7165923386178086,0.7074905139204395,0.6701238838280862,1.0,0.782148025022006,0.7875931573629061,0.6963157310754243,-0.19351890203498429,-0.20404673683231914
2016-03-31,International Large-Cap,0.9225174212928641,0.8839016895976838,0.8025767398977295,0.9341230223841435,0.784121146727369,0.782148025022006,1.0,0.9400165357343185,0.9235103286905776,-0.20259025274556353,-0.3990346618438572
2016-03-31,International Small-Cap,0.8680314899615402,0.8528509044863776,0.7811497665363164,0.8520827591840681,0.753247398116555,0.7875931573629061,0.9400165357343185,1.0,0.8522178142831568,-0.22411893416698367,-0.342215383710225
2016-03-31,Emerging Markets,0.8657834738428718,0.8518293137340123,0.7887728299830976,0.8951185496803876,0.8010353014284404,0.6963157310754243,0.9235103286905776,0.8522178142831568,1.0,-0.17699596284325037,-0.3149527988260521
2016-03-31,Treasury Short-Term,-0.1692925990322498,-0.15027437768999305,-0.09627728997766746,-0.15815112865926956,-0.07744995104702189,-0.19351890203498429,-0.20259025274556353,-0.22411893416698367,-0.17699596284325037,1.0,0.15595609027865168
2016-03-31,Gold,-0.40457754777192556,-0.2879906594681992,-0.25291800243197415,-0.3805699176000383,-0.2080524952891472,-0.20404673683231914,-0.3990346618438572,-0.342215383710225,-0.3149527988260521,0.15595609027865168,1.0
2016-06-30,US Large-Cap Balanced,1.0,0.9383162670618268,0.9095330922704186,0.9447348774663067,0.8925293238733311,0.4575284663115346,0.8217056770956784,0.7928445512750816,0.8140559618181544,-0.2508844043658901,-0.49127474310740377
2016-06-30,US Mid-Cap Balanced,0.9383162670618268,1.0,0.9766456105905519,0.9386493267591415,0.9654073458514376,0.48531905972210143,0.8517503373558911,0.834370078581673,0.8385162029593327,-0.3104101268652083,-0.4886231725699051
2016-06-30,US Small-Cap Balanced,0.9095330922704186,0.9766456105905519,1.0,0.9056707420525093,0.9881223540423152,0.4464034700403128,0.8082293053423009,0.776820241893468,0.7907063833662109,-0.280577842691975,-0.47264609941427493
2016-06-30,US Large-Cap Value,0.9447348774663067,0.9386493267591415,0.9056707420525093,1.0,0.9053810093759324,0.4602615292023551,0.8294568465159381,0.8104948080449329,0.8212829675163167,-0.17957093683273997,-0.45545608619580175
2016-06-30,US Small-Cap Value,0.8925293238733311,0.9654073458514376,0.9881223540423152,0.9053810093759324,1.0,0.412734052777271,0.7971803193135496,0.7648169558087314,0.8029224889343168,-0.23720330953749458,-0.39622171970478365
2016-06-30,US Real Estate,0.4575284663115346,0.48531905972210143,0.4464034700403128,0.4602615292023551,0.412734052777271,1.0,0.36354999385534414,0.37247537678005305,0.34591397847086364,-0.122228904623652,-0.23236780587738132
2016-06-30,International Large-Cap,0.8217056770956784,0.8517503373558911,0.8082293053423009,0.8294568465159381,0.7971803193135496,0.36354999385534414,1.0,0.9772822619003283,0.9087886400873147,-0.39373530784462024,-0.510275748333246
2016-06-30,International Small-Cap,0.7928445512750816,0.834370078581673,0.776820241893468,0.8104948080449329,0.7648169558087314,0.37247537678005305,0.9772822619003283,1.0,0.886532583149107,-0.42958136995442425,-0.474953299469421
2016-06-30,Emerging Markets,0.8140559618181544,0.8385162029593327,0.7907063833662109,0.8212829675163167,0.8029224889343168,0.34591397847086364,0.9087886400873147,0.886532583149107,1.0,-0.3303866509922086,-0.3164764574066258
2016-06-30,Treasury Short-Term,-0.2508844043658901,-0.3104101268652083,-0.280577842691975,-0.17957093683273997,-0.23720330953749458,-0.122228904623652,-0.39373530784462024,-0.42958136995442425,-0.3303866509922086,1.0,0.3085744578261718
2016-06-30,Gold,-0.49127474310740377,-0.4886231725699051,-0.47264609941427493,-0.45545608619580175,-0.39622171970478365,-0.23236780587738132,-0.510275748333246,-0.474953299469421,-0.3164764574066258,0.3085744578261718,1.0
2016-09-30,US Large-Cap Balanced,1.0,0.8853365688694538,0.8746019081120697,0.8947948759656374,0.8573369810123015,0.5492220121655275,0.7880792765229765,0.709548173115284,0.8281685210703162,-0.172846203305095,-0.02511171603035011
2016-09-30,US Mid-Cap Balanced,0.8853365688694538,1.0,0.9634748877682067,0.8832393070708592,0.9613190898145662,0.6536678709524695,0.7968980492662564,0.7026905410125858,0.8061562707622202,-0.1528324087125273,-0.051855442319500435
2016-09-30,US Small-Cap Balanced,0.8746019081120697,0.9634748877682067,1.0,0.87087583619203,0.9903605650607398,0.5915547664946831,0.8003610262134254,0.6982098991253323,0.7965575806920568,-0.14697710986189963,-0.060364030869385486
2016-09-30,US Large-Cap Value,0.8947948759656374,0.8832393070708592,0.87087583619203,1.0,0.8737218808119146,0.5495453225428513,0.7857658860565693,0.687135783817542,0.815841547841938,-0.15264286026971677,-0.0552477499082829
2016-09-30,US Small-Cap Value,0.8573369810123015,0.9613190898145662,0.9903605650607398,0.8737218808119146,1.0,0.589845665200355,0.8057184317316397,0.7070345859287822,0.8024816878309393,-0.12748895950871716,-0.0455390920445117
2016-09-30,US Real Estate,0.5492220121655275,0.6536678709524695,0.5915547664946831,0.5495453225428513,0.589845665200355,1.0,0.49509388860927517,0.4498903059420304,0.4874513403576839,-0.07349807570883551,0.25255076629185336
2016-09-30,International Large-Cap,0.7880792765229765,0.7968980492662564,0.8003610262134254,0.7857658860565693,0.8057184317316397,0.49509388860927517,1.0,0.9274379539518621,0.8711053765530611,0.0009814482234629818,0.07634968943126798
2016-09-30,International Small-Cap,0.709548173115284,0.7026905410125858,0.6982098991253323,0.687135783817542,0.7070345859287822,0.4498903059420304,0.9274379539518621,1.0,0.8250529575234017,0.09971208746769465,0.1501198545743276
2016-09-30,Emerging Markets,0.8281685210703162,0.8061562707622202,0.7965575806920568,0.815841547841938,0.8024816878309393,0.4874513403576839,0.8711053765530611,0.8250529575234017,1.0,-0.017867300254700905,0.1417877576162306
2016-09-30,Treasury Short-Term,-0.172846203305095,-0.1528324087125273,-0.14697710986189963,-0.15264286026971677,-0.12748895950871716,-0.07349807570883551,0.0009814482234629818,0.09971208746769465,-0.017867300254700905,1.0,0.1629612666399791
2016-09-30,Gold,-0.02511171603035011,-0.051855442319500435,-0.060364030869385486,-0.0552477499082829,-0.0455390920445117,0.25255076629185336,0.07634968943126798,0.1501198545743276,0.1417877576162306,0.1629612666399791,1.0
2016-12-30,US Large-Cap Balanced,1.0,0.7160379901910879,0.6097563358925627,0.790562300729657,0.5916328175489416,0.3492024629112294,0.7286890451227985,0.5914307666776737,0.5985673563878117,-0.04187605670910045,-0.04051666469273316
2016-12-30,US Mid-Cap Balanced,0.7160379901910879,1.0,0.9339343357246406,0.7507655069344804,0.927097842668197,0.49416398457511,0.5596565538992972,0.4194610586326961,0.3860659451161683,0.039621058341623994,-0.13596101321747048
2016-12-30,US Small-Cap Balanced,0.6097563358925627,0.9339343357246406,1.0,0.7075127076881974,0.9926272118323063,0.33292436928521935,0.42606062217652746,0.2728726374426873,0.20740508188158716,-0.046383690757782606,-0.2775966037560746
2016-12-30,US Large-Cap Value,0.790562300729657,0.7507655069344804,0.7075127076881974,1.0,0.7119137820625869,0.2275313478716961,0.6524136346263151,0.49042548883939363,0.39313324319764337,-0.1400772773675694,-0.08270177165006096
2016-12-30,US Small-Cap Value,0.5916328175489416,0.927097842668197,0.9926272118323063,0.7119137820625869,1.0,0.33845990667669945,0.42116732781731764,0.26996124918755643,0.20797424920200877,-0.05353804091891548,-0.2560582098605018
2016-12-30,US Real Estate,0.3492024629112294,0.49416398457511,0.33292436928521935,0.2275313478716961,0.33845990667669945,1.0,0.3360781297315584,0.3804246390587197,0.4379347168444842,0.2217908307004345,0.15202507407814025
2016-12-30,International Large-Cap,0.7286890451227985,0.5596565538992972,0.42606062217652746,0.6524136346263151,0.42116732781731764,0.3360781297315584,1.0,0.8862771817446433,0.7009004212788331,-0.060722347019683126,0.09757183235600893
2016-12-30,International Small-Cap,0.5914307666776737,0.4194610586326961,0.2728726374426873,0.49042548883939363,0.26996124918755643,0.3804246390587197,0.8862771817446433,1.0,0.7524634544036185,-0.09476612971354478,0.2970127626783628
2016-12-30,Emerging Markets,0.5985673563878117,0.3860659451161683,0.20740508188158716,0.39313324319764337,0.20797424920200877,0.4379347168444842,0.7009004212788331,0.7524634544036185,1.0,0.003959944571319611,0.27767174273498535
2016-12-30,Treasury Short-Term,-0.04187605670910045,0.039621058341623994,-0.046383690757782606,-0.1400772773675694,-0.05353804091891548,0.2217908307004345,-0.060722347019683126,-0.09476612971354478,0.003959944571319611,1.0,0.1907452727325867
2016-12-30,Gold,-0.04051666469273316,-0.13596101321747048,-0.2775966037560746,-0.08270177165006096,-0.2560582098605018,0.15202507407814025,0.09757183235600893,0.2970127626783628,0.27767174273498535,0.1907452727325867,1.0
2017-03-31,US Large-Cap Balanced,1.0,0.7319234977669443,0.6712172648841215,0.802009499064193,0.6565540127423367,0.1944406893040129,0.5636917792756603,0.5219246217965529,0.4591485124206311,-0.02478017062667967,-0.05081459120254216
2017-03-31,US Mid-Cap Balanced,0.7319234977669443,1.0,0.9662874857266672,0.85234764459925,0.9562996631226105,0.31288433510662433,0.6203094346724658,0.5769109254710542,0.5566037433876654,-0.06126470453949625,-0.06449254897161556
2017-03-31,US Small-Cap Balanced,0.6712172648841215,0.9662874857266672,1.0,0.8157975829859293,0.9918460228742394,0.2382110607193485,0.6051187358217057,0.5649615415884637,0.5137116240763079,-0.10151803254480339,-0.11400453018251488
2017-03-31,US Large-Cap Value,0.802009499064193,0.85234764459925,0.8157975829859293,1.0,0.8093593654749106,0.22617367391670407,0.5838711992831342,0.529100007573906,0.48307251755058167,-0.08798054270138835,-0.1685380089907883
2017-03-31,US Small-Cap Value,0.6565540127423367,0.9562996631226105,0.9918460228742394,0.8093593654749106,1.0,0.25168370036599863,0.5748647633182024,0.5342214858530684,0.4757524177824492,-0.09953941437726761,-0.10597875806760274
2017-03-31,US Real Estate,0.1944406893040129,0.31288433510662433,0.2382110607193485,0.22617367391670407,0.25168370036599863,1.0,0.21815703875380577,0.24968724133728584,0.3155484538508673,0.3170858296730451,0.39075347170932767
2017-03-31,International Large-Cap,0.5636917792756603,0.6203094346724658,0.6051187358217057,0.5838711992831342,0.5748647633182024,0.21815703875380577,1.0,0.9403323746321256,0.7583413722992941,-0.11902530887820385,0.2259272882716446
2017-03-31,International Small-Cap,0.5219246217965529,0.5769109254710542,0.5649615415884637,0.529100007573906,0.5342214858530684,0.24968724133728584,0.9403323746321256,1.0,0.7405759093921173,-0.14511787907525064,0.2559168008190587
2017-03-31,Emerging Markets,0.4591485124206311,0.5566037433876654,0.5137116240763079,0.48307251755058167,0.4757524177824492,0.3155484538508673,0.7583413722992941,0.7405759093921173,1.0,-0.002120885858073831,0.3708683626017639
2017-03-31,Treasury Short-Term,-0.02478017062667967,-0.06126470453949625,-0.10151803254480339,-0.08798054270138835,-0.09953941437726761,0.3170858296730451,-0.11902530887820385,-0.14511787907525064,-0.002120885858073831,1.0,0.17727231170003277
2017-03-31,Gold,-0.05081459120254216,-0.06449254897161556,-0.11400453018251488,-0.1685380089907883,-0.10597875806760274,0.39075347170932767,0.2259272882716446,0.2559168008190587,0.3708683626017639,0.17727231170003277,1.0
2017-06-30,US Large-Cap Balanced,1.0,0.761029223484506,0.6733310341431163,0.7247655430651688,0.6096324701143986,0.257210716092278,0.6785127726860501,0.6418862584292171,0.6454843765467476,-0.09644553555915636,-0.28248268570100094
2017-06-30,US Mid-Cap Balanced,0.761029223484506,1.0,0.929476538358255,0.7782601743467668,0.9197586257527981,0.31611074606198225,0.6526194226805531,0.6190941321882958,0.5876730427730554,-0.08416384209791418,-0.30066864815012007
2017-06-30,US Small-Cap Balanced,0.6733310341431163,0.929476538358255,1.0,0.7186788863419193,0.9850558206429086,0.22151765423498646,0.551804117906159,0.5154495138099905,0.4693951381726445,0.009541396612040627,-0.2864430451309826
2017-06-30,US Large-Cap Value,0.7247655430651688,0.7782601743467668,0.7186788863419193,1.0,0.726737592231366,0.22948798313082136,0.5233105904181151,0.4265107092615917,0.5244179150504711,-0.2013259112895577,-0.4638718554904294
2017-06-30,US Small-Cap Value,0.6096324701143986,0.9197586257527981,0.9850558206429086,0.726737592231366,1.0,0.23176964496632874,0.5102874383373925,0.47317552918116035,0.43308307548799896,0.00802058497807606,-0.2951518441276637
2017-06-30,US Real Estate,0.257210716092278,0.31611074606198225,0.22151765423498646,0.22948798313082136,0.23176964496632874,1.0,0.09263070310543903,0.1060573182438012,0.13218908777041685,-0.048431189067195804,0.011146500754554494
2017-06-30,International Large-Cap,0.6785127726860501,0.6526194226805531,0.551804117906159,0.5233105904181151,0.5102874383373925,0.09263070310543903,1.0,0.9258758543349784,0.6415051335387173,0.059395903854468864,-0.07748015965598214
2017-06-30,International Small-Cap,0.6418862584292171,0.6190941321882958,0.5154495138099905,0.4265107092615917,0.47317552918116035,0.1060573182438012,0.9258758543349784,1.0,0.6523235023982762,0.0515899239258432,-0.02434386923166881
2017-06-30,Emerging Markets,0.6454843765467476,0.5876730427730554,0.4693951381726445,0.5244179150504711,0.43308307548799896,0.13218908777041685,0.6415051335387173,0.6523235023982762,1.0,-0.11910033117053247,-0.019635951306954145
2017-06-30,Treasury Short-Term,-0.09644553555915636,-0.08416384209791418,0.009541396612040627,-0.2013259112895577,0.00802058497807606,-0.048431189067195804,0.059395903854468864,0.0515899239258432,-0.11910033117053247,1.0,0.19296291259074552
2017-06-30,Gold,-0.28248268570100094,-0.30066864815012007,-0.2864430451309826,-0.4638718554904294,-0.2951518441276637,0.011146500754554494,-0.07748015965598214,-0.02434386923166881,-0.019635951306954145,0.19296291259074552,1.0
2017-09-29,US Large-Cap Balanced,1.0,0.7636737381392253,0.6395740650124037,0.7370617230258257,0.6054872287367894,0.45484469945428424,0.7156408958432402,0.5591111869182839,0.6874286704788196,-0.1892448951125806,-0.28462841430556046
2017-09-29,US Mid-Cap Balanced,0.7636737381392253,1.0,0.945124894453962,0.8034525958031884,0.9265184294867155,0.394809257363358,0.5846649371143798,0.41615294394598934,0.5385796454195646,-0.3168086481982402,-0.4104666733163981
2017-09-29,US Small-Cap Balanced,0.6395740650124037,0.945124894453962,1.0,0.7232226451407192,0.9837113083363332,0.35405407779572234,0.5274965281580266,0.356158744055191,0.4526914819813013,-0.3195533523257116,-0.4300597812678861
2017-09-29,US Large-Cap Value,0.7370617230258257,0.8034525958031884,0.7232226451407192,1.0,0.7233256822685581,0.36878147310431536,0.6027736323725819,0.4215322096765024,0.5246761344988132,-0.34671979519564583,-0.4328119512237477
2017-09-29,US Small-Cap Value,0.6054872287367894,0.9265184294867155,0.9837113083363332,0.7233256822685581,1.0,0.3531638244623374,0.49812200422536085,0.3271494974016459,0.39853190333460253,-0.36811755857302003,-0.4178875181535345
2017-09-29,US Real Estate,0.45484469945428424,0.394809257363358,0.35405407779572234,0.36878147310431536,0.3531638244623374,1.0,0.3853074625171333,0.3932933273867837,0.45591560059154757,-0.07278845637173047,-0.05661168521004113
2017-09-29,International Large-Cap,0.7156408958432402,0.5846649371143798,0.5274965281580266,0.6027736323725819,0.49812200422536085,0.3853074625171333,1.0,0.887679925123854,0.7915105158997534,-0.008178270882861929,-0.057743953877897
2017-09-29,International Small-Cap,0.5591111869182839,0.41615294394598934,0.356158744055191,0.4215322096765024,0.3271494974016459,0.3932933273867837,0.887679925123854,1.0,0.657430945870064,0.09135043939951684,0.21506099980624252
2017-09-29,Emerging Markets,0.6874286704788196,0.5385796454195646,0.4526914819813013,0.5246761344988132,0.39853190333460253,0.45591560059154757,0.7915105158997534,0.657430945870064,1.0,0.01338599565640771,-0.241190155841865
2017-09-29,Treasury Short-Term,-0.1892448951125806,-0.3168086481982402,-0.3195533523257116,-0.34671979519564583,-0.36811755857302003,-0.07278845637173047,-0.008178270882861929,0.09135043939951684,0.01338599565640771,1.0,0.20421021784612545
2017-09-29,Gold,-0.28462841430556046,-0.4104666733163981,-0.4300597812678861,-0.4328119512237477,-0.4178875181535345,-0.05661168521004113,-0.057743953877897,0.21506099980624252,-0.241190155841865,0.20421021784612545,1.0
2017-12-29,US Large-Cap Balanced,1.0,0.7371362553007119,0.5703425344388964,0.6717321154273546,0.5651527508734117,0.16222125478518706,0.48457635495404244,0.43489236845140017,0.3733511035929042,-0.04449144110965902,-0.41462247330831997
2017-12-29,US Mid-Cap Balanced,0.7371362553007119,1.0,0.8943253328116455,0.77774359725349,0.8723154190453164,-0.08244851553611113,0.48021973051220207,0.42466467517138734,0.4747912682395218,-0.12042902696245342,-0.2917022643407345
2017-12-29,US Small-Cap Balanced,0.5703425344388964,0.8943253328116455,1.0,0.7309626363706454,0.9817286182193949,-0.11102462228088557,0.4990372208715763,0.42937159464464775,0.5509367937317798,-0.059591527788299466,-0.24380697843249494
2017-12-29,US Large-Cap Value,0.6717321154273546,0.77774359725349,0.7309626363706454,1.0,0.7716319162263281,-0.08027038789033074,0.4122855001066288,0.3469019994875856,0.2812279493634427,-0.2773273872928202,-0.35625337926065825
2017-12-29,US Small-Cap Value,0.5651527508734117,0.8723154190453164,0.9817286182193949,0.7716319162263281,1.0,-0.13686791114714725,0.4571856380798189,0.39203578295887853,0.500248979650759,-0.10141117741214865,-0.269326339746788
2017-12-29,US Real Estate,0.16222125478518706,-0.08244851553611113,-0.11102462228088557,-0.08027038789033074,-0.13686791114714725,1.0,0.2213426263417693,0.14187987524285128,0.2883722107011219,-0.11441301233232037,0.28207454254489445
2017-12-29,International Large-Cap,0.48457635495404244,0.48021973051220207,0.4990372208715763,0.4122855001066288,0.4571856380798189,0.2213426263417693,1.0,0.8698856982282214,0.6883554157152219,0.03782334078719098,0.06366672056640395
2017-12-29,International Small-Cap,0.43489236845140017,0.42466467517138734,0.42937159464464775,0.3469019994875856,0.39203578295887853,0.14187987524285128,0.8698856982282214,1.0,0.6457239622355945,-0.013333247664194034,0.04098859858323265
2017-12-29,Emerging Markets,0.3733511035929042,0.4747912682395218,0.5509367937317798,0.2812279493634427,0.500248979650759,0.2883722107011219,0.6883554157152219,0.6457239622355945,1.0,-0.11486890577295562,0.20211420313970876
2017-12-29,Treasury Short-Term,-0.04449144110965902,-0.12042902696245342,-0.059591527788299466,-0.2773273872928202,-0.10141117741214865,-0.11441301233232037,0.03782334078719098,-0.013333247664194034,-0.11486890577295562,1.0,0.0881803958005895
2017-12-29,Gold,-0.41462247330831997,-0.2917022643407345,-0.24380697843249494,-0.35625337926065825,-0.269326339746788,0.28207454254489445,0.06366672056640395,0.04098859858323265,0.20211420313970876,0.0881803958005895,1.0
