Date,Open,High,Low,Close,Volume,FNDA Percent Change
2013-08-15,24.68,24.68,24.47,24.56,15799,
2013-08-16,24.58,24.58,24.4,24.45,25418,-0.004478827361563464
2013-08-19,24.41,24.42,24.2,24.21,7675,-0.009815950920245342
2013-08-20,24.24,24.55,24.24,24.51,14813,0.012391573729863659
2013-08-21,24.4,24.52,24.31,24.33,9936,-0.007343941248470154
2013-08-22,24.58,24.71,24.58,24.68,7495,0.014385532264693746
2013-08-23,24.64,24.7,24.62,24.7,2792,0.0008103727714747766
2013-08-26,24.76,24.83,24.64,24.68,8574,-0.0008097165991902688
2013-08-27,24.36,24.43,24.1,24.12,6665,-0.02269043760129652
2013-08-28,24.1,24.25,24.1,24.17,24190,0.0020729684908789014
2013-08-29,24.16,24.45,24.16,24.35,10154,0.007447248655357841
2013-08-30,24.28,24.28,23.95,23.95,7208,-0.01642710472279274
2013-09-03,24.39,24.39,23.9,24.01,3420,0.0025052192066807866
2013-09-04,24.19,24.3,24.19,24.25,1508,0.00999583506872126
2013-09-05,24.34,24.42,24.34,24.38,7364,0.005360824742268067
2013-09-06,24.48,24.52,24.21,24.38,21635,0.0
2013-09-09,24.43,24.79,24.43,24.79,36300,0.016817063166529866
2013-09-10,24.94,25.05,24.92,25.05,22070,0.010488100040338955
2013-09-11,25.02,25.1,24.98,25.1,17614,0.001996007984031989
2013-09-12,25.08,25.08,24.94,24.94,20710,-0.0063745019920318224
2013-09-13,25.02,25.05,24.87,25.04,16701,0.00400962309542896
2013-09-16,25.41,25.41,25.0,25.14,51250,0.003993610223642197
2013-09-17,25.17,25.35,25.17,25.35,19295,0.00835322195704058
2013-09-18,25.34,25.7,25.13,25.57,79520,0.00867850098619316
2013-09-19,25.72,25.72,25.54,25.58,26943,0.00039108330074300035
2013-09-20,25.64,25.64,25.43,25.45,16551,-0.0050820953870210905
2013-09-23,25.46,25.46,25.25,25.36,12273,-0.0035363457760314576
2013-09-24,25.5,25.62,25.39,25.41,10418,0.0019716088328076697
2013-09-25,25.49,25.59,25.37,25.45,13712,0.0015741833923652582
2013-09-26,25.5,25.62,25.43,25.49,12928,0.001571709233791685
2013-09-27,25.4,25.5,25.36,25.46,23489,-0.0011769321302470548
2013-09-30,25.22,25.47,25.15,25.42,6840,-0.0015710919088766095
2013-10-01,25.62,26.64,25.62,25.71,10825,0.011408339889850572
2013-10-02,25.54,25.67,25.5,25.65,6077,-0.002333722287047979
2013-10-03,25.6,25.6,25.22,25.43,11579,-0.008576998050682239
2013-10-04,25.45,25.67,25.39,25.62,35381,0.007471490365709821
2013-10-07,25.33,25.49,25.3,25.32,29078,-0.011709601873536313
2013-10-08,25.32,25.32,24.94,24.97,35026,-0.013823064770932092
2013-10-09,25.04,25.04,24.8,24.9,51284,-0.0028033640368442247
2013-10-10,25.59,25.59,25.26,25.48,49771,0.02329317269076303
2013-10-11,25.44,25.8,25.44,25.8,28232,0.012558869701726927
2013-10-14,25.68,25.93,25.49,25.93,51697,0.005038759689922401
2013-10-15,25.87,25.89,25.61,25.69,28523,-0.009255688391824113
2013-10-16,25.79,26.08,25.78,25.96,49510,0.010509926041261108
2013-10-17,25.9,26.21,25.9,26.21,56407,0.009630200308166303
2013-10-18,26.36,26.48,26.26,26.47,39726,0.009919877909194907
2013-10-21,26.53,26.62,26.38,26.45,31625,-0.000755572346052169
2013-10-22,26.6,26.72,26.48,26.53,53241,0.0030245746691872633
2013-10-23,26.44,26.48,26.38,26.45,26678,-0.0030154542027893694
2013-10-24,26.45,26.58,26.41,26.56,25324,0.0041587901701323204
2013-10-25,26.66,26.66,26.55,26.64,19181,0.003012048192771122
2013-10-28,26.7,26.7,26.5,26.58,23891,-0.0022522522522523403
2013-10-29,26.74,26.77,26.57,26.73,18223,0.0056433408577878375
2013-10-30,26.73,26.74,26.38,26.51,45395,-0.008230452674897082
2013-10-31,26.45,26.62,26.35,26.44,41596,-0.0026405130139569577
2013-11-01,26.52,26.58,26.26,26.49,30629,0.0018910741301056966
2013-11-04,26.6,26.73,26.52,26.73,93464,0.009060022650056787
2013-11-05,26.65,26.7,26.5,26.61,9135,-0.004489337822671247
2013-11-06,26.82,26.82,26.47,26.57,26047,-0.00150319428786172
2013-11-07,26.66,26.67,26.08,26.1,19353,-0.017689123071132795
2013-11-08,26.07,26.51,25.84,26.5,42871,0.015325670498084198
2013-11-11,26.46,26.6,26.45,26.59,12370,0.0033962264150944055
2013-11-12,26.5,26.6,26.41,26.59,16220,0.0
2013-11-13,26.41,26.85,26.41,26.85,21039,0.009778112072207579
2013-11-14,26.85,26.94,26.73,26.94,19717,0.003351955307262511
2013-11-15,26.97,27.03,26.88,27.01,15819,0.0025983667409057443
2013-11-18,27.13,27.13,26.77,26.77,10711,-0.008885597926693856
2013-11-19,26.79,26.89,26.58,26.64,15832,-0.004856182293612177
2013-11-20,26.81,26.84,26.6,26.61,16341,-0.0011261261261261701
2013-11-21,26.74,27.07,26.74,27.01,19369,0.0150319428786172
2013-11-22,27.05,27.16,27.0,27.13,11636,0.004442798963346872
2013-11-25,27.22,27.23,27.08,27.13,9491,0.0
2013-11-26,27.14,27.3,27.11,27.27,19823,0.005160339107998624
2013-11-27,27.26,27.38,27.21,27.37,20803,0.003667033370003736
2013-11-29,27.48,27.48,27.34,27.34,18797,-0.001096090610157141
2013-12-02,27.38,27.38,27.14,27.16,42728,-0.006583760058522348
2013-12-03,27.15,27.2,26.96,27.08,12113,-0.002945508100147376
2013-12-04,26.96,27.16,26.75,27.07,9483,-0.00036927621861149174
2013-12-05,27.0,27.08,26.92,27.0,11850,-0.002585888437384609
2013-12-06,27.18,27.31,27.15,27.25,30091,0.0092592592592593
2013-12-09,27.31,27.34,27.19,27.25,28843,0.0
2013-12-10,27.21,27.33,27.1,27.13,26720,-0.004403669724770687
2013-12-11,27.17,27.17,26.68,26.72,34188,-0.015112421673424303
2013-12-12,26.69,26.84,26.62,26.76,18113,0.0014970059880241582
2013-12-13,26.82,26.85,26.71,26.85,8141,0.0033632286995515237
2013-12-16,26.96,27.12,26.95,27.09,10541,0.00893854748603351
2013-12-17,27.09,27.1,26.9,27.07,14876,-0.0007382798080471931
2013-12-18,27.12,27.38,26.9,27.37,23323,0.01108237901736242
2013-12-19,27.39,27.39,27.23,27.27,16179,-0.003653635367190433
2013-12-20,27.25,27.6,27.25,27.6,9829,0.012101210121012063
2013-12-23,27.75,27.8,27.64,27.79,15664,0.0068840579710143235
2013-12-24,27.82,27.96,27.82,27.9,12998,0.00395825836631869
2013-12-26,28.03,28.05,27.85,27.85,21392,-0.0017921146953403522
2013-12-27,27.85,27.94,27.82,27.92,15894,0.0025134649910234508
2013-12-30,27.92,27.97,27.88,27.93,20566,0.00035816618911166387
2013-12-31,28.01,28.07,27.92,27.99,72168,0.002148227712137407
2014-01-02,27.92,27.92,27.6,27.73,34295,-0.009289031797070302
2014-01-03,27.83,27.89,27.72,27.84,16456,0.0039668229354490325
2014-01-06,27.97,27.97,27.61,27.62,20376,-0.007902298850574696
2014-01-07,27.76,27.94,27.74,27.83,14624,0.007603186097031145
2014-01-08,27.86,27.9,27.73,27.86,64808,0.0010779734099892746
2014-01-09,27.95,27.95,27.72,27.86,209584,0.0
2014-01-10,27.85,28.0,27.83,27.99,19246,0.004666188083273459
2014-01-13,27.93,27.95,27.48,27.61,35053,-0.013576277241872048
2014-01-14,27.76,27.95,27.73,27.93,20333,0.011590003621876122
2014-01-15,28.0,28.13,28.0,28.08,20179,0.005370569280343629
2014-01-16,28.06,28.07,27.95,28.06,20809,-0.0007122507122506727
2014-01-17,28.02,28.04,27.89,27.91,11750,-0.005345687811831756
2014-01-21,28.03,28.11,27.91,28.03,45493,0.004299534217126588
2014-01-22,28.08,28.21,28.04,28.21,26917,0.006421691045308542
2014-01-23,28.05,28.05,27.8,27.94,29459,-0.009571074087203146
2014-01-24,27.78,27.78,27.2,27.26,46603,-0.024337866857551904
2014-01-27,27.29,27.42,26.77,27.04,38824,-0.00807043286867215
2014-01-28,27.0,27.22,27.0,27.17,48818,0.004807692307692513
2014-01-29,27.17,27.17,26.84,26.88,21112,-0.010673536989326604
2014-01-30,27.13,27.3,27.02,27.23,33229,0.013020833333333481
2014-01-31,27.75,27.8,26.9,27.05,22113,-0.006610356224752145
2014-02-03,26.97,26.97,26.12,26.21,46759,-0.031053604436229176
2014-02-04,26.34,26.53,26.2,26.5,41559,0.011064479206409628
2014-02-05,26.32,26.44,26.1,26.36,15853,-0.005283018867924594
2014-02-06,26.48,26.73,26.48,26.69,21797,0.012518968133535813
2014-02-07,26.8,26.95,26.72,26.94,26102,0.009366804046459398
2014-02-10,26.91,26.96,26.75,26.92,28563,-0.0007423904974016571
2014-02-11,26.97,27.28,26.94,27.22,44172,0.011144130757800852
2014-02-12,27.26,27.41,27.22,27.29,6931,0.0025716385011020915
2014-02-13,27.06,27.64,27.06,27.64,82871,0.012825210699890066
2014-02-14,27.51,27.71,27.47,27.71,19110,0.0025325615050650896
2014-02-18,27.75,27.9,27.68,27.88,64252,0.006134969325153339
2014-02-19,27.79,27.96,27.64,27.66,15469,-0.00789096126255373
2014-02-20,27.7,27.94,27.68,27.92,26307,0.009399855386840184
2014-02-21,27.96,28.05,27.88,27.95,9542,0.0010744985673352137
2014-02-24,27.99,28.33,27.99,28.17,38315,0.007871198568873083
2014-02-25,28.14,28.25,28.08,28.16,35004,-0.00035498757543495074
2014-02-26,28.15,28.45,28.14,28.3,24147,0.004971590909090828
2014-02-27,28.2,28.46,28.2,28.46,32385,0.00565371024734973
2014-02-28,28.49,28.65,28.35,28.47,16431,0.00035137034434296055
2014-03-03,39.24,29.49,28.08,28.31,31141,-0.00561995082543032
2014-03-04,28.59,30.0,28.59,28.9,29777,0.020840692334864075
2014-03-05,28.85,28.89,28.77,28.85,22547,-0.0017301038062282892
2014-03-06,28.86,28.97,28.82,28.93,58120,0.002772963604852574
2014-03-07,29.12,29.12,28.81,28.92,178604,-0.0003456619426200902
2014-03-10,28.89,28.89,28.75,28.8,17858,-0.004149377593360981
2014-03-11,28.87,28.95,28.52,28.58,14564,-0.007638888888888973
2014-03-12,28.47,28.69,28.47,28.69,21787,0.00384884534639629
2014-03-13,28.78,28.78,28.19,28.35,18028,-0.011850819100731935
2014-03-14,28.2,28.53,28.08,28.45,15762,0.003527336860670083
2014-03-17,28.58,28.77,28.58,28.61,13892,0.005623901581722324
2014-03-18,28.65,28.95,28.62,28.91,19484,0.010485844110450948
2014-03-19,28.93,28.93,28.53,28.74,27293,-0.005880318228986603
2014-03-20,28.72,28.89,28.66,28.79,13139,0.0017397355601949105
2014-03-21,29.01,29.11,28.82,28.82,9341,0.0010420284821119896
2014-03-24,28.94,28.96,28.38,28.62,19384,-0.006939625260235949
2014-03-25,28.71,28.82,28.48,28.62,27961,0.0
2014-03-26,28.77,28.77,28.24,28.24,13004,-0.01327742837176804
2014-03-27,28.23,28.25,27.98,28.1,30214,-0.004957507082152923
2014-03-28,28.23,28.45,28.2,28.23,9692,0.00462633451957295
2014-03-31,28.68,28.68,28.28,28.64,22333,0.014523556500177115
2014-04-01,28.7,28.92,28.7,28.92,24269,0.009776536312849249
2014-04-02,29.02,29.11,28.94,29.1,66240,0.006224066390041472
2014-04-03,29.11,29.12,28.81,28.9,16099,-0.0068728522336770626
2014-04-04,29.08,29.1,28.3,28.39,45501,-0.01764705882352935
2014-04-07,28.31,28.31,27.82,27.95,26739,-0.01549841493483628
2014-04-08,28.02,28.25,27.92,28.18,17195,0.008228980322003698
2014-04-09,28.3,28.46,28.15,28.45,17439,0.00958126330731024
2014-04-10,28.47,28.47,27.78,27.92,32501,-0.018629173989455072
2014-04-11,27.66,27.87,27.37,27.5,38624,-0.015042979942693435
2014-04-14,27.78,27.8,27.47,27.63,13915,0.004727272727272691
2014-04-15,27.75,27.8,27.33,27.8,14308,0.006152732537097361
2014-04-16,27.87,28.04,27.87,28.04,12680,0.008633093525179714
2014-04-17,28.02,28.23,27.98,28.19,16290,0.005349500713266897
2014-04-21,28.25,28.25,28.13,28.23,10909,0.0014189428875488463
2014-04-22,28.47,28.61,28.29,28.54,39041,0.010981225646475412
2014-04-23,28.48,28.55,28.37,28.44,27123,-0.003503854239663595
2014-04-24,28.64,28.64,28.33,28.42,29441,-0.0007032348804500987
2014-04-25,28.37,28.37,27.96,28.08,30156,-0.011963406052076131
2014-04-28,28.22,28.22,27.61,27.92,28236,-0.005698005698005604
2014-04-29,28.08,28.13,27.93,28.04,13493,0.004297994269340855
2014-04-30,27.94,28.15,27.78,28.15,19954,0.003922967189728954
2014-05-01,28.17,28.32,28.0,28.15,14074,0.0
2014-05-02,28.28,28.47,28.21,28.26,30100,0.003907637655417462
2014-05-05,28.05,28.27,27.89,28.21,37825,-0.0017692852087757283
2014-05-06,28.16,28.17,27.9,27.92,19509,-0.010280042538106993
2014-05-07,27.99,28.0,27.74,27.9,24492,-0.0007163323782236608
2014-05-08,28.02,28.3,27.89,27.9,23029,0.0
2014-05-09,27.82,28.01,27.7,28.01,63866,0.003942652329749219
2014-05-12,28.12,28.59,28.12,28.55,20099,0.019278828989646613
2014-05-13,28.53,28.58,28.36,28.36,13789,-0.006654991243432606
2014-05-14,28.32,28.32,27.97,28.01,19052,-0.012341325811001336
2014-05-15,27.87,27.87,27.45,27.79,24098,-0.007854337736522776
2014-05-16,27.82,27.91,27.66,27.91,22104,0.004318100035984207
2014-05-19,27.88,28.23,27.84,28.1,105944,0.006807595843783654
2014-05-20,28.1,28.1,27.67,27.81,18597,-0.010320284697509008
2014-05-21,27.93,28.01,27.74,27.96,17216,0.005393743257821049
2014-05-22,28.05,28.17,27.94,28.11,21042,0.005364806866952732
2014-05-23,28.11,28.33,28.05,28.33,15393,0.00782639630024895
2014-05-27,28.52,28.64,28.44,28.57,12666,0.008471584892340456
2014-05-28,28.55,28.57,28.37,28.51,21190,-0.0021001050052502634
2014-05-29,28.58,28.6,28.43,28.58,44372,0.0024552788495264544
2014-05-30,28.61,28.61,28.42,28.54,22449,-0.0013995801259621965
2014-06-02,28.63,28.63,28.3,28.52,28145,-0.0007007708479327412
2014-06-03,28.4,28.51,28.33,28.47,12208,-0.001753155680224383
2014-06-04,28.35,28.62,28.32,28.58,29679,0.0038637161924832686
2014-06-05,28.69,29.02,28.5,28.98,80025,0.013995801259622187
2014-06-06,29.11,29.25,29.08,29.21,27208,0.007936507936507908
2014-06-09,29.19,29.47,29.19,29.32,34202,0.003765833618623704
2014-06-10,29.26,29.28,29.14,29.27,27467,-0.0017053206002728416
2014-06-11,29.12,29.18,29.01,29.13,25531,-0.004783054321831237
2014-06-12,29.17,29.19,28.88,28.88,19622,-0.008582217645039525
2014-06-13,28.96,29.06,28.8,28.95,44884,0.002423822714681556
2014-06-16,28.99,29.08,28.89,29.05,162494,0.003454231433505983
2014-06-17,29.05,29.39,29.05,29.29,49613,0.008261617900171991
2014-06-18,29.27,29.46,29.2,29.46,47210,0.005804028678729978
2014-06-19,29.56,29.56,29.33,29.47,28460,0.0003394433129666474
2014-06-20,29.51,29.86,29.4,29.5,28468,0.001017984390905946
2014-06-23,29.61,29.61,29.43,29.48,16299,-0.0006779661016949046
2014-06-24,29.46,29.61,29.2,29.21,26891,-0.00915875169606506
2014-06-25,29.08,29.42,29.08,29.38,25819,0.005819924683327482
2014-06-26,29.44,29.44,29.13,29.35,18283,-0.0010211027910141945
2014-06-27,29.27,29.51,29.27,29.51,6322,0.00545144804088582
2014-06-30,29.42,29.57,29.4,29.57,7027,0.0020332090816672643
2014-07-01,29.69,30.0,29.69,29.84,21520,0.009130875887723988
2014-07-02,29.84,29.9,29.68,29.68,20401,-0.00536193029490617
2014-07-03,29.84,29.88,29.8,29.88,7452,0.006738544474393482
2014-07-07,29.68,29.79,29.5,29.54,14594,-0.011378848728246349
2014-07-08,29.49,29.49,29.19,29.26,38336,-0.009478672985781866
2014-07-09,29.41,29.41,29.27,29.34,20399,0.002734107997265811
2014-07-10,28.87,29.26,28.74,29.16,23356,-0.006134969325153339
2014-07-11,29.17,29.17,29.0,29.1,23642,-0.002057613168724215
2014-07-14,29.34,29.34,29.2,29.25,35630,0.005154639175257714
2014-07-15,29.25,29.3,28.93,29.11,16977,-0.0047863247863247915
2014-07-16,29.28,29.28,29.0,29.06,24287,-0.001717622810030961
2014-07-17,28.9,29.04,28.69,28.72,22420,-0.0116999311768754
2014-07-18,28.79,29.12,28.79,29.09,174591,0.0128830083565461
2014-07-21,28.89,28.99,28.82,28.97,17877,-0.004125128910278497
2014-07-22,29.08,29.24,29.08,29.18,11969,0.007248878149810123
2014-07-23,29.19,29.21,29.07,29.11,38560,-0.00239890335846471
2014-07-24,29.2,29.22,29.03,29.11,25024,0.0
2014-07-25,28.92,28.92,28.81,28.86,13090,-0.008588114050154583
2014-07-28,28.91,28.91,28.57,28.73,133912,-0.0045045045045044585
2014-07-29,28.84,28.91,28.7,28.7,15717,-0.0010442046641142566
2014-07-30,28.91,28.91,28.62,28.72,19537,0.0006968641114981633
2014-07-31,28.47,28.56,28.13,28.14,33094,-0.020194986072423315
2014-08-01,28.17,28.21,27.86,28.02,68791,-0.004264392324093813
2014-08-04,28.15,28.27,27.91,28.25,71537,0.008208422555317618
2014-08-05,28.14,28.32,27.99,28.16,18187,-0.003185840707964571
2014-08-06,28.01,28.3,28.01,28.2,12429,0.0014204545454545858
2014-08-07,28.31,28.31,28.0,28.07,11568,-0.004609929078014163
2014-08-08,28.11,28.33,28.07,28.3,7922,0.008193801211257679
2014-08-11,28.47,28.68,28.47,28.54,19947,0.008480565371024706
2014-08-12,28.46,28.56,28.3,28.39,42482,-0.005255781359495448
2014-08-13,28.51,28.63,28.51,28.58,9284,0.006692497358224747
2014-08-14,28.64,28.68,28.6,28.66,5073,0.002799160251924393
2014-08-15,28.8,28.83,28.41,28.64,15151,-0.0006978367062107083
2014-08-18,28.92,29.03,28.81,28.99,10936,0.01222067039106145
2014-08-19,29.08,29.19,29.08,29.12,16978,0.004484304932735439
2014-08-20,29.02,29.17,28.98,29.16,15295,0.0013736263736263687
2014-08-21,29.15,29.26,29.01,29.25,25444,0.0030864197530864335
2014-08-22,29.21,29.26,29.13,29.21,27879,-0.0013675213675213849
2014-08-25,29.35,29.35,29.17,29.28,27977,0.002396439575487852
2014-08-26,29.35,29.46,29.31,29.41,9111,0.0044398907103824214
2014-08-27,29.47,29.47,29.32,29.39,28202,-0.0006800408024481008
2014-08-28,29.28,29.34,29.17,29.27,32384,-0.004083021435862588
2014-08-29,29.36,29.46,29.25,29.41,12897,0.004783054321831237
2014-09-02,29.56,29.62,29.44,29.51,31629,0.003400204012240726
2014-09-03,29.69,29.69,29.38,29.43,11693,-0.002710945442223056
2014-09-04,29.5,29.62,29.3,29.37,24793,-0.0020387359836900876
2014-09-05,29.32,29.44,29.25,29.44,10020,0.0023833844058562814
2014-09-08,29.46,29.49,29.32,29.44,12298,0.0
2014-09-09,29.4,29.4,29.11,29.15,39691,-0.009850543478260976
2014-09-10,29.15,29.2,28.99,29.19,32510,0.0013722126929676115
2014-09-11,29.07,29.32,29.03,29.32,14706,0.004453579993148216
2014-09-12,29.33,29.33,28.94,29.02,25894,-0.01023192360163716
2014-09-15,29.05,29.05,28.79,28.87,17793,-0.005168849069607129
2014-09-16,28.77,29.02,28.7,29.0,12992,0.004502944232767536
2014-09-17,28.99,29.12,28.9,28.95,40052,-0.0017241379310345417
2014-09-18,29.11,29.12,29.0,29.07,36808,0.004145077720207224
2014-09-19,29.21,29.21,28.73,28.81,36250,-0.008943928448572502
2014-09-22,28.66,28.66,28.38,28.39,21568,-0.014578271433529966
2014-09-23,28.3,28.41,28.11,28.16,12617,-0.00810144417048253
2014-09-24,28.17,28.29,27.95,28.26,50006,0.0035511363636364646
2014-09-25,28.21,28.21,27.78,27.88,26123,-0.013446567586695046
2014-09-26,27.9,28.07,27.83,28.03,38990,0.0053802008608321295
2014-09-29,27.7,27.96,27.7,27.92,10811,-0.003924366749910813
2014-09-30,27.95,27.95,27.65,27.65,46866,-0.009670487106017256
2014-10-01,27.66,27.66,27.2,27.31,34543,-0.012296564195298343
2014-10-02,27.22,27.51,27.04,27.4,53325,0.003295496155254485
2014-10-03,27.65,27.73,27.48,27.64,27299,0.008759124087591275
2014-10-06,27.7,27.71,27.44,27.49,27363,-0.00542691751085389
2014-10-07,27.33,27.35,27.1,27.1,19800,-0.014186977082575325
2014-10-08,27.01,27.44,26.79,27.44,60763,0.012546125461254665
2014-10-09,27.48,27.48,26.8,26.8,62956,-0.023323615160349864
2014-10-10,26.75,26.87,26.4,26.43,59420,-0.013805970149253777
2014-10-13,26.48,26.58,26.1,26.11,35537,-0.012107453651153954
2014-10-14,26.4,26.75,26.33,26.41,52842,0.011489850631941856
2014-10-15,26.13,26.65,25.87,26.55,66327,0.005301022340022721
2014-10-16,26.3,26.89,26.0,26.83,91655,0.010546139359698614
2014-10-17,27.05,27.11,26.8,26.9,57623,0.002609019754006736
2014-10-20,26.78,27.17,26.78,27.17,24216,0.010037174721189812
2014-10-21,27.42,27.76,27.42,27.76,37838,0.021715126978284927
2014-10-22,27.87,27.93,27.41,27.41,51076,-0.012608069164265157
2014-10-23,27.75,28.02,27.69,27.83,42837,0.015322874863188618
2014-10-24,27.89,27.98,27.78,27.97,35518,0.005030542579949726
2014-10-27,27.93,27.93,27.64,27.89,55738,-0.0028602073650338955
2014-10-28,28.08,28.57,28.02,28.57,52358,0.024381498745069896
2014-10-29,28.67,28.76,28.36,28.48,51301,-0.003150157507875395
2014-10-30,28.41,28.73,25.62,28.61,21652,0.004564606741572996
2014-10-31,29.11,29.24,28.81,28.99,16597,0.013282069206571157
2014-11-03,29.11,29.3,28.95,29.03,84566,0.0013797861331494854
2014-11-04,28.99,29.06,28.86,28.98,20656,-0.0017223561832587775
2014-11-05,29.2,29.2,29.0,29.05,27618,0.0024154589371980784
2014-11-06,29.15,29.24,29.05,29.22,14676,0.005851979345955272
2014-11-07,29.27,29.34,29.17,29.26,39503,0.001368925393566034
2014-11-10,29.28,29.44,29.26,29.36,20517,0.0034176349965822084
2014-11-11,29.41,29.43,29.33,29.37,12050,0.00034059945504094635
2014-11-12,29.27,29.52,29.23,29.51,23847,0.004766768811712563
2014-11-13,29.54,29.57,29.25,29.33,18074,-0.006099627245001793
2014-11-14,29.35,29.41,29.26,29.26,27985,-0.0023866348448686736
2014-11-17,29.25,29.34,29.14,29.19,43608,-0.0023923444976076125
2014-11-18,29.28,29.41,29.28,29.3,34891,0.0037684138403561995
2014-11-19,29.28,29.28,29.0,29.14,19594,-0.00546075085324238
2014-11-20,29.04,29.37,29.04,29.37,23343,0.007892930679478383
2014-11-21,29.76,29.76,29.39,29.46,22723,0.003064351378958108
2014-11-24,29.54,29.75,29.53,29.68,39017,0.00746775288526802
2014-11-25,29.78,29.88,29.66,29.7,14750,0.0006738544474393926
2014-11-26,29.74,29.78,29.7,29.75,19229,0.0016835016835017313
2014-11-28,29.73,29.76,29.53,29.53,6147,-0.007394957983193229
2014-12-01,29.49,29.49,29.09,29.09,36216,-0.014900101591601822
2014-12-02,29.11,29.37,29.11,29.25,25727,0.0055001718803713295
2014-12-03,29.3,29.6,29.24,29.57,25833,0.010940170940170857
2014-12-04,29.54,29.54,29.34,29.43,33131,-0.004734528238079183
2014-12-05,29.53,29.64,29.5,29.56,36768,0.004417261297995134
2014-12-08,29.5,29.66,29.15,29.21,18326,-0.01184032476319341
2014-12-09,28.94,29.49,28.9,29.49,40327,0.009585758301951408
2014-12-10,29.43,29.45,28.91,28.98,31804,-0.017293997965411978
2014-12-11,29.03,29.32,29.0,29.04,51726,0.0020703933747412417
2014-12-12,28.77,28.96,28.6,28.68,43975,-0.012396694214875992
2014-12-15,28.85,28.91,28.36,28.49,39738,-0.00662482566248257
2014-12-16,28.5,28.82,28.32,28.48,42399,-0.0003510003510003301
2014-12-17,28.67,29.12,28.45,29.11,63996,0.022120786516854007
2014-12-18,29.45,29.55,29.26,29.54,63832,0.014771556166265798
2014-12-19,29.56,29.75,29.48,29.69,25748,0.005077860528097666
2014-12-22,29.65,29.73,29.57,29.68,33384,-0.0003368137420006745
2014-12-23,29.92,29.96,29.84,29.89,24734,0.007075471698113178
2014-12-24,30.0,30.0,29.86,29.94,17696,0.0016728002676480447
2014-12-26,29.98,30.16,29.98,30.06,13712,0.004008016032064132
2014-12-29,30.11,30.25,30.11,30.24,24789,0.0059880239520957446
2014-12-30,30.17,30.22,30.12,30.14,21852,-0.003306878306878258
2014-12-31,30.15,30.23,29.81,29.85,24849,-0.009621765096217594
2015-01-02,29.94,30.0,29.46,29.73,36817,-0.004020100502512558
2015-01-05,29.58,29.58,29.14,29.27,84147,-0.015472586612849004
2015-01-06,29.38,29.38,28.65,28.84,77007,-0.014690809702767371
2015-01-07,29.09,29.13,28.89,29.09,79315,0.008668515950069455
2015-01-08,29.32,29.65,29.32,29.64,77723,0.01890684083877625
2015-01-09,29.7,29.7,29.36,29.36,31491,-0.009446693657220062
2015-01-12,29.38,29.43,29.0,29.21,58335,-0.005108991825613085
2015-01-13,29.45,29.75,28.98,29.21,29067,0.0
2015-01-14,29.0,29.15,28.75,29.12,114811,-0.003081136597055778
2015-01-15,29.22,29.22,28.72,28.73,35119,-0.013392857142857206
2015-01-16,28.69,29.08,28.64,29.08,17240,0.012182387747998513
2015-01-20,29.14,29.14,28.74,28.94,24412,-0.004814305364511551
2015-01-21,28.85,29.13,28.85,28.99,20480,0.001727712508638568
2015-01-22,29.24,29.61,28.97,29.59,66294,0.020696791997240505
2015-01-23,29.63,29.68,29.49,29.53,28193,-0.002027712064886722
2015-01-26,29.48,29.79,29.36,29.75,23456,0.0074500507958008555
2015-01-27,29.52,29.78,29.46,29.61,21112,-0.004705882352941226
2015-01-28,29.82,29.82,29.18,29.23,27531,-0.012833502195204294
2015-01-29,29.29,29.49,29.1,29.48,59125,0.00855285665412242
2015-01-30,29.32,29.38,28.95,28.95,33035,-0.017978290366350125
2015-02-02,29.05,29.25,28.65,29.22,71875,0.00932642487046631
2015-02-03,29.4,29.85,29.4,29.84,91623,0.021218343600273748
2015-02-04,29.78,29.94,29.7,29.72,49739,-0.004021447721179627
2015-02-05,29.87,30.13,29.84,30.12,42502,0.013458950201884257
2015-02-06,30.15,30.23,29.95,30.02,27954,-0.0033200531208499307
2015-02-09,29.98,30.07,29.85,29.9,31278,-0.003997335109926725
2015-02-10,30.09,30.09,29.79,30.07,461684,0.005685618729097008
2015-02-11,30.05,30.08,29.88,30.0,107797,-0.002327901563019652
2015-02-12,30.25,30.38,30.19,30.38,58392,0.012666666666666604
2015-02-13,30.41,30.59,30.37,30.56,26572,0.00592495062541154
2015-02-17,30.62,30.64,30.48,30.49,91226,-0.0022905759162303863
2015-02-18,30.48,30.67,30.46,30.64,86926,0.004919645785503413
2015-02-19,30.64,30.68,30.57,30.62,60653,-0.0006527415143603443
2015-02-20,30.58,30.76,30.43,30.72,19636,0.003265839320705455
2015-02-23,30.68,30.71,30.51,30.71,45458,-0.0003255208333332593
2015-02-24,30.71,30.83,30.7,30.79,40068,0.0026050146532072826
2015-02-25,30.8,30.84,30.69,30.78,26680,-0.00032478077297815044
2015-02-26,30.8,30.83,30.66,30.79,49955,0.0003248862897984317
2015-02-27,30.7,30.81,30.7,30.7,49187,-0.002923026956804131
2015-03-02,30.73,30.95,30.68,30.9,32442,0.006514657980456029
2015-03-03,30.91,30.91,30.72,30.81,24033,-0.002912621359223322
2015-03-04,30.67,30.67,30.51,30.64,32224,-0.005517689061992792
2015-03-05,30.69,30.7,30.51,30.66,40405,0.0006527415143602333
2015-03-06,30.53,30.59,30.2,30.25,52915,-0.013372472276581893
2015-03-09,30.34,30.44,30.3,30.38,49222,0.004297520661157073
2015-03-10,30.17,30.17,29.97,30.01,90410,-0.012179065174456771
2015-03-11,30.07,30.18,29.94,30.12,96103,0.0036654448517161597
2015-03-12,30.36,30.62,30.33,30.62,118995,0.016600265604249653
2015-03-13,30.59,30.59,30.19,30.49,129098,-0.004245591116917136
2015-03-16,30.52,30.71,30.52,30.69,163848,0.006559527714004698
2015-03-17,30.64,30.78,30.57,30.75,170389,0.0019550342130987275
2015-03-18,30.74,31.13,30.65,31.04,131879,0.009430894308943172
2015-03-19,31.02,31.07,30.94,31.04,118037,0.0
2015-03-20,31.18,31.36,31.14,31.35,148767,0.009987113402061931
2015-03-23,31.39,31.45,31.27,31.36,144617,0.00031897926634760765
2015-03-24,31.34,31.35,31.21,31.24,149128,-0.003826530612244916
2015-03-25,31.31,31.31,30.67,30.71,128215,-0.01696542893725983
2015-03-26,30.64,30.71,30.48,30.61,129271,-0.003256268316509381
2015-03-27,30.64,30.82,30.55,30.82,137844,0.0068605031035609
2015-03-30,30.89,31.14,30.89,31.11,102613,0.00940947436729389
2015-03-31,30.91,31.07,30.91,31.03,141042,-0.002571520411443262
2015-04-01,31.0,31.03,30.74,30.87,121672,-0.005156300354495658
2015-04-02,30.96,31.24,30.96,31.07,173127,0.006478781988985993
2015-04-06,30.93,31.29,30.93,31.24,179438,0.005471515931766868
2015-04-07,31.23,31.27,31.07,31.07,172750,-0.005441741357234298
2015-04-08,31.1,31.24,31.0,31.2,115442,0.004184100418409997
2015-04-09,31.22,31.24,30.92,31.16,108772,-0.0012820512820512775
2015-04-10,31.22,31.27,31.17,31.23,107725,0.002246469833119491
2015-04-13,31.26,31.32,31.16,31.16,110806,-0.0022414345180915562
2015-04-14,31.23,31.25,31.01,31.2,127972,0.0012836970474967568
2015-04-15,31.35,31.5,31.3,31.43,182247,0.007371794871794846
2015-04-16,31.41,31.44,31.31,31.36,126363,-0.00222717149220486
2015-04-17,31.2,31.2,30.84,30.93,139705,-0.013711734693877542
2015-04-20,31.13,31.25,31.06,31.2,111221,0.008729388942773975
2015-04-21,31.34,31.34,31.11,31.12,154053,-0.002564102564102555
2015-04-22,31.16,31.23,30.94,31.21,158319,0.002892030848329119
2015-04-23,31.21,31.42,31.16,31.36,99049,0.004806151874399145
2015-04-24,31.39,31.39,31.22,31.25,116273,-0.0035076530612244694
2015-04-27,31.39,31.44,30.95,30.96,191710,-0.009279999999999955
2015-04-28,31.01,31.19,30.88,31.19,175036,0.007428940568475539
2015-04-29,31.05,31.07,30.86,30.93,155103,-0.008336005129849333
2015-04-30,30.79,30.84,30.42,30.5,97232,-0.01390236016812152
2015-05-01,30.59,30.75,30.56,30.75,120818,0.008196721311475308
2015-05-04,30.8,30.96,30.7,30.87,135612,0.0039024390243902474
2015-05-05,30.84,30.93,30.43,30.5,157747,-0.011985746679624265
2015-05-06,30.55,30.55,30.31,30.46,129721,-0.0013114754098360049
2015-05-07,30.49,30.65,30.4,30.58,99896,0.003939592908732692
2015-05-08,30.92,30.94,30.8,30.86,99658,0.00915631131458472
2015-05-11,30.86,31.01,30.79,30.84,106932,-0.0006480881399870686
2015-05-12,30.75,30.81,30.46,30.77,129915,-0.0022697795071335847
2015-05-13,30.84,30.87,30.66,30.75,103238,-0.0006499837504062578
2015-05-14,30.93,31.04,30.82,31.04,128676,0.009430894308943172
2015-05-15,31.02,31.04,30.89,31.03,126629,-0.0003221649484534961
2015-05-18,31.02,31.3,30.98,31.29,146874,0.008378988076055416
2015-05-19,31.27,31.28,31.09,31.18,146569,-0.003515500159795404
2015-05-20,31.29,31.29,31.12,31.22,96001,0.0012828736369467908
2015-05-21,31.2,31.31,31.07,31.24,115308,0.0006406149903908087
2015-05-22,31.2,31.22,31.04,31.1,81350,-0.004481434058898781
2015-05-26,30.96,30.96,30.64,30.74,137542,-0.011575562700964714
2015-05-27,30.79,31.03,30.71,31.02,155090,0.009108653220559537
2015-05-28,30.98,30.99,30.84,30.99,87168,-0.0009671179883946612
2015-05-29,30.98,30.98,30.66,30.81,116385,-0.0058083252662148865
2015-06-01,30.95,30.97,30.64,30.85,121210,0.0012982797792924217
2015-06-02,30.78,31.09,30.74,30.96,100894,0.003565640194489461
2015-06-03,31.04,31.22,30.94,31.17,89854,0.006782945736434121
2015-06-04,31.05,31.13,30.84,30.86,108454,-0.009945460378569249
2015-06-05,30.77,31.02,30.71,31.02,104997,0.005184705119896327
2015-06-08,30.97,30.98,30.73,30.79,113594,-0.007414571244358514
2015-06-09,30.8,30.8,30.6,30.67,129609,-0.0038973692757388045
2015-06-10,30.85,31.17,30.85,31.11,102078,0.014346266710140165
2015-06-11,31.14,31.21,31.1,31.15,112759,0.0012857602057216866
2015-06-12,31.11,31.16,30.99,31.1,91672,-0.0016051364365969878
2015-06-15,30.86,30.96,30.66,30.89,111757,-0.006752411575562722
2015-06-16,30.9,31.12,30.89,31.11,108721,0.007122045969569335
2015-06-17,31.2,31.24,30.96,31.09,109151,-0.0006428801028608433
2015-06-18,31.23,31.44,31.19,31.33,81839,0.0077195239626888235
2015-06-19,31.41,31.41,31.27,31.33,181935,0.0
2015-06-22,31.45,31.51,31.39,31.45,119802,0.0038301947015639826
2015-06-23,31.51,31.55,31.42,31.55,115009,0.0031796502384737746
2015-06-24,31.51,31.54,31.24,31.26,142622,-0.009191759112519793
2015-06-25,31.39,31.41,31.11,31.2,168845,-0.0019193857965451588
2015-06-26,31.31,31.31,31.05,31.22,114997,0.0006410256410256387
2015-06-29,30.89,30.98,30.35,30.35,176071,-0.027866752081998625
2015-06-30,30.6,30.6,30.31,30.37,121432,0.0006589785831960793
2015-07-01,30.88,30.88,30.4,30.53,158338,0.0052683569311819944
2015-07-02,30.58,30.59,30.3,30.41,94780,-0.003930560104814962
2015-07-06,30.18,30.41,30.11,30.24,98168,-0.005590266359750129
2015-07-07,30.31,30.38,29.82,30.35,94946,0.0036375661375662727
2015-07-08,30.16,30.16,29.8,29.94,111705,-0.013509060955518959
2015-07-09,30.22,30.22,29.92,29.95,87960,0.00033400133600536286
2015-07-10,30.22,30.31,30.19,30.25,83846,0.01001669449081799
2015-07-13,30.44,30.56,30.44,30.53,100645,0.009256198347107558
2015-07-14,30.55,30.7,30.54,30.66,95150,0.004258106780216098
2015-07-15,30.7,30.7,30.39,30.41,88153,-0.008153946510110921
2015-07-16,30.63,30.64,30.53,30.57,125970,0.005261427162117638
2015-07-17,30.59,30.59,30.3,30.34,83068,-0.0075237160614982646
2015-07-20,30.34,30.34,30.17,30.24,216554,-0.0032959789057350752
2015-07-21,30.27,30.42,30.11,30.15,156924,-0.0029761904761904656
2015-07-22,30.03,30.21,30.03,30.16,116230,0.0003316749585406953
2015-07-23,30.27,30.28,29.87,29.9,176757,-0.008620689655172487
2015-07-24,29.93,29.93,29.52,29.55,136046,-0.011705685618728978
2015-07-27,29.47,29.47,29.26,29.29,222950,-0.00879864636209815
2015-07-28,29.4,29.61,29.18,29.56,153335,0.009218163195629847
2015-07-29,29.58,29.91,29.56,29.86,123683,0.010148849797023018
2015-07-30,29.83,29.97,29.74,29.96,75826,0.0033489618218351946
2015-07-31,30.0,30.2,30.0,30.1,97428,0.004672897196261738
2015-08-03,30.04,30.04,29.75,29.9,96702,-0.006644518272425293
2015-08-04,29.95,30.07,29.8,29.86,165648,-0.0013377926421404007
2015-08-05,30.07,30.23,29.88,29.98,81023,0.004018754186202234
2015-08-06,30.04,30.04,29.62,29.75,79685,-0.007671781187458371
2015-08-07,29.69,29.74,29.54,29.64,93806,-0.00369747899159667
2015-08-10,29.76,30.1,29.76,30.07,128250,0.014507422402159298
2015-08-11,29.87,29.88,29.73,29.83,88329,-0.007981376787495886
2015-08-12,29.67,29.82,29.4,29.78,83671,-0.0016761649346295204
2015-08-13,29.78,29.87,29.65,29.73,94584,-0.00167897918065818
2015-08-14,29.72,29.97,29.7,29.95,85450,0.007399932727884195
2015-08-17,29.88,30.16,29.79,30.16,73488,0.007011686143572726
2015-08-18,30.12,30.13,29.94,30.0,113110,-0.0053050397877983935
2015-08-19,29.86,29.92,29.56,29.74,105092,-0.008666666666666711
2015-08-20,29.46,29.46,29.01,29.01,95497,-0.024546065904505587
2015-08-21,28.78,28.89,28.47,28.47,856351,-0.018614270941054945
2015-08-24,27.91,28.18,24.95,27.45,1217758,-0.035827186512118026
2015-08-25,28.08,28.08,27.09,27.09,193152,-0.013114754098360604
2015-08-26,27.65,27.81,27.1,27.74,158725,0.023994093761535495
2015-08-27,28.06,28.51,27.9,28.37,159914,0.022710886806056374
2015-08-28,28.33,28.63,28.33,28.54,116709,0.00599224532957332
2015-08-31,28.44,28.7,28.38,28.56,86159,0.0007007708479327412
2015-09-01,28.05,28.17,27.6,27.7,113841,-0.030112044817927175
2015-09-02,28.08,28.08,27.7,28.06,84570,0.012996389891696714
2015-09-03,28.17,28.45,28.15,28.19,89748,0.004632929436920952
2015-09-04,27.96,28.09,27.77,27.88,131990,-0.01099680737850306
2015-09-08,28.23,28.49,28.19,28.45,78026,0.02044476327116218
2015-09-09,28.67,28.67,28.16,28.16,113845,-0.010193321616871698
2015-09-10,28.13,28.4,28.13,28.22,105092,0.0021306818181818787
2015-09-11,28.07,28.26,27.98,28.26,74641,0.0014174344436570507
2015-09-14,28.38,28.38,28.08,28.16,73772,-0.0035385704175513455
2015-09-15,28.19,28.52,28.17,28.5,128422,0.012073863636363535
2015-09-16,28.51,28.82,28.45,28.8,111325,0.010526315789473717
2015-09-17,28.8,29.14,28.73,28.74,83970,-0.002083333333333437
2015-09-18,28.42,28.63,28.25,28.25,62721,-0.017049408489909434
2015-09-21,28.49,28.7,28.36,28.41,119594,0.005663716814159336
2015-09-22,28.08,28.22,27.88,28.0,74645,-0.014431538190777915
2015-09-23,28.03,28.11,27.82,27.88,75111,-0.004285714285714337
2015-09-24,27.75,27.84,27.51,27.78,164796,-0.0035868005738880493
2015-09-25,28.0,28.0,27.58,27.7,147338,-0.0028797696184306165
2015-09-28,27.48,27.48,26.84,26.89,205009,-0.02924187725631766
2015-09-29,26.92,27.06,26.73,26.85,173952,-0.0014875418371141924
2015-09-30,27.05,27.22,26.93,27.21,92555,0.013407821229050265
2015-10-01,27.23,27.23,26.87,27.14,78280,-0.0025725836089672827
2015-10-02,26.95,27.5,26.74,27.5,248865,0.013264554163596065
2015-10-05,27.74,28.22,27.72,28.22,87045,0.026181818181818084
2015-10-06,28.22,28.4,28.08,28.2,160082,-0.0007087172218285254
2015-10-07,28.36,28.56,28.2,28.53,105267,0.011702127659574568
2015-10-08,28.53,29.0,28.51,28.96,97320,0.015071854188573486
2015-10-09,29.05,29.08,28.88,28.99,113208,0.001035911602209838
2015-10-12,29.04,29.04,28.84,28.95,79164,-0.0013797861331493744
2015-10-13,28.84,29.07,28.64,28.64,62599,-0.010708117443868681
2015-10-14,28.63,28.78,28.4,28.42,102680,-0.007681564245810013
2015-10-15,28.49,28.76,28.27,28.75,106646,0.011611541168191408
2015-10-16,28.89,28.89,28.61,28.79,81208,0.0013913043478259723
2015-10-19,28.68,28.88,28.68,28.85,77693,0.002084056964223757
2015-10-20,28.9,29.15,28.83,28.99,83546,0.004852686308492116
2015-10-21,29.06,29.06,28.56,28.56,89197,-0.01483270093135558
2015-10-22,28.75,28.97,28.63,28.81,94005,0.008753501400560193
2015-10-23,29.1,29.1,28.79,28.99,64739,0.006247830614370065
2015-10-26,29.0,29.0,28.83,28.88,200938,-0.0037944118661606963
2015-10-27,28.79,28.79,28.39,28.52,92124,-0.012465373961218829
2015-10-28,28.62,29.18,28.62,29.17,91879,0.022791023842917424
2015-10-29,29.12,29.13,28.88,28.96,128036,-0.007199177236887233
2015-10-30,28.94,29.12,28.91,28.98,144779,0.0006906077348065587
2015-11-02,28.97,29.5,28.93,29.44,128231,0.015873015873015817
2015-11-03,29.42,29.69,29.36,29.56,110673,0.0040760869565217295
2015-11-04,29.62,29.63,29.38,29.45,117375,-0.003721244925575129
2015-11-05,29.47,29.57,29.26,29.54,172369,0.0030560271646860038
2015-11-06,29.44,29.59,29.25,29.55,207817,0.0003385240352065111
2015-11-09,29.58,29.58,29.06,29.2,169015,-0.011844331641285955
2015-11-10,29.11,29.29,29.05,29.28,206262,0.00273972602739736
2015-11-11,29.37,29.37,29.06,29.11,84520,-0.0058060109289618245
2015-11-12,28.91,28.91,28.5,28.5,85496,-0.020954998282377124
2015-11-13,28.44,28.54,28.2,28.3,144403,-0.007017543859649145
2015-11-16,28.26,28.64,28.24,28.63,73606,0.011660777385158916
2015-11-17,28.7,28.84,28.49,28.53,101752,-0.0034928396786586546
2015-11-18,28.62,29.0,28.58,28.97,209697,0.015422362425516978
2015-11-19,28.95,29.0,28.86,28.94,98198,-0.0010355540214013192
2015-11-20,29.06,29.18,29.06,29.1,122155,0.005528680027643507
2015-11-23,29.12,29.31,29.1,29.19,216453,0.003092783505154628
2015-11-24,29.09,29.44,29.01,29.39,173549,0.006851661527920605
2015-11-25,29.41,29.58,29.34,29.54,188153,0.0051037767948280965
2015-11-27,29.56,29.65,29.47,29.58,50864,0.0013540961408260443
2015-11-30,29.73,29.73,29.5,29.54,78477,-0.0013522650439485862
2015-12-01,29.66,29.73,29.51,29.7,152246,0.005416384563303955
2015-12-02,29.72,29.72,29.33,29.35,189745,-0.011784511784511675
2015-12-03,29.45,29.52,28.79,28.93,155249,-0.014310051107325417
2015-12-04,28.94,29.22,28.94,29.19,143790,0.008987210508123011
2015-12-07,29.21,29.21,28.75,28.82,101254,-0.012675573826652964
2015-12-08,28.58,28.72,28.42,28.6,149706,-0.007633587786259555
2015-12-09,28.5,28.82,28.2,28.3,162168,-0.010489510489510523
2015-12-10,28.27,28.54,28.24,28.37,103148,0.002473498233215521
2015-12-11,28.1,28.1,27.72,27.81,105408,-0.01973916108565399
2015-12-14,27.81,27.89,27.39,27.6,187781,-0.007551240560949246
2015-12-15,27.77,28.01,27.77,27.93,149889,0.011956521739130421
2015-12-16,28.13,28.36,28.0,28.31,194787,0.013605442176870763
2015-12-17,28.38,28.38,27.95,27.95,139719,-0.01271635464500176
2015-12-18,27.84,27.84,27.5,27.5,387211,-0.01610017889087656
2015-12-21,27.6,27.67,27.41,27.57,393018,0.0025454545454546285
2015-12-22,27.65,27.96,27.5,27.89,219238,0.011606819006166225
2015-12-23,28.02,28.31,28.02,28.3,183302,0.014700609537468656
2015-12-24,28.29,28.43,28.22,28.34,71576,0.001413427561837377
2015-12-28,28.14,28.16,27.94,28.15,105156,-0.006704304869442512
2015-12-29,28.28,28.45,28.18,28.42,169856,0.009591474245115528
2015-12-30,28.4,28.43,28.2,28.2,155898,-0.007741027445461013
2015-12-31,28.12,28.21,27.96,27.97,137774,-0.008156028368794366
2016-01-04,27.49,27.49,27.18,27.47,139247,-0.017876296031462235
2016-01-05,27.54,27.57,27.35,27.51,119362,0.0014561339643248683
2016-01-06,27.18,27.34,26.99,27.13,169172,-0.013813158851326834
2016-01-07,26.65,26.86,26.39,26.45,701128,-0.025064504238849983
2016-01-08,26.52,26.57,26.0,26.02,468988,-0.01625708884688093
2016-01-11,26.09,26.18,25.7,25.93,515632,-0.0034588777863182596
2016-01-12,26.17,26.23,25.62,25.96,191555,0.0011569610489781113
2016-01-13,26.04,26.14,25.17,25.25,422082,-0.02734976887519258
2016-01-14,25.36,25.72,25.0,25.53,997986,0.011089108910891099
2016-01-15,24.85,25.14,24.59,25.1,497093,-0.01684292988640812
2016-01-19,25.34,25.34,24.64,24.87,275701,-0.009163346613545786
2016-01-20,24.49,25.0,23.89,24.77,408150,-0.004020908725371974
2016-01-21,24.85,25.23,24.73,24.89,107313,0.004844570044408636
2016-01-22,25.27,25.51,25.19,25.45,310625,0.02249899558055435
2016-01-25,25.31,25.31,24.86,24.86,141603,-0.023182711198428296
2016-01-26,25.02,25.54,25.02,25.52,131702,0.026548672566371723
2016-01-27,25.4,25.7,25.14,25.25,148266,-0.010579937304075249
2016-01-28,25.51,25.54,25.2,25.26,250583,0.0003960396039603964
2016-01-29,25.39,26.01,25.39,26.01,130794,0.029691211401425166
2016-02-01,25.89,26.14,25.77,26.02,141713,0.00038446751249510136
2016-02-02,25.87,25.87,25.35,25.43,123281,-0.02267486548808606
2016-02-03,25.65,25.65,24.98,25.54,192307,0.004325599685411019
2016-02-04,25.49,25.97,25.49,25.75,127543,0.008222396241190255
2016-02-05,25.59,25.64,25.16,25.17,159287,-0.022524271844660104
2016-02-08,24.88,24.96,24.43,24.78,1384176,-0.015494636471990453
2016-02-09,24.47,24.86,24.46,24.66,184918,-0.004842615012106588
2016-02-10,24.83,25.13,24.68,24.7,140142,0.0016220600162206722
2016-02-11,24.28,24.46,24.09,24.34,323352,-0.014574898785425061
2016-02-12,24.55,24.81,24.47,24.77,304601,0.01766639276910431
2016-02-16,25.06,25.36,24.94,25.32,133281,0.02220427937020597
2016-02-17,25.5,25.89,25.5,25.74,131015,0.016587677725118377
2016-02-18,25.79,25.79,25.6,25.7,117657,-0.0015540015540015384
2016-02-19,25.6,25.79,25.47,25.72,100477,0.0007782101167315147
2016-02-22,25.98,26.16,25.98,26.09,295952,0.014385692068429323
2016-02-23,26.0,26.02,25.88,25.88,100107,-0.00804906094289004
2016-02-24,25.64,26.17,25.59,26.14,147439,0.01004636785162294
2016-02-25,26.2,26.4,26.12,26.4,160887,0.009946442234123776
2016-02-26,26.52,26.63,26.44,26.51,67438,0.004166666666666874
2016-02-29,26.53,26.76,26.47,26.47,202483,-0.0015088645794041344
2016-03-01,26.67,26.99,26.58,26.99,241707,0.019644880997355507
2016-03-02,26.95,27.28,26.89,27.26,120883,0.010003705075954272
2016-03-03,27.25,27.64,27.23,27.64,165078,0.013939838591342513
2016-03-04,27.67,27.96,27.61,27.81,132114,0.006150506512300868
2016-03-07,27.71,28.11,27.71,28.1,105223,0.010427903631787139
2016-03-08,27.97,27.97,27.48,27.5,137745,-0.02135231316725983
2016-03-09,27.6,27.72,27.49,27.66,83012,0.005818181818181722
2016-03-10,27.76,27.8,27.22,27.5,84865,-0.005784526391901634
2016-03-11,27.73,28.08,27.7,28.06,111284,0.02036363636363636
2016-03-14,27.95,28.01,27.77,27.92,148395,-0.0049893086243761875
2016-03-15,27.78,27.78,27.57,27.64,111071,-0.01002865329512903
2016-03-16,27.55,28.0,27.55,27.91,93324,0.00976845151953687
2016-03-17,27.9,28.47,27.9,28.41,94565,0.017914725904693674
2016-03-18,28.48,28.66,28.47,28.59,92350,0.0063357972544877406
2016-03-21,28.46,28.55,28.36,28.49,189925,-0.0034977264777894534
2016-03-22,28.29,28.49,28.25,28.39,125716,-0.003510003510003412
2016-03-23,28.28,28.28,27.96,27.98,78268,-0.014441704825642887
2016-03-24,27.77,27.98,27.65,27.98,91125,0.0
2016-03-28,28.07,28.13,27.83,28.02,116243,0.0014295925661185205
2016-03-29,27.96,28.61,27.95,28.61,154820,0.021056388294075745
2016-03-30,28.78,28.84,28.58,28.67,164344,0.002097168822090323
2016-03-31,28.64,28.79,28.63,28.7,181579,0.001046389954656446
2016-04-01,28.46,28.76,28.35,28.75,90473,0.0017421602787457413
2016-04-04,28.73,28.75,28.42,28.43,104376,-0.011130434782608667
2016-04-05,28.21,28.29,28.09,28.09,77935,-0.011959198030249696
2016-04-06,28.11,28.37,28.04,28.37,71366,0.009967960128159481
2016-04-07,28.2,28.22,27.84,27.97,157026,-0.014099400775467119
2016-04-08,28.18,28.36,28.08,28.16,80283,0.006792992491955641
2016-04-11,28.31,28.53,28.14,28.14,85854,-0.0007102272727272929
2016-04-12,28.17,28.56,28.15,28.51,92921,0.013148542999289248
2016-04-13,28.7,29.04,28.64,29.02,97286,0.01788846018940715
2016-04-14,28.98,29.06,28.89,28.94,100497,-0.002756719503790417
2016-04-15,28.86,29.06,28.86,29.01,97961,0.002418797512093951
2016-04-18,28.87,29.19,28.86,29.15,137583,0.004825922095828883
2016-04-19,29.24,29.44,29.16,29.3,251426,0.005145797598627766
2016-04-20,29.3,29.48,29.19,29.34,174056,0.0013651877133105117
2016-04-21,29.36,29.41,29.08,29.14,81521,-0.0068166325835037345
2016-04-22,29.12,29.47,29.12,29.41,94434,0.009265614275909329
2016-04-25,29.36,29.38,29.07,29.18,132184,-0.007820469228153715
2016-04-26,29.29,29.57,29.28,29.54,93479,0.012337217272104128
2016-04-27,29.57,29.78,29.54,29.75,110857,0.007109004739336511
2016-04-28,29.58,29.78,29.38,29.39,91538,-0.012100840336134455
2016-04-29,29.31,29.39,28.96,29.15,674216,-0.008166042871725177
2016-05-02,29.23,29.37,29.09,29.34,100321,0.0065180102915951554
2016-05-03,29.13,29.13,28.7,28.89,104634,-0.015337423312883458
2016-05-04,28.77,29.05,28.69,28.75,104916,-0.0048459674627898686
2016-05-05,28.88,28.92,28.63,28.66,105852,-0.00313043478260866
2016-05-06,28.58,28.86,28.58,28.86,100860,0.006978367062107527
2016-05-09,28.82,28.92,28.67,28.78,120822,-0.002772002772002735
2016-05-10,28.86,29.16,28.86,29.16,89829,0.013203613620569765
2016-05-11,29.06,29.08,28.82,28.82,73536,-0.011659807956104218
2016-05-12,28.9,29.03,28.58,28.75,65065,-0.002428868841082621
2016-05-13,28.63,28.77,28.41,28.47,99591,-0.009739130434782695
2016-05-16,28.53,28.86,28.53,28.75,127362,0.009834913944503088
2016-05-17,28.71,28.9,28.31,28.42,167646,-0.01147826086956516
2016-05-18,28.37,28.64,28.25,28.38,97411,-0.0014074595355384467
2016-05-19,28.23,28.29,28.0,28.23,93589,-0.005285412262156397
2016-05-20,28.34,28.6,28.32,28.59,88583,0.012752391073326264
2016-05-23,28.63,28.66,28.49,28.55,61037,-0.0013990905911157592
2016-05-24,28.7,29.04,28.69,29.01,96245,0.016112084063047316
2016-05-25,29.1,29.27,29.05,29.26,85167,0.008617718028266053
2016-05-26,29.32,29.37,29.16,29.19,77864,-0.0023923444976076125
2016-05-27,29.21,29.41,29.17,29.41,63514,0.007536827680712621
2016-05-31,29.47,29.55,29.39,29.48,95874,0.002380142808568575
2016-06-01,29.38,29.65,29.26,29.6,98493,0.004070556309362372
2016-06-02,29.56,29.76,29.52,29.76,93765,0.00540540540540535
2016-06-03,29.73,29.73,29.45,29.63,74988,-0.004368279569892608
2016-06-06,29.71,30.01,29.71,29.96,69446,0.011137360782990324
2016-06-07,30.0,30.18,29.95,30.09,83219,0.0043391188251000745
2016-06-08,30.12,30.3,30.09,30.25,129881,0.005317381189763992
2016-06-09,30.16,30.16,30.0,30.11,73824,-0.004628099173553779
2016-06-10,29.83,29.88,29.59,29.68,84361,-0.0142809697774825
2016-06-13,29.54,29.67,29.32,29.36,97651,-0.010781671159029615
2016-06-14,29.25,29.36,29.05,29.24,109608,-0.004087193460490468
2016-06-15,29.29,29.49,29.24,29.26,75864,0.0006839945280439075
2016-06-16,29.05,29.2,28.81,29.17,112799,-0.0030758714969241208
2016-06-17,29.23,29.42,29.17,29.3,77573,0.004456633527596843
2016-06-20,29.63,29.82,29.57,29.61,107999,0.01058020477815691
2016-06-21,29.59,29.6,29.39,29.52,93020,-0.003039513677811523
2016-06-22,29.59,29.72,29.44,29.44,136009,-0.0027100271002709064
2016-06-23,29.72,29.99,29.72,29.99,549764,0.01868206521739113
2016-06-24,28.98,29.24,28.72,28.78,185715,-0.0403467822607535
2016-06-27,28.36,28.36,27.64,27.78,152685,-0.03474635163307849
2016-06-28,28.02,28.29,28.02,28.22,114081,0.015838732901367836
2016-06-29,28.57,28.85,28.54,28.84,131390,0.021970233876683176
2016-06-30,28.83,29.35,28.76,29.35,116711,0.017683772538141573
2016-07-01,29.47,29.6,29.37,29.51,113416,0.00545144804088582
2016-07-05,29.37,29.37,28.87,29.06,116534,-0.015249068112504371
2016-07-06,28.9,29.26,28.84,29.23,98574,0.0058499655884378665
2016-07-07,29.29,29.51,29.1,29.25,72560,0.0006842285323298558
2016-07-08,29.53,29.93,29.53,29.9,101998,0.022222222222222143
2016-07-11,30.06,30.24,30.06,30.18,78199,0.00936454849498336
2016-07-12,30.42,30.72,30.42,30.6,90175,0.013916500994035852
2016-07-13,30.71,30.75,30.42,30.54,114380,-0.0019607843137255943
2016-07-14,30.75,30.77,30.6,30.61,84598,0.002292075965946383
2016-07-15,30.73,30.73,30.53,30.62,95990,0.0003266906239791645
2016-07-18,30.59,30.72,30.53,30.67,90749,0.0016329196603528384
2016-07-19,30.6,30.64,30.46,30.52,94026,-0.004890772742093374
2016-07-20,30.57,30.76,30.42,30.69,78198,0.005570117955439047
2016-07-21,30.64,30.79,30.48,30.55,298766,-0.004561746497230401
2016-07-22,30.51,30.77,30.48,30.74,82974,0.00621931260229136
2016-07-25,30.67,30.73,30.56,30.65,121270,-0.002927781392322748
2016-07-26,30.67,30.9,30.67,30.89,125695,0.007830342577487936
2016-07-27,30.94,31.0,30.68,30.81,121702,-0.002589834898025334
2016-07-28,30.79,30.84,30.63,30.77,283035,-0.0012982797792924217
2016-07-29,30.71,30.99,30.62,30.89,138074,0.0038999025024375467
2016-08-01,30.89,30.93,30.69,30.78,176271,-0.0035610229847846675
2016-08-02,30.78,30.83,30.32,30.38,192417,-0.01299545159194293
2016-08-03,30.32,30.57,30.29,30.57,105146,0.006254114549045564
2016-08-04,30.59,30.69,30.52,30.6,106253,0.0009813542688910104
2016-08-05,30.8,31.07,30.77,31.02,160510,0.013725490196078383
2016-08-08,31.04,31.15,31.0,31.06,122241,0.0012894906511926596
2016-08-09,31.07,31.12,30.98,31.01,148686,-0.0016097875080488544
2016-08-10,31.0,31.03,30.78,30.84,133426,-0.005482102547565315
2016-08-11,30.97,31.03,30.88,30.96,121188,0.0038910505836575737
2016-08-12,30.91,30.99,30.78,30.9,129405,-0.0019379844961241455
2016-08-15,30.95,31.22,30.95,31.15,123667,0.008090614886731462
2016-08-16,31.1,31.1,30.89,30.9,354363,-0.008025682182985605
2016-08-17,30.87,30.87,30.66,30.84,106843,-0.001941747572815511
2016-08-18,30.85,31.08,30.85,31.07,158238,0.00745784695201035
2016-08-19,30.99,31.1,30.93,31.09,129770,0.0006437077566785465
2016-08-22,30.98,31.11,30.92,31.11,121435,0.0006432936635574205
2016-08-23,31.24,31.4,31.24,31.34,142670,0.007393121182899476
2016-08-24,31.25,31.26,31.04,31.06,175558,-0.00893426930440333
2016-08-25,31.0,31.24,31.0,31.16,96741,0.003219575016097931
2016-08-26,31.2,31.41,30.9,31.02,162994,-0.00449293966623876
2016-08-29,31.05,31.3,31.05,31.22,96952,0.006447453255963964
2016-08-30,31.23,31.29,31.08,31.2,185954,-0.0006406149903908087
2016-08-31,31.16,31.2,30.93,31.1,160393,-0.0032051282051280827
2016-09-01,31.09,31.15,30.78,31.07,121694,-0.0009646302250804206
2016-09-02,31.23,31.41,31.23,31.41,144556,0.010943031863533959
2016-09-06,31.45,31.45,31.22,31.34,170568,-0.0022285896211398093
2016-09-07,31.32,31.54,31.32,31.54,186205,0.0063816209317166805
2016-09-08,31.49,31.5,31.4,31.45,159218,-0.0028535193405199166
2016-09-09,31.19,31.19,30.45,30.45,216932,-0.031796502384737635
2016-09-12,30.27,30.84,30.24,30.83,113814,0.012479474548440006
2016-09-13,30.57,30.62,30.08,30.24,141682,-0.01913720402205643
2016-09-14,30.23,30.37,30.11,30.13,168323,-0.0036375661375661617
2016-09-15,30.12,30.52,30.12,30.47,181554,0.01128443411881852
2016-09-16,30.35,30.37,30.25,30.32,150739,-0.004922874958976031
2016-09-19,30.45,30.69,30.4,30.53,129088,0.006926121372031746
2016-09-20,30.65,30.66,30.37,30.37,122177,-0.005240746806419949
2016-09-21,30.47,30.8,30.38,30.78,124484,0.01350016463615411
2016-09-22,30.98,31.26,30.98,31.25,167640,0.01526965562053273
2016-09-23,31.17,31.19,31.02,31.02,87670,-0.007360000000000033
2016-09-26,30.88,30.97,30.79,30.79,114231,-0.007414571244358514
2016-09-27,30.73,30.89,30.7,30.82,115260,0.0009743423189347844
2016-09-28,30.89,31.17,30.73,31.17,113701,0.011356262167423692
2016-09-29,31.13,31.22,30.79,30.88,183047,-0.0093038177735002
2016-09-30,30.98,31.25,30.93,31.14,125758,0.008419689119171014
2016-10-03,30.95,31.02,30.81,30.91,137317,-0.0073859987154785145
2016-10-04,30.96,31.01,30.66,30.79,300362,-0.003882238757683676
2016-10-05,30.89,31.12,30.89,31.0,122091,0.006820396232543047
2016-10-06,30.94,31.03,30.76,30.99,357417,-0.00032258064516133
2016-10-07,31.04,31.04,30.6,30.78,202227,-0.006776379477250627
2016-10-10,30.91,31.15,30.91,31.01,130292,0.007472384665367038
2016-10-11,30.92,30.92,30.37,30.5,144276,-0.016446307642695945
2016-10-12,30.5,30.68,30.41,30.58,163326,0.0026229508196720097
2016-10-13,30.31,30.47,30.12,30.38,129139,-0.0065402223675604665
2016-10-14,30.49,30.62,30.31,30.32,162966,-0.0019749835418038098
2016-10-17,30.35,30.42,30.3,30.31,123453,-0.00032981530343012544
2016-10-18,30.62,30.62,30.46,30.49,113139,0.005938634114153629
2016-10-19,30.56,30.77,30.47,30.71,151027,0.007215480485405212
2016-10-20,30.64,30.66,30.44,30.58,124776,-0.004233148811462195
2016-10-21,30.36,30.57,30.31,30.53,89060,-0.0016350555918900334
2016-10-24,30.71,30.88,30.57,30.7,137463,0.005568293481821085
2016-10-25,30.64,30.64,30.4,30.44,149329,-0.008469055374592749
2016-10-26,30.28,30.49,30.24,30.31,144090,-0.004270696452036926
2016-10-27,30.36,30.36,29.96,30.01,227781,-0.00989772352358953
2016-10-28,30.0,30.22,29.89,29.98,190280,-0.0009996667777407708
2016-10-31,30.03,30.14,29.95,30.11,132139,0.00433622414943291
2016-11-01,30.18,30.18,29.61,29.75,213530,-0.011956160743938904
2016-11-02,29.69,29.75,29.47,29.48,141026,-0.009075630252100786
2016-11-03,29.56,29.63,29.4,29.42,197206,-0.002035278154681075
2016-11-04,29.47,29.81,29.44,29.54,209650,0.004078857919782353
2016-11-07,30.06,30.21,30.02,30.16,205414,0.02098849018280302
2016-11-08,30.09,30.37,29.99,30.24,145687,0.0026525198938991412
2016-11-09,29.99,31.07,29.96,30.99,285323,0.024801587301587213
2016-11-10,31.35,31.58,31.12,31.36,330495,0.011939335269441687
2016-11-11,31.47,31.87,31.38,31.81,247269,0.014349489795918435
2016-11-14,32.16,32.48,32.15,32.35,197345,0.01697579377554237
2016-11-15,32.38,32.55,32.2,32.5,300404,0.004636785162287493
2016-11-16,32.45,32.55,32.38,32.5,195932,0.0
2016-11-17,32.6,32.73,32.53,32.63,182661,0.0040000000000000036
2016-11-18,32.66,32.73,32.62,32.7,258965,0.0021452650934723483
2016-11-21,32.8,32.99,32.71,32.91,210083,0.006422018348623659
2016-11-22,33.03,33.31,33.03,33.31,214235,0.0121543603767853
2016-11-23,33.25,33.49,33.2,33.48,200944,0.005103572500750442
2016-11-25,33.53,33.62,33.52,33.61,186461,0.0038829151732377998
2016-11-28,33.65,33.65,33.26,33.29,211281,-0.00952097590002976
2016-11-29,33.31,33.38,33.16,33.24,196736,-0.0015019525382996557
2016-11-30,33.45,33.5,33.2,33.23,219171,-0.00030084235860428077
2016-12-01,33.37,33.44,33.08,33.16,174690,-0.002106530243755622
2016-12-02,33.18,33.34,33.12,33.2,158861,0.0012062726176118588
2016-12-05,33.45,33.72,33.43,33.69,168202,0.014759036144578186
2016-12-06,33.77,34.05,33.61,34.03,320243,0.010092015434847168
2016-12-07,34.04,34.49,34.01,34.42,176283,0.011460476050543678
2016-12-08,34.58,34.97,34.45,34.9,221069,0.01394538059267858
2016-12-09,35.02,35.02,34.79,34.93,261123,0.0008595988538682153
2016-12-12,34.94,35.03,34.56,34.66,222158,-0.00772974520469516
2016-12-13,34.81,34.88,34.49,34.64,285526,-0.0005770340450085287
2016-12-14,34.59,34.7,34.12,34.19,250447,-0.012990762124711397
2016-12-15,34.27,34.64,34.18,34.46,193664,0.007897045919859735
2016-12-16,34.49,34.71,34.32,34.32,190492,-0.004062681369704002
2016-12-19,34.32,34.48,34.26,34.44,231578,0.0034965034965033226
2016-12-20,34.57,34.78,34.55,34.76,318197,0.009291521486643362
2016-12-21,34.8,34.8,34.6,34.61,313250,-0.004315304948216303
2016-12-22,34.6,34.6,34.19,34.28,310620,-0.009534816527015266
2016-12-23,34.29,34.39,34.25,34.38,166305,0.0029171528588098905
2016-12-27,34.45,34.67,34.45,34.54,256921,0.0046538685282140335
2016-12-28,34.6,34.64,34.1,34.17,212225,-0.010712217718587103
2016-12-29,34.18,34.37,34.06,34.22,212930,0.0014632718759144403
2016-12-30,34.3,34.35,33.97,34.1,212458,-0.003506721215663311
2017-01-03,34.48,34.57,34.07,34.34,221801,0.007038123167155463
2017-01-04,34.48,34.93,34.48,34.9,387361,0.01630751310425138
2017-01-05,34.83,34.83,34.38,34.52,291031,-0.010888252148997024
2017-01-06,34.6,34.6,34.33,34.37,212656,-0.004345307068366333
2017-01-09,34.31,34.34,34.02,34.08,253175,-0.008437590922315996
2017-01-10,34.13,34.46,34.08,34.4,252893,0.009389671361502261
2017-01-11,34.43,34.52,34.25,34.5,246985,0.0029069767441860517
2017-01-12,34.46,34.46,33.88,34.24,306072,-0.007536231884057942
2017-01-13,34.34,34.57,34.34,34.42,192607,0.005257009345794428
2017-01-17,34.29,34.39,34.04,34.1,283362,-0.00929692039511909
2017-01-18,34.21,34.24,33.94,34.24,235893,0.004105571847507372
2017-01-19,34.28,34.35,33.83,33.98,223642,-0.007593457943925408
2017-01-20,34.09,34.25,33.97,34.11,182866,0.003825779870512136
2017-01-23,34.05,34.11,33.81,34.02,233962,-0.0026385224274405594
2017-01-24,34.13,34.6,34.13,34.51,264685,0.014403292181069727
2017-01-25,34.76,34.89,34.72,34.82,253012,0.0089829035062301
2017-01-26,34.86,34.93,34.65,34.71,202458,-0.0031591039632394846
2017-01-27,34.74,34.74,34.4,34.53,304149,-0.0051858254105444646
2017-01-30,34.34,34.34,33.85,34.14,272784,-0.011294526498696777
2017-01-31,34.04,34.3,33.9,34.24,254859,0.0029291154071471315
2017-02-01,34.46,34.59,34.08,34.23,190011,-0.0002920560747664558
2017-02-02,34.2,34.32,34.08,34.15,222226,-0.002337131171486928
2017-02-03,34.43,34.58,34.31,34.56,205741,0.012005856515373559
2017-02-06,34.48,34.52,34.28,34.38,262291,-0.00520833333333337
2017-02-07,34.39,34.51,34.15,34.25,257274,-0.0037812681791740133
2017-02-08,34.16,34.28,33.97,34.23,260517,-0.0005839416058395219
2017-02-09,34.35,34.75,34.35,34.7,237662,0.013730645632486382
2017-02-10,34.87,35.0,34.79,34.96,206680,0.007492795389048901
2017-02-13,35.15,35.22,34.99,35.04,264023,0.0022883295194506825
2017-02-14,34.96,35.11,34.85,35.08,345084,0.0011415525114155667
2017-02-15,34.98,35.28,34.96,35.22,233740,0.003990877993158559
2017-02-16,35.25,35.31,34.99,35.13,317529,-0.0025553662691651935
2017-02-17,35.02,35.09,34.92,35.09,279195,-0.001138627953316207
2017-02-21,35.22,35.47,35.09,35.46,231982,0.010544314619549633
2017-02-22,35.35,35.4,35.22,35.31,228285,-0.004230118443316333
2017-02-23,35.44,35.44,34.92,35.05,280421,-0.007363353157745833
2017-02-24,34.82,35.06,34.76,35.05,309483,0.0
2017-02-27,35.03,35.35,34.97,35.34,397567,0.008273894436519491
2017-02-28,35.25,35.25,34.88,34.89,265859,-0.012733446519524683
2017-03-01,35.3,35.55,35.3,35.47,350410,0.01662367440527368
2017-03-02,35.45,35.45,35.04,35.08,245849,-0.010995207217366798
2017-03-03,35.05,35.17,34.85,34.99,207220,-0.0025655644241732167
2017-03-06,34.83,34.84,34.63,34.78,256335,-0.006001714775650258
2017-03-07,34.75,34.79,34.5,34.52,226680,-0.0074755606670500185
2017-03-08,34.62,34.66,34.29,34.29,217811,-0.006662804171494896
2017-03-09,34.29,34.4,33.99,34.1,236735,-0.00554097404491094
2017-03-10,34.3,34.4,34.06,34.25,240065,0.004398826979472137
2017-03-13,34.27,34.46,34.25,34.34,272757,0.0026277372262775156
2017-03-14,34.2,34.24,33.94,34.18,352924,-0.004659289458357696
2017-03-15,34.36,34.75,34.26,34.7,194560,0.015213575190169859
2017-03-16,34.8,34.85,34.64,34.72,203824,0.0005763688760804797
2017-03-17,34.79,34.87,34.62,34.81,442498,0.00259216589861766
2017-03-20,34.78,34.8,34.53,34.61,71578,-0.005745475438092562
2017-03-21,34.76,34.76,33.86,33.91,302714,-0.0202253683906386
2017-03-22,33.79,33.9,33.65,33.88,221947,-0.0008846947803006211
2017-03-23,33.91,34.26,33.78,34.06,183855,0.005312868949232552
2017-03-24,34.15,34.26,33.85,34.01,186807,-0.0014679976512038673
2017-03-27,33.69,34.04,33.5,33.99,214868,-0.0005880623346073977
2017-03-28,33.89,34.3,33.82,34.25,254962,0.007649308620182316
2017-03-29,34.19,34.45,34.15,34.41,166326,0.004671532846715287
2017-03-30,34.45,34.65,34.44,34.65,175025,0.006974716652136115
2017-03-31,34.67,34.82,34.57,34.71,145183,0.0017316017316018062
2017-04-03,34.67,34.69,34.15,34.26,231691,-0.012964563526361328
2017-04-04,34.19,34.32,34.1,34.2,308040,-0.0017513134851137035
2017-04-05,34.4,34.54,33.88,33.95,189723,-0.007309941520467822
2017-04-06,34.0,34.28,33.88,34.26,346077,0.009131075110456521
2017-04-07,34.17,34.31,34.1,34.21,300032,-0.0014594279042614566
2017-04-10,34.22,34.54,34.18,34.35,216845,0.004092370651856303
2017-04-11,34.27,34.56,34.16,34.56,221052,0.006113537117903967
2017-04-12,34.53,34.53,34.05,34.08,176552,-0.01388888888888895
2017-04-13,34.03,34.13,33.72,33.73,198133,-0.010269953051643244
2017-04-17,33.82,34.11,33.74,34.11,200797,0.011265935369107805
2017-04-18,34.01,34.16,33.9,34.14,309360,0.0008795074758136678
2017-04-19,34.21,34.44,34.15,34.21,224649,0.00205038078500297
2017-04-20,34.38,34.61,34.31,34.6,253184,0.011400175387313638
2017-04-21,34.52,34.58,34.4,34.46,160569,-0.004046242774566444
2017-04-24,34.88,34.91,34.72,34.81,299028,0.010156703424260005
2017-04-25,35.07,35.21,35.05,35.08,192646,0.007756391841424737
2017-04-26,35.08,35.43,35.07,35.26,171904,0.0051311288483466555
2017-04-27,35.31,35.39,35.08,35.22,156159,-0.0011344299489506326
2017-04-28,35.26,35.26,34.84,34.84,154720,-0.010789324247586496
2017-05-01,34.97,35.09,34.77,34.97,175406,0.003731343283581934
2017-05-02,34.97,35.02,34.78,34.86,201975,-0.0031455533314269646
2017-05-03,34.78,34.84,34.59,34.7,185526,-0.004589787722317773
2017-05-04,34.77,34.82,34.33,34.54,213440,-0.004610951008645614
2017-05-05,34.65,34.77,34.5,34.77,134595,0.00665894614939222
2017-05-08,34.78,34.83,34.53,34.66,178968,-0.0031636468219731206
2017-05-09,34.69,34.79,34.55,34.64,231195,-0.0005770340450085287
2017-05-10,34.6,34.87,34.6,34.83,197393,0.00548498845265577
2017-05-11,34.71,34.71,34.33,34.6,155584,-0.006603502727533628
2017-05-12,34.49,34.49,34.26,34.32,186225,-0.008092485549133
2017-05-15,34.43,34.68,34.43,34.53,201044,0.006118881118881037
2017-05-16,34.59,34.59,34.33,34.49,183225,-0.0011584129742252536
2017-05-17,34.07,34.17,33.73,33.75,223258,-0.02145549434618732
2017-05-18,33.66,33.91,33.57,33.76,212307,0.000296296296296239
2017-05-19,33.89,34.22,33.83,34.09,183534,0.009774881516587897
2017-05-22,34.16,34.32,34.14,34.3,148158,0.006160164271047153
2017-05-23,34.39,34.43,34.16,34.36,321489,0.001749271137026387
2017-05-24,34.36,34.45,34.22,34.35,163656,-0.00029103608847491635
2017-05-25,34.5,34.57,34.29,34.37,254056,0.0005822416302765365
2017-05-26,34.32,34.37,34.2,34.36,188984,-0.0002909514111142375
2017-05-30,34.27,34.35,34.14,34.19,163446,-0.004947613504074577
2017-05-31,34.23,34.23,33.82,34.14,257329,-0.00146241591108498
2017-06-01,34.25,34.74,34.19,34.74,171563,0.017574692442882345
2017-06-02,34.77,35.05,34.73,34.85,187075,0.0031663788140472438
2017-06-05,34.82,34.86,34.66,34.67,136196,-0.005164992826398818
2017-06-06,34.5,34.71,34.37,34.54,202934,-0.0037496394577445358
2017-06-07,34.56,34.67,34.47,34.53,147952,-0.0002895193977996424
2017-06-08,34.54,34.97,34.46,34.87,160871,0.0098465102809151
2017-06-09,34.94,35.24,34.92,35.06,356292,0.005448809865213899
2017-06-12,35.08,35.26,35.01,35.09,248120,0.0008556759840274708
2017-06-13,35.17,35.31,35.1,35.28,170413,0.0054146480478767245
2017-06-14,35.29,35.29,34.93,35.06,165458,-0.006235827664399007
2017-06-15,34.77,34.96,34.76,34.9,153898,-0.004563605248146141
2017-06-16,34.85,34.85,34.65,34.83,171899,-0.0020057306590257618
2017-06-19,34.9,35.04,34.88,34.97,172028,0.0040195233993682855
2017-06-20,34.89,34.93,34.59,34.62,256979,-0.010008578781813049
2017-06-21,34.65,34.73,34.33,34.34,154962,-0.008087810514153526
2017-06-22,34.33,34.55,34.23,34.43,233979,0.002620850320325996
2017-06-23,34.48,34.67,34.37,34.65,207578,0.006389776357827337
2017-06-26,34.61,34.79,34.5,34.71,174484,0.0017316017316018062
2017-06-27,34.7,34.79,34.45,34.45,158013,-0.0074906367041197575
2017-06-28,34.68,34.99,34.65,34.9,338445,0.013062409288824295
2017-06-29,34.94,34.95,34.4,34.73,163676,-0.00487106017191985
2017-06-30,34.78,34.86,34.67,34.75,132543,0.0005758710048950899
2017-07-03,34.88,35.11,34.84,35.03,161265,0.008057553956834607
2017-07-05,34.95,34.95,34.63,34.78,167741,-0.007136739937196657
2017-07-06,34.59,34.73,34.28,34.33,177451,-0.012938470385278955
2017-07-07,34.39,34.64,34.34,34.62,125076,0.008447422079813638
2017-07-10,34.52,34.66,34.45,34.5,148888,-0.0034662045060658286
2017-07-11,34.48,34.54,34.28,34.54,134523,0.001159420289855051
2017-07-12,34.72,34.99,34.71,34.75,156192,0.006079907353792713
2017-07-13,34.77,34.89,34.64,34.89,204536,0.004028776978417303
2017-07-14,34.83,35.09,34.83,34.96,184979,0.0020063055316710265
2017-07-17,34.97,35.2,34.94,35.12,206715,0.004576659038901587
2017-07-18,35.02,35.05,34.89,34.97,190455,-0.004271070615034178
2017-07-19,35.07,35.4,35.07,35.4,146338,0.012296253931941559
2017-07-20,35.42,35.46,35.29,35.36,174275,-0.001129943502824804
2017-07-21,35.35,35.35,35.15,35.23,201389,-0.003676470588235392
2017-07-24,35.2,35.2,35.07,35.17,140082,-0.0017030939540163548
2017-07-25,35.38,35.58,35.32,35.52,166386,0.009951663349445639
2017-07-26,35.52,35.57,35.27,35.32,182899,-0.00563063063063074
2017-07-27,35.36,35.38,35.06,35.24,186351,-0.0022650056625140857
2017-07-28,35.16,35.22,35.01,35.12,126884,-0.0034052213393871433
2017-07-31,,,,35.06,162978,-0.0017084282460135825
2017-08-01,35.21,35.26,35.02,35.17,219642,0.0031374786081004302
2017-08-02,35.1,35.14,34.68,34.8,186671,-0.010520329826556818
2017-08-03,34.79,34.82,34.57,34.64,168618,-0.0045977011494251485
2017-08-04,34.74,34.8,34.66,34.79,195858,0.004330254041570392
2017-08-07,34.79,34.85,34.65,34.74,178141,-0.0014371945961482169
2017-08-08,34.71,35.0,34.61,34.67,242300,-0.002014968336211842
2017-08-09,34.48,34.55,34.35,34.43,204971,-0.006922411306605203
2017-08-10,34.33,34.35,33.93,33.93,258805,-0.014522218995062453
2017-08-11,33.88,34.0,33.75,33.93,214997,0.0
2017-08-14,34.13,34.42,34.13,34.33,202109,0.01178897730621875
2017-08-15,34.38,34.38,34.07,34.1,379689,-0.00669967958054174
2017-08-16,34.14,34.28,34.08,34.12,194269,0.0005865102639295294
2017-08-17,34.03,34.18,33.55,33.56,257903,-0.016412661195779443
2017-08-18,33.46,33.62,33.34,33.5,219321,-0.0017878426698451078
2017-08-21,33.45,33.52,33.39,33.45,152811,-0.0014925373134327957
2017-08-22,33.57,33.84,33.57,33.81,341179,0.010762331838565009
2017-08-23,33.63,33.84,33.63,33.74,200065,-0.0020703933747412417
2017-08-24,33.85,33.9,33.75,33.75,152532,0.00029638411381149865
2017-08-25,33.89,34.04,33.85,33.95,184789,0.005925925925926112
2017-08-28,34.06,34.08,33.85,33.97,159165,0.0005891016200292309
2017-08-29,33.75,33.98,33.7,33.96,183911,-0.00029437739181625844
2017-08-30,33.91,34.16,33.88,34.12,164944,0.004711425206124664
2017-08-31,34.24,34.47,34.24,34.45,150609,0.009671746776084511
2017-09-01,34.52,34.67,34.5,34.65,162110,0.005805515239477366
2017-09-05,34.65,34.71,34.17,34.32,148695,-0.00952380952380949
2017-09-06,34.43,34.47,34.33,34.41,177895,0.002622377622377492
2017-09-07,34.45,34.46,34.23,34.35,299923,-0.0017436791630338622
2017-09-08,34.27,34.42,34.22,34.36,156492,0.00029112081513815724
2017-09-11,34.6,34.75,34.59,34.72,178983,0.010477299185098987
2017-09-12,34.78,34.98,34.78,34.94,172354,0.006336405529953959
2017-09-13,34.93,35.09,34.92,35.05,181795,0.003148254149971441
2017-09-14,34.99,35.06,34.96,34.99,150791,-0.0017118402282452205
2017-09-15,34.96,35.2,34.95,35.2,170642,0.0060017147756501465
2017-09-18,35.13,35.29,35.1,35.21,158068,0.00028409090909087276
2017-09-19,35.25,35.26,35.17,35.2,146589,-0.00028401022436796985
2017-09-20,35.25,35.4,35.23,35.38,261156,0.005113636363636376
2017-09-21,35.35,35.4,35.28,35.3,157452,-0.002261164499717472
2017-09-22,35.27,35.49,35.27,35.48,148818,0.005099150141643083
2017-09-25,35.48,35.65,35.4,35.63,2220682,0.0042277339346112885
2017-09-26,35.63,35.81,35.59,35.73,192081,0.002806623631770755
2017-09-27,35.86,36.2,35.68,36.13,2024865,0.011195074167366537
2017-09-28,36.09,36.19,35.95,36.18,224933,0.001383891502906076
2017-09-29,36.2,36.3,36.16,36.28,259240,0.0027639579878386833
2017-10-02,36.27,36.63,36.21,36.63,391347,0.009647188533627338
2017-10-03,36.68,36.7,36.52,36.7,396253,0.0019110019110020193
2017-10-04,36.65,36.74,36.54,36.6,204458,-0.0027247956403270157
2017-10-05,36.7,36.84,36.68,36.74,538267,0.0038251366120218844
2017-10-06,36.58,36.69,36.56,36.63,253108,-0.0029940119760478723
2017-10-09,36.67,36.76,36.46,36.51,165447,-0.003276003276003414
2017-10-10,36.64,36.75,36.54,36.62,207490,0.003012873185428644
2017-10-11,36.59,36.63,36.56,36.56,7775,-0.0016384489350080855
2017-10-12,36.5,36.6,36.38,36.54,246009,-0.000547045951860059
2017-10-13,36.63,36.7,36.5,36.52,264672,-0.0005473453749315071
2017-10-16,36.58,36.67,36.45,36.5,169538,-0.0005476451259585069
2017-10-17,36.49,36.55,36.36,36.42,200402,-0.0021917808219177326
2017-10-18,36.53,36.62,36.46,36.57,223878,0.004118616144975329
2017-10-19,36.38,36.52,36.27,36.49,221444,-0.0021875854525567062
2017-10-20,36.7,36.76,36.61,36.73,197868,0.006577144423129511
2017-10-23,36.78,36.78,36.47,36.51,220983,-0.005989654233596431
2017-10-24,36.57,36.68,36.53,36.58,207538,0.0019172829361819854
2017-10-25,36.48,36.48,36.1,36.35,196119,-0.006287588846364045
2017-10-26,36.47,36.55,36.44,36.52,149594,0.00467675378266863
2017-10-27,36.5,36.68,36.35,36.68,196470,0.004381161007666945
2017-10-30,36.48,36.59,36.22,36.32,185678,-0.009814612868047967
2017-10-31,36.44,36.64,36.43,36.57,316563,0.006883259911894202
2017-11-01,36.81,36.82,36.31,36.48,177629,-0.0024610336341264194
2017-11-02,36.45,36.62,36.39,36.52,284379,0.0010964912280704286
2017-11-03,36.47,36.5,36.43,36.46,155427,-0.0016429353778751876
2017-11-06,36.47,36.62,36.46,36.58,182182,0.003291278113000562
2017-11-07,36.59,36.65,36.21,36.3,169820,-0.007654455986878084
2017-11-08,36.28,36.46,36.1,36.38,186430,0.0022038567493114503
2017-11-09,36.16,36.48,36.1,36.32,182884,-0.0016492578339747377
2017-11-10,36.3,36.44,36.29,36.35,208328,0.0008259911894272776
2017-11-13,36.2,36.36,36.13,36.31,172331,-0.0011004126547454751
2017-11-14,36.18,36.28,36.16,36.23,283176,-0.0022032497934454387
2017-11-15,36.03,36.18,35.86,36.02,207474,-0.005796301407673066
2017-11-16,36.2,36.61,36.2,36.56,174198,0.014991671293725695
2017-11-17,36.46,36.78,36.46,36.72,228301,0.004376367614879584
2017-11-20,36.77,36.92,36.7,36.92,179099,0.005446623093682046
2017-11-21,37.07,37.26,37.03,37.2,212136,0.007583965330444142
2017-11-22,37.24,37.35,37.17,37.17,216731,-0.0008064516129032695
2017-11-24,37.28,37.28,37.14,37.19,147226,0.0005380683346782877
2017-11-27,37.22,37.28,37.1,37.1,218952,-0.0024200053777896358
2017-11-28,37.18,37.64,37.16,37.62,223813,0.014016172506738478
2017-11-29,37.71,37.94,37.71,37.86,200022,0.006379585326953707
2017-11-30,38.0,38.12,37.83,37.95,236667,0.0023771790808242432
2017-12-01,37.96,37.96,37.0,37.84,275808,-0.0028985507246376274
