Date,Open,High,Low,Close,Volume,FNDC Percent Change
2013-08-15,25.1,25.1,24.83,24.94,11432,
2013-08-16,25.25,25.25,24.99,24.99,8950,0.00200481154771448
2013-08-19,25.21,25.21,25.01,25.05,3887,0.0024009603841537164
2013-08-20,25.21,25.21,24.91,25.02,5176,-0.0011976047904191933
2013-08-21,24.99,24.99,24.8,24.91,3427,-0.0043964828137489365
2013-08-22,24.96,25.02,24.94,24.99,16300,0.0032115616218384435
2013-08-23,25.09,25.22,25.08,25.21,5381,0.008803521408563553
2013-08-26,25.06,25.06,24.96,24.96,15504,-0.009916699722332445
2013-08-27,24.71,24.73,24.48,24.49,7542,-0.018830128205128305
2013-08-28,24.52,24.6,24.51,24.52,10304,0.001224989791751785
2013-08-29,24.54,24.59,24.5,24.55,4769,0.0012234910277324484
2013-08-30,24.37,24.37,24.24,24.24,1924,-0.012627291242362615
2013-09-03,24.74,24.74,24.58,24.59,10155,0.014438943894389489
2013-09-04,24.65,24.85,24.65,24.84,7058,0.010166734444896353
2013-09-05,24.83,24.87,24.77,24.77,16105,-0.0028180354267310914
2013-09-06,24.97,24.97,24.85,24.85,12803,0.0032297133629390906
2013-09-09,25.22,25.33,25.18,25.33,11731,0.019315895372233216
2013-09-10,25.67,25.67,25.6,25.65,5877,0.012633241215949553
2013-09-11,25.62,25.62,25.55,25.62,12661,-0.0011695906432747094
2013-09-12,25.59,25.62,25.4,25.43,61886,-0.007416081186572998
2013-09-13,25.56,25.56,25.51,25.54,6227,0.004325599685411019
2013-09-16,26.0,26.0,25.85,25.85,15008,0.012137823022709604
2013-09-17,25.85,25.92,25.8,25.86,14176,0.0003868471953578645
2013-09-18,25.83,26.6,25.83,26.55,43388,0.026682134570765736
2013-09-19,26.6,27.17,26.32,26.44,4899,-0.004143126177024503
2013-09-20,26.3,26.3,26.16,26.18,3918,-0.009833585476550777
2013-09-23,26.18,26.2,26.08,26.14,6668,-0.0015278838808250317
2013-09-24,26.16,26.29,26.16,26.28,13376,0.005355776587605332
2013-09-25,26.18,26.2,26.18,26.2,1973,-0.003044140030441511
2013-09-26,26.35,26.37,26.28,26.36,9736,0.006106870229007688
2013-09-27,26.26,26.34,26.24,26.31,2080,-0.0018968133535660625
2013-09-30,26.42,26.42,26.14,26.3,4371,-0.0003800836183959211
2013-10-01,26.43,26.43,26.31,26.31,608,0.0003802281368820992
2013-10-02,26.24,26.29,26.24,26.29,870,-0.0007601672367920642
2013-10-03,26.1,26.16,26.05,26.08,33444,-0.007987828071510106
2013-10-04,26.06,26.15,26.04,26.08,6906,0.0
2013-10-07,26.0,26.01,25.76,25.8,12632,-0.010736196319018343
2013-10-08,25.82,25.82,25.68,25.7,5867,-0.003875968992248069
2013-10-09,25.94,25.95,25.7,25.85,19506,0.005836575875486361
2013-10-10,26.2,26.35,26.14,26.35,19304,0.01934235976789167
2013-10-11,26.44,26.45,26.35,26.44,6954,0.0034155597722960174
2013-10-14,26.41,26.57,26.37,26.53,3995,0.0034039334341906535
2013-10-15,26.81,26.81,26.42,26.42,9394,-0.004146249528835244
2013-10-16,26.5,26.56,26.4,26.56,23173,0.005299015897047621
2013-10-17,26.74,26.88,26.71,26.88,21806,0.012048192771084265
2013-10-18,27.57,27.57,27.0,27.14,43425,0.009672619047619069
2013-10-21,27.41,27.41,27.08,27.16,18908,0.0007369196757553986
2013-10-22,27.29,27.35,27.24,27.35,7558,0.006995581737849754
2013-10-23,27.09,27.09,26.94,26.99,7048,-0.013162705667276176
2013-10-24,27.33,27.33,27.14,27.24,7095,0.009262689885142672
2013-10-25,27.2,27.2,27.05,27.11,12922,-0.004772393538913344
2013-10-28,27.16,27.16,27.03,27.08,5494,-0.0011066027296201542
2013-10-29,27.15,27.15,27.07,27.11,9829,0.0011078286558345862
2013-10-30,27.23,27.23,27.0,27.12,11512,0.0003688675765400884
2013-10-31,27.11,27.13,27.0,27.04,25103,-0.002949852507374673
2013-11-01,26.86,26.86,26.71,26.8,21730,-0.008875739644970349
2013-11-04,26.94,26.94,26.81,26.9,17358,0.003731343283581934
2013-11-05,26.8,26.8,26.65,26.74,10923,-0.005947955390334547
2013-11-06,27.0,27.01,26.94,27.01,13372,0.010097232610321694
2013-11-07,26.61,26.71,26.53,26.53,10907,-0.0177711958533876
2013-11-08,26.25,26.73,26.25,26.73,11789,0.007538635506973312
2013-11-11,26.8,26.8,26.68,26.71,4247,-0.0007482229704451893
2013-11-12,26.73,26.73,26.64,26.7,6860,-0.0003743916136279557
2013-11-13,26.65,26.83,26.52,26.82,8403,0.004494382022471877
2013-11-14,26.89,26.93,26.81,26.93,4896,0.004101416853094619
2013-11-15,27.33,27.33,27.05,27.14,7138,0.007797994801336916
2013-11-18,27.26,27.26,27.1,27.1,8491,-0.0014738393515106862
2013-11-19,26.96,27.05,26.91,27.02,6986,-0.002952029520295274
2013-11-20,26.95,26.97,26.8,26.8,8354,-0.008142116950407119
2013-11-21,26.91,26.97,26.86,26.95,9352,0.005597014925373012
2013-11-22,27.01,27.01,26.83,26.99,5853,0.0014842300556585641
2013-11-25,26.98,26.98,26.85,26.88,7408,-0.004075583549462691
2013-11-26,26.91,26.98,26.85,26.97,9853,0.0033482142857141906
2013-11-27,27.06,27.06,26.95,26.99,4092,0.0007415647015200921
2013-11-29,26.83,27.09,26.83,27.09,2622,0.003705075954057113
2013-12-02,26.98,26.99,26.92,26.93,8786,-0.005906238464377989
2013-12-03,26.77,26.77,26.64,26.64,12661,-0.01076865948756034
2013-12-04,26.49,26.6,26.39,26.59,10523,-0.0018768768768768762
2013-12-05,26.59,26.59,26.41,26.47,6570,-0.004512974802557412
2013-12-06,26.76,26.78,26.64,26.76,11901,0.010955799017756007
2013-12-09,26.82,26.82,26.69,26.78,8820,0.0007473841554559435
2013-12-10,26.71,26.8,26.71,26.8,9290,0.0007468259895444529
2013-12-11,26.82,26.82,26.6,26.61,13320,-0.0070895522388060295
2013-12-12,26.53,26.53,26.42,26.5,12805,-0.004133784291619702
2013-12-13,26.47,26.48,26.38,26.46,5100,-0.0015094339622641062
2013-12-16,26.6,26.6,26.52,26.54,7270,0.003023431594860071
2013-12-17,26.52,26.55,26.46,26.53,6018,-0.00037678975131871795
2013-12-18,26.65,26.9,26.6,26.9,10328,0.013946475687900417
2013-12-19,26.71,26.77,26.65,26.75,12233,-0.005576208178438624
2013-12-20,26.72,26.91,26.72,26.87,14455,0.004485981308411269
2013-12-23,26.8,26.95,26.8,26.95,18141,0.0029772981019724476
2013-12-24,26.8,26.95,26.76,26.88,7780,-0.0025974025974025983
2013-12-26,27.01,27.09,27.01,27.06,7843,0.006696428571428603
2013-12-27,27.24,27.28,27.22,27.24,13486,0.006651884700665134
2013-12-30,27.37,27.47,27.36,27.46,8614,0.008076358296622788
2013-12-31,27.56,27.6,27.43,27.53,22686,0.0025491624180626893
2014-01-02,27.35,27.35,27.05,27.05,16508,-0.017435524881946995
2014-01-03,27.22,27.29,27.18,27.25,13916,0.007393715341959206
2014-01-06,27.3,27.33,27.26,27.29,9086,0.0014678899082567476
2014-01-07,27.32,27.39,27.31,27.37,12053,0.0029314767314034818
2014-01-08,27.48,27.48,27.36,27.36,30712,-0.00036536353671912103
2014-01-09,27.37,27.38,27.27,27.35,23797,-0.0003654970760232912
2014-01-10,27.45,27.68,27.44,27.66,17071,0.01133455210237666
2014-01-13,27.61,27.63,27.41,27.48,14901,-0.006507592190889366
2014-01-14,27.52,27.64,27.43,27.63,14208,0.005458515283842669
2014-01-15,27.61,27.74,27.61,27.69,12280,0.0021715526601520097
2014-01-16,27.66,27.68,27.56,27.68,9294,-0.0003611412062116681
2014-01-17,27.72,27.76,27.68,27.68,10671,0.0
2014-01-21,27.73,27.81,27.65,27.77,20814,0.0032514450867051625
2014-01-22,27.85,27.85,27.64,27.76,15932,-0.0003601008282317908
2014-01-23,27.67,27.67,27.4,27.44,10626,-0.011527377521613813
2014-01-24,27.17,27.17,26.91,26.91,23503,-0.01931486880466471
2014-01-27,26.85,26.85,26.54,26.73,23301,-0.006688963210702337
2014-01-28,26.84,27.02,26.84,27.02,11852,0.010849233071455355
2014-01-29,26.83,26.96,26.82,26.93,12045,-0.0033308660251665234
2014-01-30,26.92,26.95,26.8,26.89,38948,-0.001485332343111767
2014-01-31,26.47,26.71,26.44,26.61,21230,-0.010412792859799236
2014-02-03,26.51,26.51,26.09,26.09,25956,-0.019541525742202137
2014-02-04,26.01,26.2,25.64,26.19,4681,0.003832886163281035
2014-02-05,26.21,26.27,26.1,26.25,14827,0.002290950744558984
2014-02-06,26.44,26.7,26.44,26.7,7553,0.017142857142857126
2014-02-07,26.82,27.01,26.79,27.01,8543,0.011610486891385774
2014-02-10,26.92,26.92,26.87,26.89,6901,-0.004442798963346983
2014-02-11,26.99,27.29,26.99,27.25,12621,0.013387876534027399
2014-02-12,27.22,27.29,27.22,27.29,5605,0.0014678899082567476
2014-02-13,27.03,27.36,27.03,27.35,10438,0.0021986075485527223
2014-02-14,27.3,27.46,27.3,27.46,7992,0.004021937842778822
2014-02-18,27.58,27.71,27.58,27.71,12411,0.009104151493080748
2014-02-19,27.59,27.73,27.47,27.47,11192,-0.008661133164922452
2014-02-20,27.38,27.51,27.38,27.51,3635,0.0014561339643248683
2014-02-21,27.63,27.69,27.59,27.59,2875,0.00290803344238455
2014-02-24,27.74,27.99,27.74,27.84,11806,0.009061254077564307
2014-02-25,27.83,27.85,27.74,27.79,14556,-0.0017959770114942541
2014-02-26,27.76,27.76,27.66,27.66,5710,-0.004677941705649502
2014-02-27,27.67,27.73,27.66,27.73,3771,0.0025307302964570066
2014-02-28,27.9,28.1,27.9,28.01,9562,0.010097367472051921
2014-03-03,27.55,27.55,27.37,27.41,22511,-0.02142092109960736
2014-03-04,27.87,27.91,27.85,27.91,5235,0.01824151769427207
2014-03-05,27.9,27.91,27.87,27.9,4359,-0.00035829451809388235
2014-03-06,28.31,28.31,28.13,28.13,2492,0.008243727598566286
2014-03-07,28.25,28.25,28.02,28.09,12958,-0.0014219694276572659
2014-03-10,28.07,28.07,27.88,27.92,3421,-0.00605197579209682
2014-03-11,27.93,27.93,27.76,27.76,4996,-0.005730659025787954
2014-03-12,27.54,27.58,27.53,27.56,4160,-0.007204610951008772
2014-03-13,27.66,27.66,27.19,27.19,11366,-0.013425253991291686
2014-03-14,27.06,27.17,27.06,27.1,3720,-0.0033100404560499896
2014-03-17,27.39,27.44,27.31,27.43,5571,0.012177121771217658
2014-03-18,27.5,27.66,27.49,27.65,8789,0.00802041560335387
2014-03-19,27.67,27.67,27.34,27.34,9756,-0.011211573236889594
2014-03-20,27.13,27.17,27.02,27.13,10259,-0.007681053401609406
2014-03-21,27.27,27.27,27.01,27.01,2669,-0.0044231478068558205
2014-03-24,27.1,27.2,26.99,27.15,7252,0.005183265457237907
2014-03-25,27.38,27.38,27.18,27.33,19001,0.006629834254143541
2014-03-26,27.54,27.54,27.35,27.35,6098,0.0007317965605562193
2014-03-27,27.48,27.5,27.43,27.49,5703,0.00511882998171842
2014-03-28,27.84,27.84,27.72,27.75,8198,0.009457984721717105
2014-03-31,27.91,27.93,27.86,27.87,17911,0.00432432432432428
2014-04-01,28.11,28.11,28.01,28.07,18084,0.007176175098672299
2014-04-02,28.02,28.14,28.02,28.14,12680,0.0024937655860348684
2014-04-03,28.12,28.12,27.91,28.03,6429,-0.003909026297086005
2014-04-04,28.11,28.16,27.89,27.96,20879,-0.0024973242953978403
2014-04-07,27.83,27.9,27.75,27.86,3309,-0.003576537911301858
2014-04-08,27.65,27.68,27.63,27.68,11268,-0.006460875807609456
2014-04-09,27.93,28.02,27.82,28.02,10705,0.012283236994219626
2014-04-10,27.94,27.94,27.59,27.6,5343,-0.01498929336188426
2014-04-11,27.51,27.51,27.39,27.4,6742,-0.007246376811594346
2014-04-14,27.5,27.5,27.33,27.39,6892,-0.0003649635036495624
2014-04-15,27.43,27.43,27.25,27.34,6226,-0.001825483753194579
2014-04-16,27.67,27.72,27.56,27.71,10992,0.013533284564740233
2014-04-17,27.74,27.83,27.73,27.83,5198,0.004330566582461115
2014-04-21,27.96,27.96,27.82,27.89,12932,0.002155946819978549
2014-04-22,27.91,27.91,27.81,27.86,11187,-0.0010756543564002241
2014-04-23,27.94,27.94,27.86,27.87,7540,0.000358937544867155
2014-04-24,28.02,28.02,27.8,27.84,12792,-0.0010764262648008671
2014-04-25,27.93,27.93,27.8,27.85,13982,0.00035919540229900626
2014-04-28,27.89,27.89,27.73,27.88,9016,0.0010771992818670029
2014-04-29,27.99,28.05,27.91,27.98,31774,0.0035868005738881603
2014-04-30,27.88,27.98,27.85,27.98,4694,0.0
2014-05-01,27.98,28.11,27.98,28.08,9237,0.0035739814152966343
2014-05-02,28.12,28.14,28.05,28.1,6265,0.0007122507122507837
2014-05-05,27.99,28.08,27.92,28.08,4922,-0.000711743772242146
2014-05-06,28.17,28.17,28.06,28.06,17316,-0.0007122507122506727
2014-05-07,28.04,28.04,27.94,27.96,13652,-0.0035637918745544672
2014-05-08,28.04,28.07,27.93,27.93,5602,-0.0010729613733906351
2014-05-09,27.99,27.99,27.82,27.89,19535,-0.0014321518080916418
2014-05-12,28.02,28.08,28.02,28.08,3644,0.0068124775905340496
2014-05-13,28.07,28.08,27.99,28.08,3132,0.0
2014-05-14,28.05,28.05,28.02,28.02,15684,-0.002136752136752129
2014-05-15,27.94,27.94,27.69,27.81,8660,-0.007494646680942241
2014-05-16,27.73,27.73,27.62,27.7,6066,-0.003955411722401991
2014-05-19,27.59,27.71,27.59,27.71,7961,0.0003610108303249149
2014-05-20,27.59,27.59,27.53,27.58,8787,-0.004691447130999782
2014-05-21,27.75,27.78,27.67,27.78,5426,0.007251631617114063
2014-05-22,27.99,27.99,27.86,27.93,8525,0.005399568034557101
2014-05-23,28.09,28.09,27.97,28.09,10235,0.005728607232366567
2014-05-27,28.33,28.33,28.22,28.27,7830,0.006407974368102476
2014-05-28,28.29,28.31,28.23,28.29,8557,0.0007074637424830943
2014-05-29,28.47,28.47,28.37,28.47,13681,0.006362672322375307
2014-05-30,28.62,28.62,28.46,28.54,15226,0.0024587284861257164
2014-06-02,28.59,28.63,28.59,28.63,3455,0.0031534688156973356
2014-06-03,28.65,28.65,28.5,28.54,5863,-0.0031435557107928336
2014-06-04,28.62,28.63,28.44,28.63,8222,0.0031534688156973356
2014-06-05,28.62,28.76,28.62,28.76,3338,0.004540691582256562
2014-06-06,28.82,28.93,28.8,28.91,5502,0.005215577190542442
2014-06-09,28.82,28.93,28.82,28.93,10542,0.0006918021445865286
2014-06-10,28.81,28.81,28.71,28.81,6234,-0.0041479433114414155
2014-06-11,28.79,28.79,28.68,28.71,6594,-0.003471017007983246
2014-06-12,28.85,28.85,28.72,28.75,9671,0.0013932427725531493
2014-06-13,28.8,28.8,28.66,28.72,4966,-0.0010434782608695903
2014-06-16,28.69,28.7,28.64,28.69,1813,-0.0010445682451252214
2014-06-17,28.73,28.73,28.61,28.69,27550,0.0
2014-06-18,28.84,29.02,28.77,29.02,8504,0.011502265597769235
2014-06-19,29.13,29.13,29.03,29.09,12174,0.002412129565816601
2014-06-20,29.14,29.14,29.02,29.04,7175,-0.0017188037126160127
2014-06-23,29.01,29.02,28.9,28.97,8387,-0.002410468319559267
2014-06-24,28.92,29.0,28.85,28.85,5117,-0.004142216085605721
2014-06-25,28.73,28.88,28.73,28.88,8434,0.0010398613518196598
2014-06-26,28.92,28.96,28.8,28.96,6622,0.0027700831024930483
2014-06-27,28.89,28.96,28.84,28.96,8163,0.0
2014-06-30,29.03,29.09,29.03,29.09,2751,0.0044889502762430755
2014-07-01,29.25,29.4,29.25,29.38,13742,0.009969061533172896
2014-07-02,29.41,29.41,29.3,29.4,8462,0.000680735194009463
2014-07-03,29.46,29.46,29.4,29.45,6128,0.001700680272108901
2014-07-07,29.2,29.32,29.19,29.24,5435,-0.007130730050933787
2014-07-08,29.21,29.21,28.97,28.98,6652,-0.008891928864569021
2014-07-09,29.04,29.07,28.97,29.07,11276,0.0031055900621117516
2014-07-10,28.64,28.73,28.53,28.73,9780,-0.011695906432748537
2014-07-11,28.84,28.84,28.65,28.73,6230,0.0
2014-07-14,28.97,28.97,28.9,28.9,6312,0.00591715976331364
2014-07-15,29.01,29.01,28.74,28.81,4901,-0.0031141868512111204
2014-07-16,28.95,28.98,28.91,28.93,5526,0.004165220409580117
2014-07-17,28.89,28.94,28.75,28.75,6342,-0.006221914967162068
2014-07-18,28.84,28.92,28.72,28.9,22539,0.00521739130434784
2014-07-21,28.86,28.86,28.71,28.82,4859,-0.0027681660899653293
2014-07-22,29.02,29.02,28.9,28.96,5366,0.004857737682165242
2014-07-23,29.18,29.18,29.04,29.08,12843,0.004143646408839796
2014-07-24,29.21,29.21,29.02,29.04,12858,-0.0013755158184318717
2014-07-25,29.16,29.16,28.94,29.0,3477,-0.0013774104683195176
2014-07-28,29.05,29.05,28.92,29.03,6899,0.001034482758620836
2014-07-29,29.14,29.14,28.99,28.99,4703,-0.0013778849466070664
2014-07-30,29.04,29.04,28.84,28.95,14693,-0.0013797861331493744
2014-07-31,28.75,28.75,28.44,28.47,6794,-0.016580310880829008
2014-08-01,28.32,28.45,28.25,28.38,16201,-0.0031612223393044925
2014-08-04,28.38,28.47,28.3,28.47,4890,0.003171247357293794
2014-08-05,28.32,28.32,28.0,28.07,11735,-0.014049877063575633
2014-08-06,27.98,27.98,27.83,27.96,6470,-0.003918774492340571
2014-08-07,28.13,28.13,27.8,27.82,5538,-0.005007153075822668
2014-08-08,27.86,27.99,27.78,27.99,6745,0.006110711718188222
2014-08-11,28.39,28.39,28.17,28.18,10993,0.0067881386209360794
2014-08-12,28.29,28.29,28.16,28.22,9634,0.0014194464158978626
2014-08-13,28.39,28.44,28.29,28.34,16180,0.00425230333097093
2014-08-14,28.48,28.48,28.37,28.43,5097,0.00317572335920957
2014-08-15,28.53,28.55,28.29,28.39,7185,-0.00140696447414701
2014-08-18,28.53,28.67,28.53,28.67,8754,0.009862627685804926
2014-08-19,28.84,28.84,28.62,28.67,3225,0.0
2014-08-20,28.81,28.81,28.48,28.58,9149,-0.0031391698639694487
2014-08-21,28.72,28.72,28.58,28.62,6322,0.0013995801259623075
2014-08-22,28.68,28.68,28.45,28.54,8551,-0.002795248078267032
2014-08-25,28.75,28.75,28.56,28.62,4362,0.002803083391730965
2014-08-26,28.76,28.76,28.62,28.63,2630,0.00034940600978328185
2014-08-27,28.82,28.82,28.63,28.68,8925,0.0017464198393293273
2014-08-28,28.64,28.64,28.48,28.55,3798,-0.00453277545327746
2014-08-29,28.59,28.59,28.45,28.49,5155,-0.0021015761821366885
2014-09-02,28.73,28.73,28.45,28.54,8207,0.0017550017550018726
2014-09-03,28.75,28.75,28.58,28.59,5335,0.0017519271198318531
2014-09-04,28.62,28.62,28.4,28.45,7665,-0.004896817068905213
2014-09-05,28.49,28.49,28.33,28.42,4959,-0.0010544815465728385
2014-09-08,28.45,28.45,28.13,28.2,3189,-0.007741027445461013
2014-09-09,28.19,28.19,27.94,27.99,6023,-0.007446808510638281
2014-09-10,28.01,28.13,27.98,28.13,4038,0.005001786352268667
2014-09-11,28.01,28.01,27.84,27.9,3297,-0.008176324209029473
2014-09-12,27.96,27.96,27.8,27.81,3902,-0.003225806451612856
2014-09-15,27.85,27.85,27.72,27.77,5742,-0.0014383315354188353
2014-09-16,27.64,27.91,27.64,27.86,14474,0.0032409074540871163
2014-09-17,27.86,27.86,27.68,27.69,3704,-0.00610193826274219
2014-09-18,27.73,27.8,27.73,27.79,4039,0.003611412062116237
2014-09-19,27.94,27.94,27.68,27.71,9620,-0.0028787333573226936
2014-09-22,27.75,27.75,27.51,27.6,9596,-0.003969686033922781
2014-09-23,27.54,27.54,27.34,27.44,8118,-0.005797101449275366
2014-09-24,27.54,27.54,27.47,27.49,1761,0.0018221574344021718
2014-09-25,27.47,27.47,27.18,27.2,2417,-0.010549290651145848
2014-09-26,27.19,27.33,27.19,27.29,2733,0.003308823529411864
2014-09-29,27.13,27.13,27.07,27.07,1104,-0.008061561011359464
2014-09-30,27.14,27.14,26.94,27.01,8228,-0.0022164758034723953
2014-10-01,26.93,26.93,26.65,26.72,5277,-0.010736764161421775
2014-10-02,26.57,26.57,26.2,26.32,5389,-0.014970059880239472
2014-10-03,26.4,26.65,26.4,26.54,13990,0.008358662613981771
2014-10-06,26.57,26.62,26.49,26.59,7543,0.0018839487565938118
2014-10-07,26.5,26.5,26.22,26.22,12548,-0.013915005641218503
2014-10-08,26.25,26.53,26.03,26.52,5041,0.011441647597254079
2014-10-09,26.33,26.33,25.73,25.75,13849,-0.02903469079939669
2014-10-10,25.72,25.72,25.45,25.54,6314,-0.008155339805825279
2014-10-13,25.6,25.6,25.19,25.19,9087,-0.013703993735317055
2014-10-14,25.46,25.53,25.34,25.37,5849,0.007145692735212483
2014-10-15,25.32,25.32,24.93,25.28,9044,-0.0035474970437524567
2014-10-16,24.93,25.34,24.87,25.15,8539,-0.005142405063291222
2014-10-17,25.61,25.61,25.4,25.41,11050,0.010337972166998055
2014-10-20,25.59,25.79,25.57,25.79,4853,0.014954742227469398
2014-10-21,25.96,26.06,25.87,26.06,23401,0.010469174098487688
2014-10-22,26.28,26.28,26.05,26.05,10387,-0.00038372985418255734
2014-10-23,26.23,26.23,26.13,26.21,18698,0.006142034548944242
2014-10-24,26.11,26.21,26.11,26.21,5081,0.0
2014-10-27,26.19,26.19,26.05,26.12,6393,-0.0034338038916443825
2014-10-28,26.36,26.44,26.31,26.44,8866,0.012251148545176171
2014-10-29,26.5,26.56,26.3,26.31,6764,-0.004916792738275388
2014-10-30,26.4,26.51,26.26,26.44,4862,0.0049410870391486394
2014-10-31,26.75,26.98,26.75,26.94,5700,0.018910741301058964
2014-11-03,27.04,27.04,26.84,26.93,7888,-0.00037119524870088405
2014-11-04,26.49,26.49,26.33,26.44,7408,-0.018195321203119175
2014-11-05,26.5,26.5,26.34,26.37,7647,-0.002647503782148286
2014-11-06,26.14,26.27,26.14,26.23,9412,-0.005309063329541175
2014-11-07,26.12,26.2,26.12,26.2,4620,-0.001143728555089596
2014-11-10,26.41,26.41,26.38,26.39,1539,0.007251908396946671
2014-11-11,26.53,26.53,26.39,26.53,8965,0.0053050397877985045
2014-11-12,26.35,26.36,26.28,26.31,13786,-0.0082924990576706
2014-11-13,26.31,26.44,26.3,26.37,11563,0.0022805017103764147
2014-11-14,26.36,26.42,26.29,26.4,3140,0.0011376564277587597
2014-11-17,26.11,26.25,26.11,26.23,5453,-0.006439393939393856
2014-11-18,26.58,26.58,26.43,26.52,7610,0.011056042699199464
2014-11-19,26.33,26.34,26.33,26.34,764,-0.006787330316742057
2014-11-20,26.28,26.3,26.25,26.28,9525,-0.002277904328018221
2014-11-21,26.77,26.77,26.44,26.52,10565,0.00913242009132409
2014-11-24,26.65,26.65,26.5,26.54,3852,0.0007541478129713397
2014-11-25,26.72,26.72,26.56,26.63,6892,0.0033911077618689056
2014-11-26,26.76,26.76,26.64,26.64,6274,0.00037551633496057946
2014-11-28,26.62,26.62,26.47,26.48,2566,-0.006006006006005982
2014-12-01,26.51,26.51,26.36,26.42,5255,-0.0022658610271902857
2014-12-02,26.6,26.6,26.44,26.49,2200,0.0026495079485238104
2014-12-03,26.59,26.62,26.5,26.59,7365,0.0037750094375237353
2014-12-04,26.5,26.57,26.46,26.51,5033,-0.00300864986837146
2014-12-05,26.59,26.59,26.45,26.54,12991,0.0011316484345529343
2014-12-08,26.46,26.46,26.22,26.25,6091,-0.010926902788244153
2014-12-09,26.17,26.25,26.07,26.25,12998,0.0
2014-12-10,26.34,26.34,25.94,26.02,21440,-0.008761904761904749
2014-12-11,26.2,26.2,26.02,26.02,43338,0.0
2014-12-12,26.0,26.0,25.65,25.65,24699,-0.014219830899308228
2014-12-15,25.87,25.87,25.35,25.4,18591,-0.00974658869395717
2014-12-16,25.36,25.59,25.36,25.52,4650,0.0047244094488190225
2014-12-17,25.76,25.98,25.6,25.89,51137,0.014498432601880884
2014-12-18,26.24,26.29,26.09,26.29,98676,0.015449980687524123
2014-12-19,26.32,26.32,26.18,26.27,75761,-0.0007607455306199995
2014-12-22,25.78,25.86,25.76,25.81,32916,-0.017510468214693597
2014-12-23,25.89,25.89,25.81,25.83,38607,0.0007748934521503159
2014-12-24,25.72,25.96,25.72,25.94,20562,0.004258614014711615
2014-12-26,25.88,26.06,25.88,26.0,11969,0.0023130300693907646
2014-12-29,25.94,25.95,25.85,25.89,39797,-0.00423076923076926
2014-12-30,25.79,25.87,25.76,25.86,34077,-0.0011587485515643925
2014-12-31,25.94,25.94,25.7,25.7,19748,-0.006187161639597871
2015-01-02,25.75,25.76,25.61,25.62,19560,-0.003112840466926059
2015-01-05,25.59,25.59,25.27,25.32,22507,-0.011709601873536313
2015-01-06,25.26,25.3,24.95,25.07,15984,-0.009873617693522907
2015-01-07,25.17,25.34,25.14,25.29,19374,0.008775428799361773
2015-01-08,25.49,25.52,25.37,25.47,29852,0.007117437722419906
2015-01-09,25.55,25.55,25.29,25.36,15550,-0.004318806438947775
2015-01-12,25.41,25.41,25.18,25.24,15563,-0.004731861198738252
2015-01-13,25.6,25.6,25.19,25.35,14587,0.004358161648177594
2015-01-14,25.28,25.36,25.17,25.35,6966,0.0
2015-01-15,25.64,25.64,25.35,25.38,25712,0.0011834319526626835
2015-01-16,25.33,25.54,25.29,25.54,18586,0.0063041765169424835
2015-01-20,25.78,25.78,25.54,25.63,14531,0.0035238841033673474
2015-01-21,25.74,25.75,25.58,25.74,39002,0.0042918454935623185
2015-01-22,25.73,25.82,25.54,25.74,33423,0.0
2015-01-23,25.81,25.81,25.59,25.61,31605,-0.005050505050504972
2015-01-26,25.91,25.96,25.78,25.91,22106,0.011714174150722512
2015-01-27,25.95,25.99,25.86,25.94,19016,0.0011578541103820505
2015-01-28,26.2,26.2,25.74,25.74,24616,-0.007710100231303141
2015-01-29,26.0,26.01,25.82,26.01,30055,0.010489510489510634
2015-01-30,25.93,25.93,25.8,25.82,8662,-0.007304882737408702
2015-02-02,26.11,26.11,25.9,26.11,44063,0.011231603408210722
2015-02-03,26.2,26.37,26.11,26.32,13255,0.008042895442359255
2015-02-04,26.4,26.4,26.23,26.32,10930,0.0
2015-02-05,26.47,26.56,26.4,26.56,17072,0.00911854103343468
2015-02-06,26.45,26.45,26.24,26.29,34867,-0.01016566265060237
2015-02-09,26.19,26.19,26.08,26.12,19514,-0.006466337010269996
2015-02-10,26.36,26.37,26.22,26.35,15904,0.008805513016845401
2015-02-11,26.3,26.3,26.16,26.27,34622,-0.0030360531309299166
2015-02-12,26.41,26.59,26.39,26.58,25643,0.011800532927293439
2015-02-13,26.83,26.83,26.65,26.76,25716,0.006772009029345494
2015-02-17,26.86,26.88,26.71,26.86,15747,0.0037369207772794955
2015-02-18,27.1,27.12,26.99,27.09,24230,0.00856291883842153
2015-02-19,27.2,27.2,27.09,27.12,22780,0.001107419712070845
2015-02-20,27.19,27.44,27.07,27.36,19605,0.008849557522123908
2015-02-23,27.43,27.43,27.19,27.23,20883,-0.004751461988304007
2015-02-24,27.39,27.39,27.19,27.36,17118,0.004774146162320969
2015-02-25,27.64,27.64,27.39,27.47,28809,0.004020467836257202
2015-02-26,27.6,27.6,27.35,27.38,26326,-0.003276301419730565
2015-02-27,27.52,27.52,27.39,27.4,12408,0.0007304601899196239
2015-03-02,27.52,27.52,27.39,27.46,14799,0.0021897810218978186
2015-03-03,27.4,27.4,27.26,27.31,18362,-0.005462490895848604
2015-03-04,27.29,27.29,27.03,27.18,31047,-0.004760161113145367
2015-03-05,27.39,27.39,27.21,27.27,24382,0.0033112582781456013
2015-03-06,27.19,27.19,26.97,26.99,23869,-0.010267693436010306
2015-03-09,27.04,27.04,26.94,27.01,28745,0.0007410151908116003
2015-03-10,26.74,26.74,26.5,26.55,89407,-0.017030729359496566
2015-03-11,26.64,26.64,26.5,26.62,109874,0.0026365348399246535
2015-03-12,26.98,26.98,26.84,26.94,107621,0.012021036814425345
2015-03-13,26.88,26.88,26.68,26.78,110738,-0.005939123979213035
2015-03-16,26.98,27.05,26.96,27.01,150577,0.008588498879761097
2015-03-17,26.93,26.95,26.79,26.91,122719,-0.003702332469455838
2015-03-18,26.97,27.33,26.89,27.28,160797,0.013749535488665865
2015-03-19,27.2,27.2,27.01,27.07,124185,-0.0076979472140762395
2015-03-20,27.59,27.6,27.38,27.53,140280,0.016992981159955622
2015-03-23,27.76,27.78,27.64,27.77,120061,0.008717762440973331
2015-03-24,27.91,27.91,27.72,27.75,141593,-0.0007202016564638036
2015-03-25,27.93,27.93,27.63,27.65,112839,-0.003603603603603678
2015-03-26,27.49,27.49,27.28,27.4,113923,-0.009041591320072317
2015-03-27,27.42,27.42,27.29,27.32,127834,-0.0029197080291970545
2015-03-30,27.34,27.42,27.33,27.36,115678,0.0014641288433381305
2015-03-31,27.19,27.21,27.07,27.18,123029,-0.006578947368421018
2015-04-01,27.32,27.32,27.06,27.14,171326,-0.0014716703458425018
2015-04-02,27.43,27.51,27.38,27.49,137581,0.012896094325718366
2015-04-06,27.8,28.02,27.72,27.89,136518,0.014550745725718572
2015-04-07,27.96,27.96,27.77,27.77,166625,-0.004302617425600563
2015-04-08,28.19,28.19,27.91,28.0,139417,0.008282319049333742
2015-04-09,28.07,28.07,27.85,27.98,112090,-0.0007142857142856673
2015-04-10,28.05,28.07,27.96,28.07,121414,0.0032165832737669486
2015-04-13,28.01,28.01,27.81,27.87,136226,-0.007125044531528291
2015-04-14,28.17,28.17,28.09,28.15,132846,0.010046645138141352
2015-04-15,28.17,28.29,28.1,28.25,123614,0.00355239786856143
2015-04-16,28.39,28.39,28.18,28.33,162625,0.002831858407079668
2015-04-17,28.05,28.05,27.87,27.95,102504,-0.013413342746205426
2015-04-20,27.96,27.98,27.9,27.94,113370,-0.00035778175313050387
2015-04-21,28.18,28.18,28.08,28.13,129504,0.006800286327845351
2015-04-22,28.21,28.21,28.06,28.15,123749,0.0007109847138286884
2015-04-23,28.03,28.24,27.98,28.21,134488,0.002131438721136858
2015-04-24,28.38,28.42,28.3,28.36,107494,0.005317263381779513
2015-04-27,28.52,28.6,28.45,28.5,112240,0.0049365303244006675
2015-04-28,28.51,28.58,28.42,28.58,117019,0.00280701754385948
2015-04-29,28.42,28.46,28.31,28.41,126637,-0.005948215535339307
2015-04-30,28.21,28.29,28.06,28.17,85726,-0.008447729672650395
2015-05-01,28.23,28.3,28.11,28.3,120848,0.004614838480653249
2015-05-04,28.39,28.39,28.2,28.39,139902,0.0031802120141342094
2015-05-05,28.33,28.33,28.01,28.06,128539,-0.01162381120112721
2015-05-06,28.18,28.2,27.96,28.07,107900,0.0003563791874554578
2015-05-07,28.04,28.06,27.94,28.04,95316,-0.001068756679729277
2015-05-08,28.52,28.6,28.47,28.59,103746,0.01961483594864477
2015-05-11,28.56,28.6,28.44,28.49,109560,-0.0034977264777894534
2015-05-12,28.46,28.55,28.39,28.51,104181,0.0007020007020008823
2015-05-13,28.85,28.87,28.73,28.76,105027,0.008768853034023083
2015-05-14,29.0,29.0,28.88,29.0,104314,0.008344923504867818
2015-05-15,29.01,29.14,29.0,29.14,87416,0.004827586206896495
2015-05-18,29.03,29.04,28.94,29.02,99881,-0.0041180507892930596
2015-05-19,28.9,28.99,28.89,28.92,142494,-0.003445899379738049
2015-05-20,28.92,29.0,28.83,28.92,147167,0.0
2015-05-21,28.95,29.04,28.88,29.03,111714,0.003803596127247566
2015-05-22,28.97,28.97,28.88,28.9,103567,-0.004478126076472688
2015-05-26,28.56,28.58,28.33,28.42,101559,-0.01660899653979231
2015-05-27,28.48,28.55,28.39,28.55,191482,0.004574243490499619
2015-05-28,28.35,28.49,28.29,28.49,83062,-0.0021015761821366885
2015-05-29,28.41,28.41,28.15,28.29,91212,-0.007020007020007046
2015-06-01,28.55,28.55,28.23,28.35,87538,0.0021208907741252503
2015-06-02,28.45,28.64,28.4,28.52,107151,0.005996472663139185
2015-06-03,28.62,28.71,28.56,28.65,86395,0.004558204768583485
2015-06-04,28.53,28.57,28.31,28.38,88953,-0.00942408376963344
2015-06-05,28.12,28.22,28.04,28.17,94812,-0.007399577167018889
2015-06-08,28.13,28.13,28.01,28.1,83549,-0.002484913028043989
2015-06-09,28.05,28.08,27.88,28.02,82307,-0.002846975088968029
2015-06-10,28.32,28.52,28.32,28.49,88905,0.016773733047823036
2015-06-11,28.58,28.59,28.41,28.53,101427,0.0014040014040015425
2015-06-12,28.3,28.37,28.23,28.36,115559,-0.005958640028040696
2015-06-15,28.09,28.22,28.08,28.2,163979,-0.005641748942172065
2015-06-16,28.08,28.22,28.06,28.2,88234,0.0
2015-06-17,28.15,28.23,27.9,28.2,82472,0.0
2015-06-18,28.21,28.46,28.21,28.32,88418,0.004255319148936287
2015-06-19,28.39,28.39,28.3,28.34,70025,0.0007062146892655718
2015-06-22,28.72,28.73,28.58,28.63,96201,0.010232886379675232
2015-06-23,28.68,28.74,28.64,28.74,114202,0.0038421236465246977
2015-06-24,28.61,28.62,28.46,28.51,96244,-0.00800278357689621
2015-06-25,28.65,28.65,28.47,28.47,74445,-0.001403016485443831
2015-06-26,28.56,28.58,28.42,28.52,161275,0.0017562346329469403
2015-06-29,28.07,28.07,27.78,27.78,99050,-0.025946704067321136
2015-06-30,28.11,28.11,27.79,27.89,93933,0.003959683225341903
2015-07-01,28.26,28.26,27.99,28.08,98156,0.0068124775905340496
2015-07-02,28.11,28.11,27.99,28.07,97120,-0.00035612535612528085
2015-07-06,27.57,27.69,27.48,27.57,73457,-0.017812611328820838
2015-07-07,27.45,27.57,27.13,27.54,100244,-0.0010881392818281599
2015-07-08,27.12,27.12,26.77,26.8,98035,-0.026870007262164042
2015-07-09,27.28,27.28,27.0,27.05,77397,0.009328358208955168
2015-07-10,27.58,27.62,27.44,27.57,68314,0.019223659889094247
2015-07-13,27.93,27.93,27.71,27.77,75212,0.007254261878853807
2015-07-14,27.87,27.94,27.82,27.94,76203,0.006121714079942553
2015-07-15,27.98,27.98,27.76,27.85,63963,-0.003221188260558283
2015-07-16,28.09,28.09,27.97,28.03,96456,0.006463195691202905
2015-07-17,28.04,28.04,27.92,27.97,68305,-0.002140563681769625
2015-07-20,28.08,28.08,27.96,27.97,81899,0.0
2015-07-21,28.01,28.05,27.97,28.03,110418,0.002145155523775477
2015-07-22,27.85,27.9,27.82,27.87,85683,-0.005708169818052111
2015-07-23,27.98,27.98,27.76,27.77,74195,-0.0035880875493362607
2015-07-24,27.83,27.83,27.56,27.58,77963,-0.0068419157364062455
2015-07-27,27.45,27.45,27.29,27.35,90843,-0.00833937635968085
2015-07-28,27.56,27.64,27.46,27.63,73692,0.01023765996343684
2015-07-29,27.7,27.87,27.66,27.82,75832,0.006876583423814697
2015-07-30,27.68,27.73,27.53,27.67,98701,-0.00539180445722498
2015-07-31,28.0,28.0,27.79,27.8,76261,0.004698229129020515
2015-08-03,27.8,27.9,27.72,27.83,69509,0.0010791366906472977
2015-08-04,27.96,27.98,27.82,27.9,120129,0.002515271289974752
2015-08-05,28.05,28.05,27.91,27.96,82645,0.0021505376344086446
2015-08-06,27.95,27.95,27.76,27.82,99011,-0.005007153075822668
2015-08-07,27.74,27.82,27.68,27.74,81675,-0.0028756290438534116
2015-08-10,27.84,28.22,27.84,28.17,63323,0.015501081470800315
2015-08-11,27.94,27.94,27.75,27.83,72576,-0.012069577564785328
2015-08-12,27.67,27.76,27.49,27.74,105961,-0.0032339202299676018
2015-08-13,27.77,27.86,27.67,27.77,78895,0.00108147080028842
2015-08-14,27.88,27.93,27.79,27.91,87645,0.005041411595246625
2015-08-17,27.89,27.94,27.81,27.94,65647,0.001074883554281758
2015-08-18,27.85,27.85,27.72,27.75,105404,-0.006800286327845462
2015-08-19,27.58,27.64,27.36,27.56,90398,-0.006846846846846888
2015-08-20,27.19,27.19,26.88,26.88,105739,-0.02467343976777936
2015-08-21,26.82,26.82,26.22,26.29,92702,-0.021949404761904767
2015-08-24,25.81,25.88,24.78,25.41,880840,-0.03347280334728031
2015-08-25,25.89,26.62,25.48,25.49,109202,0.0031483667847302943
2015-08-26,26.31,26.31,25.61,26.19,120147,0.02746174970576698
2015-08-27,26.43,26.67,26.3,26.53,147036,0.012982054219167649
2015-08-28,26.59,26.7,26.51,26.62,77245,0.0033923859781379573
2015-08-31,26.43,26.62,26.37,26.52,96970,-0.0037565740045079066
2015-09-01,25.97,25.97,25.64,25.7,106281,-0.03092006033182504
2015-09-02,25.89,26.06,25.67,25.93,95493,0.00894941634241242
2015-09-03,26.04,26.14,25.93,25.93,78537,0.0
2015-09-04,25.59,25.59,25.39,25.5,106921,-0.01658310836868493
2015-09-08,25.93,25.99,25.72,25.98,70435,0.018823529411764683
2015-09-09,26.22,26.22,25.7,25.7,55114,-0.010777521170130866
2015-09-10,25.93,26.07,25.88,25.97,48706,0.010505836575875449
2015-09-11,26.0,26.07,25.87,26.07,63414,0.0038505968425106563
2015-09-14,26.03,26.03,25.88,25.92,73513,-0.005753739930955071
2015-09-15,26.0,26.12,25.89,26.11,71684,0.007330246913580085
2015-09-16,26.17,26.32,26.06,26.28,50116,0.006510915358100444
2015-09-17,26.28,26.66,26.2,26.32,69913,0.0015220700152207556
2015-09-18,26.01,26.1,25.85,25.85,76872,-0.017857142857142794
2015-09-21,25.86,25.97,25.77,25.87,70144,0.000773694390715729
2015-09-22,25.5,25.5,25.29,25.42,100682,-0.017394665635871664
2015-09-23,25.41,25.44,25.25,25.32,66584,-0.00393391030684509
2015-09-24,25.21,25.33,25.03,25.25,251142,-0.002764612954186396
2015-09-25,25.75,25.75,25.42,25.53,70834,0.011089108910891099
2015-09-28,25.41,25.41,25.12,25.12,50595,-0.0160595377986682
2015-09-29,25.3,25.3,25.03,25.13,79759,0.00039808917197436955
2015-09-30,25.51,25.53,25.3,25.53,59508,0.015917230401910176
2015-10-01,25.7,25.7,25.39,25.57,55194,0.0015667841754798406
2015-10-02,25.54,26.01,25.43,26.01,90587,0.01720766523269468
2015-10-05,26.35,26.49,26.35,26.49,73030,0.018454440599769306
2015-10-06,26.42,26.57,26.42,26.53,63917,0.0015100037750095385
2015-10-07,26.87,26.87,26.64,26.73,59926,0.007538635506973312
2015-10-08,26.67,26.91,26.57,26.87,71961,0.005237560793116325
2015-10-09,26.9,26.99,26.84,26.89,62406,0.0007443245254930009
2015-10-12,26.94,26.94,26.83,26.89,66903,0.0
2015-10-13,26.78,26.86,26.62,26.62,61126,-0.01004090740052066
2015-10-14,26.75,26.84,26.68,26.71,59651,0.003380916604057038
2015-10-15,26.98,27.24,26.98,27.2,74281,0.018345189067764833
2015-10-16,27.15,27.15,26.97,27.08,70847,-0.004411764705882337
2015-10-19,26.93,27.01,26.88,26.98,88245,-0.0036927621861151394
2015-10-20,27.01,27.01,26.9,26.99,56368,0.0003706449221645425
2015-10-21,27.23,27.23,26.95,26.95,63999,-0.0014820303816227565
2015-10-22,27.07,27.28,27.07,27.18,72553,0.008534322820037188
2015-10-23,27.35,27.41,27.28,27.34,77991,0.005886681383370229
2015-10-26,27.19,27.32,27.19,27.25,58090,-0.003291880029261174
2015-10-27,27.13,27.13,26.96,27.0,55669,-0.00917431192660545
2015-10-28,27.07,27.2,26.9,27.08,58050,0.002962962962962834
2015-10-29,26.97,27.0,26.9,26.95,93461,-0.004800590841949726
2015-10-30,27.08,27.15,26.98,27.04,64419,0.0033395176252319914
2015-11-02,27.09,27.25,27.09,27.25,80840,0.0077662721893492215
2015-11-03,27.16,27.33,27.12,27.23,76008,-0.0007339449541283738
2015-11-04,27.2,27.2,26.97,27.02,61090,-0.007712082262210873
2015-11-05,27.2,27.2,26.99,27.06,51274,0.001480384900073961
2015-11-06,26.98,26.98,26.81,26.92,70383,-0.005173688100517215
2015-11-09,26.87,26.87,26.6,26.77,97888,-0.005572065378900537
2015-11-10,26.62,26.72,26.6,26.68,80684,-0.0033619723571162163
2015-11-11,26.88,26.94,26.85,26.87,67638,0.007121439280359798
2015-11-12,26.63,26.7,26.56,26.58,51215,-0.010792705619650289
2015-11-13,26.56,26.6,26.42,26.42,84527,-0.0060195635816402415
2015-11-16,26.43,26.8,26.43,26.8,77766,0.014383043149129415
2015-11-17,26.78,26.86,26.74,26.75,69724,-0.001865671641791078
2015-11-18,26.8,26.99,26.79,26.97,56862,0.008224299065420437
2015-11-19,27.13,27.18,27.06,27.12,86929,0.00556173526140169
2015-11-20,27.27,27.27,27.13,27.15,60221,0.0011061946902652942
2015-11-23,27.15,27.15,26.96,27.01,90298,-0.0051565377532227785
2015-11-24,26.96,27.13,26.91,27.09,79345,0.0029618659755645815
2015-11-25,27.09,27.11,26.93,27.05,63176,-0.0014765596160944972
2015-11-27,26.92,27.04,26.92,27.02,40300,-0.0011090573012939586
2015-11-30,27.03,27.15,27.03,27.12,51521,0.0037009622501851247
2015-12-01,27.26,27.45,27.26,27.45,80993,0.012168141592920234
2015-12-02,27.28,27.34,27.12,27.15,88679,-0.010928961748633892
2015-12-03,27.33,27.33,26.98,27.06,67146,-0.0033149171270717703
2015-12-04,27.12,27.34,27.11,27.31,120011,0.009238728750923908
2015-12-07,27.27,27.27,27.05,27.17,58259,-0.0051263273526179765
2015-12-08,26.76,26.84,26.73,26.84,74762,-0.012145748987854366
2015-12-09,26.76,26.88,26.57,26.68,98181,-0.005961251862891204
2015-12-10,26.79,26.81,26.67,26.67,55858,-0.00037481259370308884
2015-12-11,26.38,26.41,26.18,26.24,102672,-0.016122984626921744
2015-12-14,26.29,26.4,26.11,26.38,87406,0.005335365853658569
2015-12-15,26.42,26.51,26.34,26.37,78025,-0.0003790750568611889
2015-12-16,26.62,26.83,26.52,26.75,68104,0.014410314751611697
2015-12-17,26.7,26.72,26.49,26.52,59258,-0.008598130841121487
2015-12-18,26.43,26.51,26.38,26.38,68698,-0.005279034690799378
2015-12-21,26.08,26.22,25.95,26.15,102021,-0.00871872630780901
2015-12-22,26.24,26.37,26.18,26.29,86950,0.005353728489483789
2015-12-23,26.39,26.66,26.39,26.64,70302,0.013313046785850213
2015-12-24,26.36,26.57,26.36,26.49,42288,-0.00563063063063074
2015-12-28,26.41,26.53,26.41,26.49,65261,0.0
2015-12-29,26.83,26.96,26.78,26.86,113317,0.013967534918837288
2015-12-30,26.8,26.84,26.71,26.71,51808,-0.005584512285926935
2015-12-31,26.6,26.66,26.49,26.61,58254,-0.003743916136278558
2016-01-04,26.12,26.16,25.93,26.16,48601,-0.016910935738444155
2016-01-05,26.16,26.22,26.08,26.19,74644,0.0011467889908256534
2016-01-06,25.73,25.82,25.67,25.73,82753,-0.017563955708285617
2016-01-07,25.33,25.54,25.33,25.37,68410,-0.013991449669646272
2016-01-08,25.41,25.42,24.97,24.97,115985,-0.015766653527788832
2016-01-11,25.15,25.21,24.78,24.98,120746,0.00040048057669217485
2016-01-12,25.07,25.09,24.76,24.96,147539,-0.0008006405124099114
2016-01-13,25.12,25.19,24.65,24.68,128398,-0.011217948717948789
2016-01-14,24.7,24.89,24.53,24.78,392070,0.004051863857374549
2016-01-15,24.09,24.23,23.96,24.08,368016,-0.02824858757062154
2016-01-19,24.38,24.38,23.96,24.15,143863,0.0029069767441860517
2016-01-20,23.68,23.73,23.19,23.58,760301,-0.023602484472049712
2016-01-21,23.38,23.79,23.29,23.66,73471,0.003392705682782049
2016-01-22,24.15,24.4,24.15,24.38,81930,0.030431107354184306
2016-01-25,24.3,24.36,24.08,24.12,75839,-0.01066447908121404
2016-01-26,24.29,24.52,24.29,24.48,73450,0.014925373134328401
2016-01-27,24.52,24.76,24.32,24.45,64237,-0.001225490196078427
2016-01-28,24.67,24.74,24.43,24.62,55945,0.006952965235173858
2016-01-29,24.75,25.05,24.74,25.05,94599,0.017465475223395588
2016-02-01,24.88,25.07,24.82,24.97,49977,-0.003193612774451182
2016-02-02,24.78,24.78,24.5,24.57,73655,-0.01601922306768111
2016-02-03,24.72,24.77,24.33,24.75,72279,0.0073260073260073
2016-02-04,24.67,24.86,24.63,24.77,50813,0.0008080808080808133
2016-02-05,24.69,24.69,24.34,24.37,44407,-0.01614856681469512
2016-02-08,24.21,24.21,23.89,24.09,86604,-0.011489536315141602
2016-02-09,23.6,23.9,23.6,23.78,61569,-0.012868410128684005
2016-02-10,23.81,23.94,23.65,23.65,155417,-0.005466778805719219
2016-02-11,23.46,23.51,23.23,23.4,200288,-0.010570824524312905
2016-02-12,23.41,23.67,23.37,23.67,552807,0.01153846153846172
2016-02-16,23.98,24.01,23.81,23.98,99908,0.013096746937051096
2016-02-17,24.27,24.52,24.27,24.5,70155,0.021684737281067568
2016-02-18,24.61,24.67,24.44,24.45,116994,-0.0020408163265306367
2016-02-19,24.3,24.44,24.24,24.42,69682,-0.0012269938650305567
2016-02-22,24.61,24.73,24.61,24.69,105520,0.011056511056511065
2016-02-23,24.57,24.62,24.35,24.38,68168,-0.012555690562981003
2016-02-24,24.24,24.57,24.16,24.57,62509,0.007793273174733439
2016-02-25,24.7,24.83,24.59,24.81,66919,0.009768009768009733
2016-02-26,24.89,24.94,24.7,24.71,35832,-0.004030632809351009
2016-02-29,24.69,24.84,24.67,24.67,105978,-0.0016187778227437777
2016-03-01,24.98,25.23,24.95,25.2,80860,0.02148358329955391
2016-03-02,25.14,25.35,25.14,25.35,78128,0.005952380952380931
2016-03-03,25.35,25.52,25.32,25.5,45759,0.00591715976331364
2016-03-04,25.82,25.96,25.82,25.85,47468,0.013725490196078383
2016-03-07,25.65,25.88,25.65,25.84,71178,-0.0003868471953578645
2016-03-08,25.71,25.71,25.51,25.51,59903,-0.012770897832817263
2016-03-09,25.56,25.61,25.47,25.51,44864,0.0
2016-03-10,25.75,25.8,25.39,25.57,61472,0.0023520188161505473
2016-03-11,25.93,26.15,25.93,26.15,75060,0.02268283144309735
2016-03-14,26.15,26.19,26.08,26.17,75587,0.000764818355640573
2016-03-15,25.88,25.94,25.83,25.92,52703,-0.00955292319449752
2016-03-16,25.77,26.23,25.77,26.23,141461,0.011959876543209846
2016-03-17,26.32,26.6,26.32,26.51,68568,0.01067479984750297
2016-03-18,26.6,26.64,26.53,26.58,85691,0.0026405130139568467
2016-03-21,26.54,26.62,26.49,26.58,78751,0.0
2016-03-22,26.55,26.66,26.52,26.65,62092,0.0026335590669677167
2016-03-23,26.51,26.51,26.36,26.36,62419,-0.010881801125703583
2016-03-24,26.12,26.24,26.12,26.22,52698,-0.00531107738998482
2016-03-28,26.43,26.49,26.36,26.38,67468,0.006102212051868783
2016-03-29,26.33,26.78,26.27,26.73,89881,0.013267626990144166
2016-03-30,26.95,27.1,26.93,27.02,70181,0.010849233071455355
2016-03-31,26.88,26.9,26.78,26.79,103499,-0.00851221317542561
2016-04-01,26.24,26.52,26.22,26.51,67395,-0.010451661067562457
2016-04-04,26.55,26.55,26.36,26.38,49191,-0.004903809883063048
2016-04-05,25.88,25.98,25.87,25.91,64314,-0.0178165276724791
2016-04-06,26.0,26.24,25.98,26.24,51066,0.012736395214203
2016-04-07,26.16,26.21,25.93,26.01,105230,-0.008765243902438935
2016-04-08,26.5,26.62,26.48,26.52,56290,0.019607843137254832
2016-04-11,26.68,26.81,26.6,26.6,45031,0.003016591251885359
2016-04-12,26.77,27.0,26.69,26.94,66907,0.012781954887218117
2016-04-13,27.22,27.33,27.2,27.28,64192,0.012620638455827837
2016-04-14,27.32,27.33,27.23,27.24,77986,-0.0014662756598241566
2016-04-15,27.2,27.26,27.17,27.19,107921,-0.0018355359765049872
2016-04-18,27.17,27.46,27.17,27.41,71025,0.008091210003677851
2016-04-19,27.82,27.88,27.71,27.84,94609,0.015687705217074077
2016-04-20,27.76,27.94,27.73,27.79,72845,-0.0017959770114942541
2016-04-21,27.8,27.8,27.57,27.62,55260,-0.006117308384310793
2016-04-22,27.66,27.71,27.52,27.62,85029,0.0
2016-04-25,27.56,27.56,27.41,27.53,76865,-0.0032585083272990145
2016-04-26,27.57,27.62,27.5,27.57,58533,0.0014529604068289625
2016-04-27,27.54,27.73,27.54,27.68,69762,0.0039898440333696605
2016-04-28,27.4,27.61,27.31,27.36,51263,-0.011560693641618491
2016-04-29,27.45,27.51,27.28,27.34,106974,-0.0007309941520468044
2016-05-02,27.6,27.68,27.51,27.66,67982,0.011704462326261877
2016-05-03,27.47,27.47,27.2,27.24,70646,-0.015184381778741929
2016-05-04,27.05,27.09,26.96,27.0,53076,-0.008810572687224627
2016-05-05,27.01,27.07,26.97,27.0,61737,0.0
2016-05-06,27.01,27.18,27.01,27.13,56689,0.004814814814814827
2016-05-09,27.14,27.14,27.0,27.03,64808,-0.0036859565057131283
2016-05-10,27.21,27.44,27.21,27.43,66909,0.014798372179060326
2016-05-11,27.31,27.43,27.29,27.3,41192,-0.004739336492890933
2016-05-12,27.55,27.55,27.21,27.33,46597,0.001098901098901095
2016-05-13,27.14,27.19,27.04,27.05,40034,-0.010245151847786182
2016-05-16,27.18,27.37,27.18,27.33,74631,0.010351201478743022
2016-05-17,27.39,27.47,27.28,27.29,88130,-0.0014635931211123276
2016-05-18,27.29,27.4,27.15,27.17,67672,-0.004397215097105112
2016-05-19,27.03,27.08,26.92,27.08,36375,-0.0033124769966876855
2016-05-20,27.28,27.31,27.2,27.28,56022,0.007385524372230501
2016-05-23,27.3,27.35,27.23,27.31,39971,0.0010997067448679232
2016-05-24,27.4,27.51,27.34,27.48,63541,0.006224826071036249
2016-05-25,27.53,27.71,27.5,27.71,78812,0.008369723435225573
2016-05-26,27.79,27.82,27.67,27.73,61896,0.0007217610970768895
2016-05-27,27.67,27.71,27.61,27.67,50182,-0.0021637216011539673
2016-05-31,27.75,27.83,27.64,27.7,100171,0.0010842067220815377
2016-06-01,27.67,27.76,27.59,27.75,144526,0.0018050541516245744
2016-06-02,27.63,27.76,27.58,27.71,65353,-0.0014414414414414267
2016-06-03,27.9,28.05,27.84,28.05,69661,0.012269938650306678
2016-06-06,28.09,28.26,28.09,28.21,60161,0.0057040998217468
2016-06-07,28.4,28.47,28.37,28.42,54151,0.007444168734491274
2016-06-08,28.56,28.66,28.5,28.5,60722,0.0028149190710766714
2016-06-09,28.3,28.35,28.2,28.32,53056,-0.0063157894736841635
2016-06-10,27.86,27.87,27.53,27.65,60055,-0.023658192090395547
2016-06-13,27.27,27.36,27.16,27.24,68405,-0.01482820976491861
2016-06-14,26.93,26.93,26.72,26.85,82226,-0.014317180616740033
2016-06-15,27.03,27.13,26.99,27.01,50520,0.005959031657355673
2016-06-16,26.64,26.9,26.53,26.87,60236,-0.005183265457238129
2016-06-17,26.97,27.16,26.84,27.05,60452,0.006698920729438118
2016-06-20,27.74,27.83,27.69,27.7,56051,0.024029574861367697
2016-06-21,27.77,27.94,27.72,27.72,53947,0.0007220216606498298
2016-06-22,27.7,27.8,27.6,27.61,63863,-0.003968253968253954
2016-06-23,28.05,28.19,27.95,28.16,48002,0.019920318725099584
2016-06-24,26.31,26.81,26.31,26.34,71864,-0.06463068181818188
2016-06-27,26.09,26.09,25.65,25.88,107665,-0.0174639331814731
2016-06-28,26.31,26.44,26.2,26.41,104534,0.020479134466769855
2016-06-29,26.75,26.87,26.69,26.79,84564,0.014388489208633004
2016-06-30,26.77,26.99,26.75,26.99,91696,0.0074654721911160404
2016-07-01,27.1,27.21,27.09,27.16,65311,0.006298629121897159
2016-07-05,26.89,26.89,26.61,26.68,52634,-0.0176730486008837
2016-07-06,26.51,26.71,26.41,26.7,74618,0.0007496251874061777
2016-07-07,26.78,26.86,26.6,26.7,62677,0.0
2016-07-08,26.85,27.06,26.85,27.02,108353,0.011985018726591745
2016-07-11,27.37,27.55,27.36,27.44,65540,0.015544041450777257
2016-07-12,27.71,27.83,27.7,27.73,68092,0.01056851311953344
2016-07-13,27.72,27.79,27.61,27.67,68177,-0.0021637216011539673
2016-07-14,27.82,28.0,27.8,27.85,164416,0.006505240332490114
2016-07-15,27.71,27.71,27.58,27.66,71090,-0.006822262118492017
2016-07-18,27.67,27.82,27.66,27.75,79516,0.0032537960954446277
2016-07-19,27.64,27.68,27.6,27.65,99672,-0.003603603603603678
2016-07-20,27.79,27.88,27.73,27.85,63548,0.007233273056058032
2016-07-21,27.76,27.85,27.71,27.73,248848,-0.004308797127468567
2016-07-22,27.77,27.81,27.71,27.74,48369,0.00036062026685890203
2016-07-25,27.74,27.81,27.67,27.76,66035,0.0007209805335257613
2016-07-26,27.85,27.93,27.81,27.93,73068,0.006123919308357317
2016-07-27,28.0,28.06,27.78,28.0,78010,0.0025062656641603454
2016-07-28,28.05,28.19,27.98,28.12,113267,0.004285714285714226
2016-07-29,28.38,28.55,28.37,28.49,163502,0.013157894736842035
2016-08-01,28.42,28.48,28.26,28.27,121653,-0.007722007722007707
2016-08-02,28.27,28.27,28.07,28.2,91218,-0.002476123098691163
2016-08-03,27.9,28.02,27.88,28.01,53698,-0.006737588652482196
2016-08-04,28.08,28.2,28.08,28.2,55516,0.006783291681542236
2016-08-05,28.12,28.28,28.12,28.21,70361,0.00035460992907809796
2016-08-08,28.23,28.32,28.23,28.29,49236,0.0028358738036156073
2016-08-09,28.44,28.56,28.43,28.47,78081,0.006362672322375307
2016-08-10,28.67,28.67,28.57,28.57,52417,0.0035124692658938805
2016-08-11,28.75,28.86,28.75,28.81,128761,0.008400420021001054
2016-08-12,28.86,28.96,28.77,28.79,155478,-0.0006942034015966492
2016-08-15,28.82,28.96,28.82,28.88,52669,0.0031260854463355248
2016-08-16,28.87,28.89,28.81,28.81,68362,-0.002423822714681445
2016-08-17,28.73,28.82,28.61,28.81,53477,0.0
2016-08-18,28.83,28.99,28.83,28.99,72285,0.006247830614370065
2016-08-19,28.74,28.81,28.68,28.79,89829,-0.006898930665746761
2016-08-22,28.78,28.92,28.72,28.92,71877,0.004515456755818104
2016-08-23,29.01,29.04,28.91,28.92,92554,0.0
2016-08-24,28.98,28.98,28.83,28.83,79177,-0.003112033195020847
2016-08-25,28.76,28.82,28.71,28.77,47960,-0.002081165452653466
2016-08-26,28.84,28.98,28.49,28.57,58888,-0.006951685783802564
2016-08-29,28.46,28.64,28.46,28.55,85500,-0.0007000350017500878
2016-08-30,28.56,28.6,28.44,28.47,75609,-0.0028021015761822143
2016-08-31,28.45,28.45,28.3,28.4,76327,-0.0024587284861257164
2016-09-01,28.57,28.69,28.52,28.69,61927,0.010211267605633845
2016-09-02,28.84,28.84,28.74,28.83,62041,0.00487974904147781
2016-09-06,29.05,29.26,29.05,29.25,81277,0.014568158168574374
2016-09-07,29.41,29.42,29.27,29.34,69985,0.003076923076922977
2016-09-08,29.39,29.44,29.27,29.31,53504,-0.0010224948875255935
2016-09-09,29.04,29.04,28.71,28.72,139546,-0.020129648584100934
2016-09-12,28.56,28.96,28.56,28.94,77847,0.0076601671309193264
2016-09-13,28.65,28.66,28.28,28.37,74503,-0.01969592259847963
2016-09-14,28.38,28.47,28.32,28.36,64033,-0.00035248501938678345
2016-09-15,28.35,28.65,28.35,28.61,54674,0.008815232722143795
2016-09-16,28.42,28.45,28.34,28.36,52147,-0.00873820342537579
2016-09-19,28.6,28.62,28.45,28.49,57095,0.004583921015514747
2016-09-20,28.7,28.74,28.61,28.65,80625,0.005616005616005726
2016-09-21,29.04,29.28,28.91,29.23,122996,0.020244328097731357
2016-09-22,29.58,29.62,29.46,29.47,204936,0.008210742387957604
2016-09-23,29.3,29.34,29.24,29.24,75410,-0.0078045469969461045
2016-09-26,29.1,29.13,29.04,29.08,65979,-0.005471956224350261
2016-09-27,29.05,29.24,29.05,29.24,75421,0.005502063273727709
2016-09-28,29.31,29.46,29.17,29.45,56520,0.007181942544459696
2016-09-29,29.47,29.47,29.13,29.22,57952,-0.007809847198641751
2016-09-30,29.3,29.4,29.21,29.29,56700,0.0023956194387406704
2016-10-03,29.4,29.4,29.26,29.33,64765,0.0013656538067599033
2016-10-04,29.43,29.44,29.12,29.19,117239,-0.004773269689737347
2016-10-05,29.33,29.35,29.25,29.34,101327,0.005138746145940232
2016-10-06,29.1,29.19,29.05,29.15,98367,-0.006475800954328648
2016-10-07,29.09,29.09,28.84,29.01,87892,-0.004802744425385863
2016-10-10,29.13,29.16,29.09,29.09,70227,0.0027576697690450125
2016-10-11,28.99,28.99,28.7,28.75,85617,-0.011687865245788909
2016-10-12,28.78,28.82,28.7,28.79,66953,0.0013913043478259723
2016-10-13,28.64,28.84,28.57,28.81,68876,0.0006946856547411784
2016-10-14,28.92,28.92,28.77,28.78,77661,-0.0010413051023948627
2016-10-17,28.8,28.8,28.72,28.76,57238,-0.0006949270326616075
2016-10-18,29.13,29.13,29.03,29.09,85167,0.011474269819193195
2016-10-19,29.22,29.29,29.17,29.2,97641,0.003781368167755206
2016-10-20,29.17,29.25,29.11,29.21,91863,0.00034246575342478103
2016-10-21,28.99,29.17,28.99,29.15,43088,-0.002054091064704
2016-10-24,29.29,29.29,29.09,29.17,184025,0.0006861063464838058
2016-10-25,29.15,29.16,29.04,29.13,128749,-0.0013712718546452507
2016-10-26,29.05,29.07,28.93,29.0,73398,-0.004462753175420442
2016-10-27,29.04,29.04,28.84,28.88,66755,-0.004137931034482789
2016-10-28,28.89,28.97,28.85,28.92,80417,0.0013850415512466352
2016-10-31,28.93,28.93,28.82,28.89,79056,-0.0010373443983402453
2016-11-01,29.02,29.02,28.75,28.81,189124,-0.002769124264451417
2016-11-02,28.84,28.86,28.66,28.66,102498,-0.00520652551197498
2016-11-03,28.76,28.83,28.69,28.71,244903,0.0017445917655269927
2016-11-04,28.6,28.65,28.5,28.5,105540,-0.007314524555903867
2016-11-07,28.79,28.79,28.68,28.77,82772,0.0094736842105263
2016-11-08,28.64,28.86,28.63,28.81,80427,0.0013903371567605127
2016-11-09,28.45,28.85,28.45,28.74,77966,-0.002429711905588383
2016-11-10,28.67,28.78,28.5,28.62,134720,-0.0041753653444676075
2016-11-11,28.36,28.37,28.14,28.3,191091,-0.011180992313067795
2016-11-14,28.17,28.17,28.05,28.14,146905,-0.005653710247349841
2016-11-15,28.14,28.29,28.04,28.29,97595,0.005330490405117239
2016-11-16,28.12,28.16,28.06,28.07,126242,-0.007776599505125437
2016-11-17,28.22,28.29,28.17,28.27,104419,0.007125044531528291
2016-11-18,28.2,28.2,28.08,28.1,107999,-0.006013441811107079
2016-11-21,28.2,28.33,28.19,28.33,120598,0.008185053380782792
2016-11-22,28.45,28.47,28.37,28.47,152900,0.004941757853865081
2016-11-23,28.39,28.42,28.25,28.39,118529,-0.0028099754127151044
2016-11-25,28.35,28.36,28.29,28.32,121881,-0.002465656921451176
2016-11-28,28.34,28.42,28.31,28.34,82029,0.0007062146892655718
2016-11-29,28.36,28.49,28.3,28.42,104471,0.0028228652081863093
2016-11-30,28.51,28.53,28.4,28.44,104125,0.0007037297677692234
2016-12-01,28.47,28.48,28.35,28.38,154664,-0.0021097046413502962
2016-12-02,28.39,28.43,28.35,28.42,113517,0.0014094432699085502
2016-12-05,28.57,28.64,28.52,28.6,86314,0.006333567909922566
2016-12-06,28.69,28.72,28.58,28.7,163153,0.0034965034965033226
2016-12-07,28.84,29.12,28.79,29.06,89950,0.012543554006968716
2016-12-08,29.12,29.18,29.05,29.12,81264,0.002064693737095835
2016-12-09,29.06,29.15,29.04,29.1,117739,-0.0006868131868131844
2016-12-12,29.08,29.14,28.95,29.0,156840,-0.003436426116838587
2016-12-13,29.16,29.33,29.16,29.28,118899,0.009655172413793212
2016-12-14,29.21,29.21,28.72,28.72,74031,-0.019125683060109422
2016-12-15,28.77,28.77,28.64,28.74,112388,0.0006963788300835549
2016-12-16,28.73,28.79,28.66,28.68,101246,-0.0020876826722338038
2016-12-19,28.21,28.27,27.97,28.17,105117,-0.0177824267782426
2016-12-20,28.19,28.27,28.19,28.23,142353,0.0021299254526090383
2016-12-21,28.28,28.28,28.18,28.22,228028,-0.0003542330853701925
2016-12-22,28.24,28.24,28.13,28.17,117073,-0.0017717930545710914
2016-12-23,28.16,28.24,28.16,28.24,94994,0.002484913028043989
2016-12-27,28.28,28.32,28.24,28.26,197470,0.0007082152974504652
2016-12-28,28.32,28.35,28.22,28.28,137493,0.0007077140835103357
2016-12-29,28.33,28.36,28.26,28.29,104970,0.00035360678925022704
2016-12-30,28.58,28.58,28.36,28.38,119002,0.0031813361611876534
2017-01-03,28.46,28.59,28.46,28.59,94281,0.007399577167019
2017-01-04,28.84,28.94,28.8,28.94,136198,0.012242042672263143
2017-01-05,29.05,29.24,29.05,29.21,161835,0.009329647546648223
2017-01-06,29.13,29.15,29.06,29.1,134591,-0.003765833618623704
2017-01-09,29.0,29.08,28.98,29.05,181861,-0.0017182130584192379
2017-01-10,29.07,29.16,29.06,29.08,129356,0.001032702237521388
2017-01-11,29.04,29.24,28.97,29.23,135322,0.005158184319119741
2017-01-12,29.3,29.3,29.11,29.18,117084,-0.0017105713308245285
2017-01-13,29.25,29.32,29.2,29.31,107707,0.0044551062371487316
2017-01-17,29.25,29.25,29.13,29.21,155610,-0.003411804844762778
2017-01-18,29.16,29.18,29.02,29.08,137632,-0.004450530640191852
2017-01-19,29.08,29.1,28.99,29.1,211552,0.0006877579092161579
2017-01-20,29.17,29.22,29.1,29.22,118775,0.004123711340206171
2017-01-23,29.21,29.33,29.15,29.31,121918,0.0030800821355236874
2017-01-24,29.34,29.5,29.32,29.47,137708,0.0054588877516206225
2017-01-25,29.65,29.76,29.62,29.76,143397,0.009840515778758219
2017-01-26,29.74,29.74,29.62,29.62,101250,-0.0047043010752688685
2017-01-27,29.61,29.61,29.47,29.52,246477,-0.0033760972316003723
2017-01-30,29.43,29.43,29.26,29.4,161408,-0.004065040650406582
2017-01-31,29.46,29.51,29.37,29.51,497768,0.0037414965986395377
2017-02-01,29.63,29.75,29.61,29.72,120399,0.007116231785835314
2017-02-02,29.71,29.72,29.6,29.69,114316,-0.0010094212651412526
2017-02-03,29.68,29.82,29.68,29.76,113178,0.0023576961940048324
2017-02-06,29.58,29.61,29.51,29.6,140273,-0.005376344086021501
2017-02-07,29.53,29.61,29.53,29.55,149914,-0.0016891891891892552
2017-02-08,29.63,29.68,29.58,29.67,97569,0.004060913705583813
2017-02-09,29.7,29.75,29.65,29.73,131898,0.002022244691607611
2017-02-10,29.79,29.92,29.78,29.92,101567,0.006390850992263664
2017-02-13,30.04,30.1,29.98,30.05,120002,0.004344919786096302
2017-02-14,30.06,30.12,29.89,30.12,532969,0.0023294509151414733
2017-02-15,29.99,30.16,29.99,30.15,126966,0.0009960159362549792
2017-02-16,30.18,30.23,30.13,30.22,145253,0.002321724709784423
2017-02-17,30.06,30.11,30.0,30.09,232274,-0.004301786896095283
2017-02-21,30.15,30.23,30.14,30.21,356767,0.003988035892322994
2017-02-22,30.12,30.18,30.07,30.17,142303,-0.001324064879179021
2017-02-23,30.3,30.32,30.17,30.21,117007,0.0013258203513424327
2017-02-24,29.96,30.0,29.92,29.98,134592,-0.00761337305527976
2017-02-27,29.95,30.02,29.94,29.99,111332,0.00033355570380244615
2017-02-28,29.98,30.07,29.94,29.97,159153,-0.0006668889629876107
2017-03-01,30.11,30.28,30.11,30.21,120699,0.00800800800800805
2017-03-02,30.1,30.1,29.97,29.97,233882,-0.00794438927507457
2017-03-03,29.98,30.08,29.91,30.06,118029,0.0030030030030030463
2017-03-06,30.02,30.04,29.92,29.98,129141,-0.0026613439787092075
2017-03-07,29.93,30.0,29.9,29.95,124003,-0.0010006671114076715
2017-03-08,29.94,29.94,29.79,29.82,100408,-0.004340567612687751
2017-03-09,29.86,29.86,29.75,29.81,99724,-0.0003353454057679617
2017-03-10,30.03,30.09,29.97,30.06,100103,0.008386447500838612
2017-03-13,30.18,30.21,30.14,30.21,146686,0.004990019960079861
2017-03-14,30.0,30.03,29.96,29.99,357636,-0.00728235683548506
2017-03-15,30.0,30.43,30.0,30.36,115783,0.012337445815271852
2017-03-16,30.6,30.6,30.47,30.52,246419,0.005270092226614009
2017-03-17,30.6,30.67,30.57,30.63,110598,0.003604193971166403
2017-03-20,30.67,30.71,30.58,30.63,80535,0.0
2017-03-21,30.83,30.84,30.43,30.46,183225,-0.005550114267058426
2017-03-22,30.33,30.43,30.27,30.39,136346,-0.0022980958634274407
2017-03-23,30.4,30.56,30.39,30.51,93583,0.003948667324777944
2017-03-24,30.56,30.67,30.56,30.6,110691,0.002949852507374562
2017-03-27,30.55,30.67,30.5,30.62,119906,0.0006535947712418277
2017-03-28,30.72,30.85,30.72,30.83,101205,0.006858262573481211
2017-03-29,30.73,30.86,30.7,30.86,108340,0.0009730781706129843
2017-03-30,30.72,30.8,30.69,30.69,174954,-0.00550874918988975
2017-03-31,30.55,30.67,30.51,30.63,106906,-0.0019550342130988385
2017-04-03,30.66,30.72,30.52,30.72,118415,0.002938295788442735
2017-04-04,30.57,30.62,30.5,30.61,136337,-0.0035807291666666297
2017-04-05,30.65,30.7,30.56,30.57,141139,-0.0013067624959163249
2017-04-06,30.5,30.52,30.45,30.51,118228,-0.001962708537782132
2017-04-07,30.52,30.58,30.51,30.55,158968,0.0013110455588332126
2017-04-10,30.49,30.58,30.49,30.54,102012,-0.0003273322422259195
2017-04-11,30.64,30.67,30.5,30.67,109618,0.004256712508186045
2017-04-12,30.59,30.69,30.56,30.68,140745,0.00032605151613940286
2017-04-13,30.61,30.62,30.51,30.54,141638,-0.0045632333767927635
2017-04-17,30.68,30.75,30.65,30.73,125052,0.006221349050425706
2017-04-18,30.59,30.66,30.51,30.66,167106,-0.002277904328018221
2017-04-19,30.75,30.76,30.58,30.6,112448,-0.001956947162426559
2017-04-20,30.77,30.83,30.77,30.79,149418,0.0062091503267973636
2017-04-21,30.8,30.81,30.73,30.81,153260,0.0006495615459565229
2017-04-24,31.22,31.25,31.16,31.25,354901,0.01428107757221686
2017-04-25,31.36,31.45,31.36,31.43,168019,0.005759999999999987
2017-04-26,31.38,31.47,31.37,31.39,121184,-0.0012726694241170788
2017-04-27,31.47,31.52,31.41,31.52,109273,0.004141446320484299
2017-04-28,31.57,31.58,31.53,31.56,110342,0.0012690355329949554
2017-05-01,31.66,31.71,31.61,31.68,141426,0.0038022813688212143
2017-05-02,31.79,31.88,31.79,31.88,118871,0.0063131313131312705
2017-05-03,31.74,31.77,31.68,31.75,139141,-0.004077791718946067
2017-05-04,31.75,31.82,31.71,31.81,160728,0.0018897637795274314
2017-05-05,31.82,32.06,31.81,32.06,231997,0.007859163784973422
2017-05-08,31.98,32.0,31.94,31.99,120847,-0.0021834061135372895
2017-05-09,31.97,32.0,31.9,31.93,107227,-0.0018755861206626312
2017-05-10,31.99,32.01,31.91,32.01,114116,0.0025054807391167166
2017-05-11,31.87,31.87,31.77,31.84,380817,-0.005310840362386715
2017-05-12,31.86,31.89,31.81,31.87,126500,0.0009422110552763652
2017-05-15,31.99,32.04,31.93,32.0,136745,0.004079071226859021
2017-05-16,32.15,32.18,32.1,32.12,149314,0.00374999999999992
2017-05-17,32.07,32.07,31.81,31.81,175416,-0.009651307596513004
2017-05-18,31.72,31.91,31.68,31.88,137277,0.002200565859792558
2017-05-19,32.11,32.28,32.11,32.26,101013,0.011919698870765272
2017-05-22,32.32,32.36,32.3,32.34,117739,0.002479851208927686
2017-05-23,32.46,32.46,32.32,32.37,103593,0.0009276437847864916
2017-05-24,32.33,32.43,32.3,32.43,96891,0.001853568118628468
2017-05-25,32.47,32.47,32.4,32.44,101613,0.0003083564600678823
2017-05-26,32.34,32.36,32.3,32.33,619442,-0.00339087546239214
2017-05-30,32.3,32.43,32.3,32.43,101928,0.003093102381688917
2017-05-31,32.47,32.47,32.34,32.36,154333,-0.002158495220474843
2017-06-01,32.59,32.71,32.57,32.69,400816,0.010197775030902356
2017-06-02,32.93,33.04,32.88,33.02,100714,0.010094830223310147
2017-06-05,32.93,32.94,32.88,32.91,86412,-0.0033313143549366098
2017-06-06,32.74,32.84,32.74,32.82,141009,-0.0027347310847765094
2017-06-07,32.92,32.93,32.77,32.87,103799,0.0015234613040828737
2017-06-08,32.78,32.84,32.71,32.84,111454,-0.0009126863401276442
2017-06-09,32.61,32.73,32.51,32.62,97675,-0.006699147381242554
2017-06-12,32.56,32.56,32.46,32.54,126449,-0.002452483139178341
2017-06-13,32.72,32.86,32.72,32.85,101632,0.009526736324523721
2017-06-14,33.06,33.07,32.8,32.86,102359,0.0003044140030441511
2017-06-15,32.39,32.48,32.31,32.48,110080,-0.011564211807668978
2017-06-16,32.59,32.69,32.54,32.66,94226,0.005541871921182162
2017-06-19,32.73,32.84,32.73,32.8,76770,0.004286589099816274
2017-06-20,32.73,32.77,32.58,32.64,107940,-0.004878048780487698
2017-06-21,32.6,32.61,32.52,32.57,105044,-0.002144607843137303
2017-06-22,32.63,32.68,32.57,32.65,95192,0.002456248081056156
2017-06-23,32.64,32.71,32.58,32.7,75930,0.0015313935681471325
2017-06-26,32.83,32.87,32.7,32.71,81464,0.0003058103975535076
2017-06-27,32.72,32.72,32.61,32.67,420732,-0.001222867624579571
2017-06-28,32.7,32.89,32.67,32.88,102375,0.006427915518824712
2017-06-29,32.81,32.81,32.49,32.61,110162,-0.008211678832116931
2017-06-30,32.75,32.77,32.61,32.75,90039,0.0042931616068691
2017-07-03,32.67,32.7,32.57,32.58,122427,-0.005190839694656502
2017-07-05,32.57,32.6,32.48,32.6,95434,0.0006138735420504471
2017-07-06,32.48,32.49,32.41,32.43,122467,-0.005214723926380449
2017-07-07,32.36,32.47,32.31,32.46,107521,0.0009250693802036469
2017-07-10,32.43,32.54,32.4,32.52,101081,0.001848428835489857
2017-07-11,32.5,32.65,32.46,32.65,98046,0.003997539975399533
2017-07-12,32.76,32.86,32.75,32.83,93600,0.005513016845329233
2017-07-13,32.91,32.97,32.85,32.96,121473,0.003959792872372914
2017-07-14,33.09,33.23,33.07,33.2,173218,0.00728155339805836
2017-07-17,33.21,33.27,33.16,33.18,109814,-0.000602409638554291
2017-07-18,33.3,33.35,33.27,33.32,147364,0.00421940928270037
2017-07-19,33.41,33.54,33.41,33.52,98318,0.006002400960384291
2017-07-20,33.59,33.66,33.54,33.61,118097,0.002684964200477147
2017-07-21,33.52,33.57,33.46,33.57,126437,-0.0011901219875036784
2017-07-24,33.53,33.6,33.48,33.55,132870,-0.0005957700327674509
2017-07-25,33.63,33.64,33.56,33.57,128494,0.0005961251862891537
2017-07-26,33.62,33.76,33.56,33.72,106903,0.0044682752457549935
2017-07-27,33.82,33.82,33.57,33.68,114967,-0.0011862396204033177
2017-07-28,33.63,33.74,33.62,33.73,104992,0.0014845605700710696
2017-07-31,,33.84,,33.82,171664,0.002668247850578176
2017-08-01,34.02,34.02,33.91,33.93,157857,0.003252513305736171
2017-08-02,33.97,34.0,33.89,33.93,125738,0.0
2017-08-03,33.93,34.01,33.9,33.94,100722,0.00029472443265543546
2017-08-04,33.99,34.0,33.85,33.96,136158,0.0005892751915146377
2017-08-07,33.9,34.0,33.9,34.0,134041,0.0011778563015312216
2017-08-08,33.99,34.02,33.87,33.88,185100,-0.003529411764705781
2017-08-09,33.75,33.83,33.68,33.81,153484,-0.0020661157024793875
2017-08-10,33.7,33.7,33.42,33.45,189911,-0.010647737355811926
2017-08-11,33.4,33.46,33.3,33.38,128278,-0.0020926756352764864
2017-08-14,33.55,33.62,33.53,33.56,109104,0.005392450569203122
2017-08-15,33.44,33.45,33.34,33.43,133196,-0.003873659117997641
2017-08-16,33.53,33.68,33.5,33.66,111508,0.006880047861202332
2017-08-17,33.62,33.69,33.39,33.42,235626,-0.007130124777183444
2017-08-18,33.51,33.58,33.47,33.5,104116,0.002393776181927043
2017-08-21,33.57,33.6,33.51,33.55,80942,0.0014925373134326847
2017-08-22,33.62,33.7,33.54,33.7,181304,0.0044709388971686526
2017-08-23,33.64,33.73,33.62,33.71,153109,0.00029673590504453173
2017-08-24,33.7,33.71,33.61,33.61,105805,-0.0029664787896767075
2017-08-25,33.75,33.87,33.7,33.82,117629,0.006248140434394589
2017-08-28,33.87,33.87,33.8,33.83,118353,0.0002956830277940359
2017-08-29,33.69,33.78,33.65,33.72,113633,-0.0032515518770321883
2017-08-30,33.68,33.73,33.64,33.71,116562,-0.00029655990510080166
2017-08-31,33.82,34.02,33.82,34.0,151750,0.008602788490062352
2017-09-01,34.16,34.16,34.04,34.06,113782,0.0017647058823531125
2017-09-05,33.94,33.97,33.73,33.83,133542,-0.006752789195537456
2017-09-06,34.02,34.12,34.01,34.08,115839,0.0073898906296185896
2017-09-07,34.34,34.44,34.31,34.4,93032,0.009389671361502261
2017-09-08,34.45,34.45,34.36,34.37,102953,-0.0008720930232558599
2017-09-11,34.54,34.58,34.49,34.53,98505,0.004655222577829576
2017-09-12,34.55,34.6,34.51,34.55,116613,0.0005792064871126268
2017-09-13,34.54,34.54,34.37,34.43,107616,-0.0034732272069464276
2017-09-14,34.37,34.51,34.28,34.46,107580,0.0008713331397038893
2017-09-15,34.51,34.56,34.45,34.56,156021,0.0029019152640743506
2017-09-18,34.61,34.66,34.49,34.57,109474,0.0002893518518518601
2017-09-19,34.68,34.7,34.55,34.7,117777,0.0037604859704947202
2017-09-20,34.71,34.78,34.46,34.62,156549,-0.002305475504322918
2017-09-21,34.48,34.54,34.44,34.48,124642,-0.004043905257076874
2017-09-22,34.57,34.65,34.54,34.59,106810,0.003190255220417715
2017-09-25,34.54,34.6,34.45,34.55,108821,-0.001156403584851251
2017-09-26,34.52,34.52,34.36,34.5,121011,-0.0014471780028942893
2017-09-27,34.4,34.52,34.39,34.49,106556,-0.00028985507246370723
2017-09-28,34.57,34.71,34.57,34.69,113839,0.005798782255726165
2017-09-29,34.8,34.89,34.75,34.86,152052,0.004900547708273306
2017-10-02,34.75,34.85,34.68,34.83,198395,-0.000860585197934638
2017-10-03,34.83,34.92,34.78,34.91,145680,0.002296870513924798
2017-10-04,34.88,34.92,34.84,34.87,115228,-0.0011458034947006146
2017-10-05,34.8,34.85,34.8,34.83,106098,-0.0011471178663607917
2017-10-06,34.64,34.74,34.59,34.73,115903,-0.0028710881424059975
2017-10-09,34.79,34.83,34.75,34.77,114609,0.0011517420097899578
2017-10-10,35.07,35.13,35.05,35.11,96224,0.009778544722461868
2017-10-11,35.13,35.16,35.1,35.15,5454,0.0011392765593847276
2017-10-12,35.17,35.26,35.12,35.17,115050,0.000568990042674411
2017-10-13,35.47,35.48,35.4,35.41,136263,0.00682399772533393
2017-10-16,35.46,35.49,35.41,35.44,115245,0.0008472182999152977
2017-10-17,35.29,35.32,35.22,35.28,106211,-0.004514672686230181
2017-10-18,35.31,35.36,35.25,35.34,119129,0.001700680272108901
2017-10-19,35.07,35.2,35.04,35.2,95854,-0.003961516694963252
2017-10-20,35.16,35.18,35.08,35.15,104110,-0.0014204545454546968
2017-10-23,35.19,35.21,35.09,35.15,122564,0.0
2017-10-24,35.21,35.27,35.15,35.24,165672,0.0025604551920341834
2017-10-25,35.19,35.2,34.91,35.05,177413,-0.005391600454029644
2017-10-26,35.16,35.17,35.07,35.09,113537,0.001141226818830443
2017-10-27,35.08,35.21,35.0,35.19,112305,0.0028498147620403813
2017-10-30,35.23,35.3,35.21,35.3,128765,0.003125888036374036
2017-10-31,35.41,35.5,35.36,35.47,169593,0.004815864022662986
2017-11-01,35.66,35.72,35.56,35.59,148817,0.003383140682266861
2017-11-02,35.55,35.6,35.5,35.56,286188,-0.0008429334082608042
2017-11-03,35.57,35.61,35.5,35.6,174307,0.0011248593925758943
2017-11-06,35.58,35.73,35.58,35.73,146114,0.0036516853932582194
2017-11-07,35.65,35.68,35.54,35.61,113753,-0.0033585222502098278
2017-11-08,35.71,35.78,35.66,35.76,113635,0.004212299915753892
2017-11-09,35.41,35.48,35.21,35.46,127140,-0.008389261744966348
2017-11-10,35.38,35.41,35.31,35.38,155398,-0.002256063169768674
2017-11-13,35.02,35.18,35.0,35.16,141429,-0.006218202374222881
2017-11-14,35.05,35.12,35.02,35.07,142615,-0.0025597269624572094
2017-11-15,34.67,34.8,34.59,34.77,155322,-0.008554319931565413
2017-11-16,35.03,35.19,35.02,35.16,130799,0.01121656600517662
2017-11-17,35.05,35.1,35.03,35.06,464937,-0.0028441410693968994
2017-11-20,35.21,35.33,35.21,35.25,113205,0.00541928123217339
2017-11-21,35.5,35.57,35.47,35.54,159352,0.008226950354609963
2017-11-22,35.63,35.73,35.57,35.67,102744,0.00365785030951038
2017-11-24,35.86,35.88,35.79,35.85,80231,0.005046257359125228
2017-11-27,35.81,35.81,35.65,35.65,88802,-0.005578800557880181
2017-11-28,35.67,35.75,35.62,35.74,115404,0.0025245441795231915
2017-11-29,35.82,35.83,35.6,35.68,107276,-0.0016787912702854735
2017-11-30,35.8,35.9,35.78,35.8,167641,0.0033632286995515237
2017-12-01,35.74,35.8,35.65,35.76,142437,-0.0011173184357541333
