Date,Open,High,Low,Close,Volume,FNDE Percent Change
2013-08-15,25.2,25.2,24.92,25.11,10419,
2013-08-16,25.2,25.2,24.95,25.04,13002,-0.002787733970529671
2013-08-19,24.92,25.25,24.72,24.74,9596,-0.01198083067092659
2013-08-20,24.69,24.79,24.59,24.75,4557,0.0004042037186742231
2013-08-21,24.47,24.47,24.25,24.26,7017,-0.019797979797979703
2013-08-22,24.52,24.65,24.52,24.65,3433,0.01607584501236592
2013-08-23,24.8,24.98,24.75,24.98,7122,0.013387423935091292
2013-08-26,25.0,25.0,24.63,24.63,8537,-0.014011208967173783
2013-08-27,24.4,24.41,24.26,24.26,5293,-0.015022330491270663
2013-08-28,24.39,24.83,24.34,24.34,21651,0.0032976092333056872
2013-08-29,24.62,24.69,24.44,24.44,13303,0.0041084634346755244
2013-08-30,24.7,24.88,24.54,24.54,1446,0.004091653027823217
2013-09-03,25.16,25.25,24.7,24.7,10212,0.006519967400163029
2013-09-04,24.9,25.07,24.9,25.06,3816,0.014574898785425061
2013-09-05,25.18,25.5,25.18,25.36,13587,0.011971268954509284
2013-09-06,25.78,25.85,25.68,25.68,20830,0.012618296529968376
2013-09-09,26.02,26.2,25.96,26.18,119200,0.01947040498442365
2013-09-10,26.49,26.49,26.29,26.37,37069,0.007257448433919178
2013-09-11,26.37,26.57,26.34,26.54,12571,0.006446719757299935
2013-09-12,26.28,26.32,26.23,26.24,5579,-0.011303692539562982
2013-09-13,26.32,26.35,25.85,26.35,5500,0.0041920731707318915
2013-09-16,26.7,26.85,26.59,26.59,22469,0.009108159392789306
2013-09-17,26.67,26.67,26.58,26.61,19331,0.0007521624670929761
2013-09-18,26.63,27.97,26.45,27.85,49810,0.046599022923712985
2013-09-19,27.91,27.91,26.8,27.58,16239,-0.009694793536804469
2013-09-20,27.39,27.39,27.0,27.1,11967,-0.01740391588107315
2013-09-23,26.98,27.08,26.9,27.08,5203,-0.0007380073800739018
2013-09-24,27.0,27.03,26.9,26.9,21712,-0.006646971935007406
2013-09-25,26.89,26.91,26.75,26.78,22144,-0.004460966542750855
2013-09-26,26.93,26.93,26.61,26.75,29824,-0.0011202389843166793
2013-09-27,26.69,26.69,26.57,26.64,12850,-0.004112149532710219
2013-09-30,26.43,26.43,26.29,26.43,5482,-0.007882882882882969
2013-10-01,26.52,26.69,26.52,26.69,3507,0.009837306091562636
2013-10-02,26.58,26.82,26.54,26.73,6370,0.0014986886474335215
2013-10-03,26.75,26.77,26.62,26.66,15680,-0.0026187803965581624
2013-10-04,26.72,26.9,26.72,26.9,3251,0.00900225056264059
2013-10-07,26.67,26.98,26.67,26.73,4563,-0.00631970260223047
2013-10-08,26.98,26.98,26.65,26.66,6239,-0.0026187803965581624
2013-10-09,26.78,26.83,26.61,26.81,7546,0.005626406601650258
2013-10-10,27.15,27.31,27.11,27.31,12492,0.018649757553151902
2013-10-11,27.36,27.44,27.29,27.42,4105,0.004027828634199926
2013-10-14,27.35,27.6,27.23,27.56,11877,0.0051057622173595885
2013-10-15,27.83,27.83,27.41,27.41,34988,-0.005442670537010086
2013-10-16,27.66,27.8,27.6,27.73,16154,0.011674571324334249
2013-10-17,27.73,27.79,27.62,27.79,9852,0.0021637216011538563
2013-10-18,27.86,27.95,27.86,27.92,16555,0.004677941705649502
2013-10-21,28.12,28.12,27.8,27.81,22343,-0.003939828080229302
2013-10-22,28.03,28.19,28.02,28.07,14677,0.009349154980222929
2013-10-23,27.73,27.73,27.48,27.48,14411,-0.021018881368008557
2013-10-24,27.55,27.55,27.46,27.46,3578,-0.0007278020378457262
2013-10-25,27.45,27.54,27.42,27.54,13254,0.0029133284777858037
2013-10-28,27.69,27.69,27.62,27.68,6112,0.005083514887436413
2013-10-29,28.03,28.03,27.5,27.71,25144,0.0010838150289018689
2013-10-30,28.12,28.12,27.57,27.65,3604,-0.0021652832912306685
2013-10-31,27.76,27.76,27.49,27.49,5140,-0.005786618444846292
2013-11-01,27.56,27.56,27.31,27.43,5959,-0.002182611858857708
2013-11-04,27.59,27.59,27.46,27.49,11492,0.0021873860736418838
2013-11-05,27.31,27.31,27.09,27.11,14840,-0.013823208439432522
2013-11-06,27.24,27.24,27.19,27.2,1847,0.0033198081888601294
2013-11-07,27.0,27.0,26.74,26.74,4921,-0.016911764705882404
2013-11-08,26.66,26.7,26.5,26.66,7068,-0.0029917726252803867
2013-11-11,26.71,26.71,26.59,26.61,7273,-0.0018754688672167896
2013-11-12,26.65,26.65,26.33,26.41,9471,-0.007515971439308489
2013-11-13,26.18,26.44,26.16,26.44,2348,0.0011359333585763132
2013-11-14,26.56,26.78,26.48,26.78,8058,0.012859304084720025
2013-11-15,27.13,27.24,27.03,27.16,3675,0.014189693801344161
2013-11-18,27.48,27.64,27.43,27.43,6107,0.00994108983799702
2013-11-19,27.46,27.5,27.31,27.33,12077,-0.0036456434560701023
2013-11-20,27.4,27.4,26.99,26.99,4944,-0.01244054152945484
2013-11-21,26.96,26.96,26.87,26.96,9553,-0.0011115227862170673
2013-11-22,26.89,27.16,26.89,27.1,8840,0.005192878338278861
2013-11-25,27.25,27.25,26.85,26.85,6817,-0.009225092250922495
2013-11-26,26.75,26.85,26.75,26.8,9424,-0.0018621973929237035
2013-11-27,26.91,26.94,26.82,26.89,8177,0.0033582089552239847
2013-11-29,27.12,27.15,27.07,27.09,1701,0.007437709185570851
2013-12-02,26.97,26.97,26.55,26.55,16002,-0.019933554817275767
2013-12-03,26.55,26.61,26.35,26.41,7059,-0.005273069679849307
2013-12-04,26.34,26.42,26.19,26.4,14210,-0.00037864445285884507
2013-12-05,26.4,26.42,26.28,26.28,7965,-0.004545454545454408
2013-12-06,26.65,26.84,26.65,26.75,4623,0.017884322678843212
2013-12-09,26.91,26.91,26.86,26.86,12782,0.00411214953271033
2013-12-10,26.86,26.86,26.82,26.84,6303,-0.0007446016381236209
2013-12-11,26.69,26.69,26.26,26.3,11060,-0.020119225037257826
2013-12-12,26.25,26.25,26.15,26.17,11693,-0.004942965779467623
2013-12-13,26.18,26.24,26.16,26.24,5509,0.0026748184944591635
2013-12-16,26.4,26.47,26.4,26.41,6099,0.006478658536585469
2013-12-17,26.4,26.4,26.3,26.3,7301,-0.004165088981446408
2013-12-18,26.4,26.83,26.26,26.72,14774,0.015969581749049278
2013-12-19,26.33,26.42,26.24,26.4,18429,-0.0119760479041916
2013-12-20,26.38,26.45,26.36,26.36,15982,-0.0015151515151514694
2013-12-23,26.39,26.46,26.38,26.42,18739,0.0022761760242793194
2013-12-24,26.51,26.54,26.5,26.52,5143,0.0037850113550339515
2013-12-26,26.44,26.45,26.38,26.39,18572,-0.004901960784313708
2013-12-27,26.67,26.84,26.56,26.64,34276,0.009473285335354298
2013-12-30,26.61,26.74,26.61,26.7,14145,0.0022522522522521182
2013-12-31,26.75,26.88,26.75,26.86,29753,0.005992509363295984
2014-01-02,26.46,26.46,26.0,26.0,29931,-0.03201787043931492
2014-01-03,26.0,26.0,25.81,25.94,22316,-0.002307692307692233
2014-01-06,25.77,25.77,25.57,25.57,17019,-0.014263685427910566
2014-01-07,25.78,25.81,25.7,25.72,25887,0.0058662495111458934
2014-01-08,25.7,25.76,25.56,25.63,17104,-0.003499222395023316
2014-01-09,25.61,25.61,25.37,25.5,25506,-0.005072181037846235
2014-01-10,25.66,25.92,25.66,25.88,49131,0.014901960784313717
2014-01-13,25.94,25.94,25.54,25.61,29503,-0.010432766615146805
2014-01-14,25.72,25.91,25.71,25.87,24531,0.010152284263959421
2014-01-15,25.86,25.9,25.83,25.86,26029,-0.00038654812524163695
2014-01-16,25.91,25.91,25.71,25.74,10362,-0.004640371229698403
2014-01-17,25.69,25.69,25.56,25.64,30648,-0.0038850038850037905
2014-01-21,25.72,25.76,25.51,25.58,26756,-0.002340093603744209
2014-01-22,25.75,25.82,25.66,25.8,17297,0.008600469116497367
2014-01-23,25.59,25.59,25.08,25.25,19294,-0.02131782945736438
2014-01-24,25.01,25.02,24.72,24.72,39793,-0.02099009900990101
2014-01-27,24.74,24.79,24.51,24.72,26402,0.0
2014-01-28,24.73,24.83,24.72,24.81,90051,0.00364077669902918
2014-01-29,24.45,24.6,24.37,24.54,45998,-0.010882708585247869
2014-01-30,24.67,24.72,24.58,24.63,5812,0.003667481662591676
2014-01-31,24.33,24.62,24.33,24.58,14039,-0.002030044660982555
2014-02-03,24.4,24.42,23.87,23.87,13901,-0.02888527257933271
2014-02-04,24.17,24.37,24.17,24.31,32565,0.018433179723502224
2014-02-05,24.25,24.32,24.14,24.32,11011,0.00041135335252984184
2014-02-06,24.47,24.73,24.45,24.7,11268,0.015625
2014-02-07,24.84,24.89,24.72,24.85,16917,0.006072874493927127
2014-02-10,24.82,24.82,24.59,24.62,16478,-0.009255533199195143
2014-02-11,24.83,25.12,24.82,25.12,15465,0.020308692120227567
2014-02-12,25.18,25.27,25.1,25.13,15575,0.00039808917197436955
2014-02-13,24.76,25.08,24.76,25.08,10467,-0.0019896538002387443
2014-02-14,25.25,25.42,25.25,25.41,9037,0.013157894736842257
2014-02-18,25.32,25.32,25.11,25.11,15015,-0.011806375442739103
2014-02-19,24.95,25.01,24.81,24.81,6254,-0.01194743130227005
2014-02-20,24.94,25.08,24.94,25.07,2669,0.010479645304312779
2014-02-21,25.11,25.23,25.11,25.16,4499,0.0035899481451935333
2014-02-24,25.16,25.36,25.16,25.17,26070,0.0003974562798092496
2014-02-25,25.01,25.1,24.9,24.91,8857,-0.01032975764799371
2014-02-26,25.02,25.02,24.87,24.9,4580,-0.0004014452027298887
2014-02-27,25.01,25.27,25.01,25.25,7522,0.014056224899598346
2014-02-28,25.15,25.19,25.01,25.01,5001,-0.009504950495049402
2014-03-03,24.34,24.49,24.24,24.45,29566,-0.02239104358256705
2014-03-04,24.83,24.88,24.83,24.87,1710,0.01717791411042957
2014-03-05,24.81,24.87,24.81,24.87,6093,0.0
2014-03-06,25.06,25.16,25.03,25.08,6124,0.008443908323281013
2014-03-07,24.93,24.97,24.77,24.88,21608,-0.00797448165869219
2014-03-10,24.8,24.8,24.51,24.6,5283,-0.01125401929260439
2014-03-11,24.77,24.77,24.4,24.4,4047,-0.008130081300813163
2014-03-12,24.2,24.35,24.2,24.35,7740,-0.002049180327868716
2014-03-13,24.45,24.45,23.84,23.91,23907,-0.018069815195071892
2014-03-14,24.1,24.17,24.1,24.12,12532,0.008782936010037767
2014-03-17,24.45,24.51,24.43,24.48,25441,0.014925373134328401
2014-03-18,24.49,24.81,24.49,24.8,5706,0.013071895424836555
2014-03-19,24.65,24.72,24.34,24.36,6582,-0.01774193548387104
2014-03-20,24.25,24.43,24.18,24.41,9102,0.0020525451559934016
2014-03-21,24.37,24.68,24.37,24.68,3106,0.011061040557148738
2014-03-24,24.6,24.7,24.54,24.7,7317,0.0008103727714747766
2014-03-25,24.88,25.08,24.88,24.98,25941,0.011336032388663986
2014-03-26,25.37,25.37,25.11,25.11,23366,0.005204163330664535
2014-03-27,25.31,25.48,25.27,25.48,7363,0.01473516527279961
2014-03-28,25.69,25.75,25.6,25.62,13710,0.005494505494505475
2014-03-31,25.86,25.94,25.81,25.87,34224,0.00975800156128015
2014-04-01,26.08,26.09,25.98,26.09,8024,0.008504058755314903
2014-04-02,26.09,26.16,26.08,26.13,9231,0.0015331544653123252
2014-04-03,26.09,26.09,25.9,26.06,9130,-0.0026789131266743427
2014-04-04,26.35,26.52,26.05,26.05,24386,-0.00038372985418255734
2014-04-07,26.01,26.26,26.01,26.24,5221,0.007293666026871204
2014-04-08,26.5,26.66,26.48,26.48,9062,0.009146341463414753
2014-04-09,26.44,26.73,26.44,26.66,8925,0.006797583081570968
2014-04-10,26.57,26.69,26.37,26.41,14986,-0.00937734433608406
2014-04-11,26.32,26.45,26.31,26.44,9703,0.0011359333585763132
2014-04-14,26.53,26.53,26.18,26.33,8404,-0.004160363086233132
2014-04-15,26.01,26.14,25.63,25.89,6447,-0.01671097607292049
2014-04-16,25.97,26.22,25.97,26.22,5997,0.012746234067207318
2014-04-17,26.29,26.68,26.21,26.68,5119,0.01754385964912286
2014-04-21,26.53,26.53,26.39,26.42,22779,-0.009745127436281753
2014-04-22,26.48,26.48,26.32,26.35,10138,-0.0026495079485238104
2014-04-23,26.31,26.31,26.11,26.2,14750,-0.005692599620493399
2014-04-24,26.25,26.25,26.09,26.21,8519,0.0003816793893129944
2014-04-25,25.95,25.95,25.64,25.76,11725,-0.017169019458222023
2014-04-28,25.97,26.09,25.89,26.09,15522,0.012810559006211086
2014-04-29,26.29,26.32,26.21,26.24,9620,0.005749329244921331
2014-04-30,26.04,26.14,26.03,26.07,21166,-0.006478658536585247
2014-05-01,26.18,26.27,26.13,26.22,11173,0.005753739930955071
2014-05-02,26.15,26.3,26.15,26.29,6750,0.002669717772692648
2014-05-05,26.31,26.31,26.16,26.2,12004,-0.0034233548877899977
2014-05-06,26.29,26.53,26.29,26.41,47962,0.00801526717557266
2014-05-07,26.58,26.7,26.57,26.7,13833,0.010980689132904065
2014-05-08,26.71,26.84,26.71,26.74,12835,0.0014981273408238849
2014-05-09,26.62,26.62,26.46,26.48,30903,-0.009723261032161479
2014-05-12,26.85,26.86,26.78,26.86,7928,0.014350453172205402
2014-05-13,26.95,27.05,26.95,27.03,5988,0.006329113924050667
2014-05-14,27.14,27.25,27.07,27.17,8807,0.005179430262671092
2014-05-15,27.11,27.11,26.85,26.89,12182,-0.010305483989694553
2014-05-16,27.06,27.17,27.02,27.15,7679,0.009669021941242084
2014-05-19,27.33,27.33,27.25,27.28,4781,0.0047882136279926435
2014-05-20,27.15,27.25,27.05,27.05,4474,-0.008431085043988262
2014-05-21,27.24,27.29,27.18,27.27,6076,0.008133086876155327
2014-05-22,27.33,27.36,27.33,27.36,3498,0.0033003300330032292
2014-05-23,27.45,27.45,27.38,27.41,3004,0.001827485380117011
2014-05-27,27.33,27.33,27.05,27.12,25442,-0.010580080262677871
2014-05-28,27.19,27.34,27.14,27.33,11940,0.007743362831858391
2014-05-29,27.38,27.42,27.34,27.35,8117,0.0007317965605562193
2014-05-30,27.23,27.23,26.99,27.01,18113,-0.012431444241316258
2014-06-02,27.23,27.23,27.02,27.08,11893,0.0025916327286188423
2014-06-03,27.15,27.2,27.08,27.18,12580,0.0036927621861153614
2014-06-04,27.06,27.12,27.05,27.1,5193,-0.0029433406916850036
2014-06-05,27.36,27.36,27.23,27.35,15680,0.009225092250922495
2014-06-06,27.51,27.66,27.51,27.64,7205,0.010603290676416854
2014-06-09,27.63,27.81,27.63,27.78,18495,0.005065123010130179
2014-06-10,27.8,27.9,27.8,27.89,29056,0.003959683225341903
2014-06-11,27.8,27.88,27.77,27.84,22013,-0.0017927572606669662
2014-06-12,27.86,27.86,27.62,27.66,20218,-0.006465517241379337
2014-06-13,27.42,27.68,27.42,27.68,9269,0.000723065798987621
2014-06-16,27.52,27.6,27.52,27.58,7870,-0.0036127167630057855
2014-06-17,27.57,27.57,27.51,27.53,15550,-0.0018129079042783491
2014-06-18,27.57,27.66,27.57,27.66,3458,0.004722121322193962
2014-06-19,27.91,27.91,27.76,27.78,6083,0.004338394793926392
2014-06-20,27.66,27.66,27.62,27.66,8120,-0.004319654427645814
2014-06-23,27.79,27.79,27.6,27.7,12516,0.001446131597975464
2014-06-24,27.96,28.01,27.66,27.7,7893,0.0
2014-06-25,27.58,27.62,27.58,27.61,6433,-0.003249097472924234
2014-06-26,27.81,27.81,27.62,27.72,7090,0.003984063745019917
2014-06-27,27.72,27.75,27.65,27.75,4946,0.0010822510822510178
2014-06-30,27.8,27.8,27.67,27.67,6707,-0.0028828828828828534
2014-07-01,27.86,27.86,27.77,27.83,71261,0.005782435851102052
2014-07-02,27.98,27.98,27.91,27.97,8097,0.005030542579949726
2014-07-03,28.01,28.11,28.0,28.09,3138,0.004290311047550954
2014-07-07,27.96,28.09,27.94,28.05,19738,-0.0014239943040227354
2014-07-08,28.08,28.09,27.96,27.97,3827,-0.002852049910873511
2014-07-09,27.98,28.14,27.98,28.14,17070,0.006077940650697222
2014-07-10,27.82,28.02,27.73,27.97,19128,-0.006041222459132967
2014-07-11,27.87,27.99,27.85,27.96,15974,-0.0003575259206292092
2014-07-14,28.13,28.22,28.13,28.2,11701,0.008583690987124415
2014-07-15,28.26,28.26,28.05,28.22,10182,0.0007092198581559739
2014-07-16,28.31,28.35,28.0,28.33,23443,0.0038979447200566675
2014-07-17,28.01,28.09,27.69,27.75,51492,-0.02047299682315562
2014-07-18,28.11,28.25,28.11,28.25,13326,0.018018018018018056
2014-07-21,27.94,28.27,27.94,28.25,17849,0.0
2014-07-22,28.51,28.61,28.51,28.56,17367,0.010973451327433548
2014-07-23,28.58,28.58,28.47,28.51,15552,-0.0017507002801119276
2014-07-24,28.61,28.74,28.58,28.66,25596,0.005261311820413894
2014-07-25,28.58,28.58,28.47,28.55,3131,-0.0038381018841591175
2014-07-28,28.57,28.65,28.5,28.63,8649,0.0028021015761821033
2014-07-29,28.69,28.69,28.45,28.48,3039,-0.005239259517988093
2014-07-30,28.6,28.65,28.38,28.47,10611,-0.00035112359550570904
2014-07-31,27.88,28.12,27.73,27.94,12690,-0.018616087109237678
2014-08-01,28.11,28.13,27.82,28.1,34450,0.005726556907659219
2014-08-04,28.11,28.34,28.07,28.32,9930,0.00782918149466183
2014-08-05,28.0,28.0,27.76,27.81,8103,-0.018008474576271194
2014-08-06,27.69,27.79,27.66,27.66,11425,-0.005393743257820827
2014-08-07,27.68,27.72,27.47,27.48,37929,-0.006507592190889366
2014-08-08,27.6,27.8,27.56,27.8,9349,0.011644832605531397
2014-08-11,27.99,28.06,27.97,28.06,4354,0.009352517985611541
2014-08-12,27.87,28.04,27.87,28.0,1827,-0.002138275124732636
2014-08-13,28.25,28.25,28.08,28.09,9024,0.003214285714285614
2014-08-14,28.24,28.26,28.17,28.26,18870,0.006051975792096931
2014-08-15,28.29,28.3,28.16,28.23,24060,-0.0010615711252653925
2014-08-18,28.58,28.58,28.43,28.58,6563,0.01239815798795596
2014-08-19,28.7,28.77,28.67,28.75,11634,0.005948215535339418
2014-08-20,28.63,28.78,28.62,28.78,12075,0.0010434782608697013
2014-08-21,28.67,28.7,28.61,28.69,15946,-0.003127171646977067
2014-08-22,28.75,28.75,28.51,28.52,6642,-0.005925409550366023
2014-08-25,28.8,28.82,28.66,28.82,6729,0.01051893408134652
2014-08-26,28.82,28.93,28.82,28.93,4900,0.003816793893129722
2014-08-27,28.95,29.15,28.95,29.15,7540,0.0076045627376426506
2014-08-28,28.77,28.91,28.77,28.91,10956,-0.008233276157804448
2014-08-29,28.97,28.97,28.8,28.8,16257,-0.003804911795226573
2014-09-02,28.8,28.89,28.78,28.87,15748,0.0024305555555554914
2014-09-03,29.3,29.39,29.26,29.33,8473,0.015933494977485196
2014-09-04,29.33,29.35,29.06,29.07,10665,-0.008864643709512343
2014-09-05,29.41,29.41,29.11,29.27,8371,0.0068799449604401985
2014-09-08,29.32,29.32,28.91,28.94,8503,-0.011274342330030662
2014-09-09,28.83,28.88,28.52,28.6,9256,-0.011748445058742174
2014-09-10,28.26,28.52,28.26,28.52,6324,-0.002797202797202858
2014-09-11,28.36,28.38,28.29,28.34,9172,-0.006311360448807868
2014-09-12,28.15,28.15,27.9,27.95,16225,-0.013761467889908285
2014-09-15,27.75,27.93,27.73,27.86,14021,-0.003220035778175312
2014-09-16,27.8,28.32,27.8,28.21,12614,0.012562814070351758
2014-09-17,28.07,28.22,27.97,27.97,27405,-0.008507621410847266
2014-09-18,27.79,27.96,27.79,27.85,8589,-0.004290311047550843
2014-09-19,27.87,27.87,27.58,27.65,12081,-0.007181328545781018
2014-09-22,27.32,27.32,27.01,27.15,24067,-0.018083182640144635
2014-09-23,27.16,27.16,26.95,27.02,13180,-0.0047882136279926435
2014-09-24,27.16,27.43,27.13,27.4,52238,0.014063656550703074
2014-09-25,27.0,27.01,26.72,26.74,16268,-0.024087591240875894
2014-09-26,26.77,26.96,26.77,26.86,18513,0.004487658937920802
2014-09-29,26.27,26.32,26.2,26.25,11167,-0.022710349962769882
2014-09-30,26.04,26.15,26.02,26.04,21778,-0.008000000000000007
2014-10-01,25.89,25.96,25.5,25.5,84006,-0.020737327188940058
2014-10-02,25.45,25.68,25.23,25.61,58527,0.004313725490196152
2014-10-03,25.76,25.85,25.58,25.82,16147,0.00819992190550578
2014-10-06,26.47,26.47,26.28,26.28,10905,0.01781564678543779
2014-10-07,26.25,26.3,26.08,26.08,4895,-0.007610350076103556
2014-10-08,26.1,26.44,25.82,26.44,39190,0.013803680981595123
2014-10-09,26.43,26.43,25.93,26.2,298566,-0.00907715582450841
2014-10-10,25.9,25.9,25.53,25.53,117732,-0.025572519083969403
2014-10-13,25.93,26.25,25.86,25.93,45002,0.015667841754798184
2014-10-14,26.04,26.22,25.85,26.04,92176,0.004242190512919297
2014-10-15,25.69,25.7,25.19,25.68,111704,-0.013824884792626668
2014-10-16,25.01,25.58,25.01,25.35,12110,-0.012850467289719614
2014-10-17,25.59,25.76,25.46,25.55,23695,0.007889546351084853
2014-10-20,25.64,25.64,25.48,25.56,41535,0.00039138943248517855
2014-10-21,25.25,25.6,25.25,25.47,40809,-0.0035211267605633756
2014-10-22,25.51,25.51,25.24,25.29,59244,-0.007067137809187218
2014-10-23,25.35,25.35,25.16,25.16,64992,-0.0051403716884143025
2014-10-24,25.17,25.46,25.17,25.34,25223,0.007154213036566048
2014-10-27,24.96,25.08,24.92,25.08,16889,-0.010260457774269982
2014-10-28,25.23,25.58,25.23,25.49,26014,0.016347687400319
2014-10-29,25.67,25.83,25.43,25.5,47149,0.0003923107100824996
2014-10-30,25.73,25.94,25.66,25.84,13274,0.01333333333333342
2014-10-31,25.92,25.97,25.74,25.93,28241,0.0034829721362228394
2014-11-03,25.8,25.8,25.64,25.65,13700,-0.010798303123794928
2014-11-04,25.66,25.67,25.55,25.62,8349,-0.0011695906432747094
2014-11-05,25.45,25.45,25.27,25.43,21949,-0.007416081186572998
2014-11-06,25.31,25.32,25.01,25.02,51173,-0.016122689736531637
2014-11-07,25.07,25.19,25.06,25.18,20547,0.006394884092725928
2014-11-10,25.39,25.48,25.22,25.26,20722,0.003177124702144596
2014-11-11,25.19,25.24,25.11,25.22,15445,-0.0015835312747427555
2014-11-12,25.22,25.37,25.18,25.22,28926,0.0
2014-11-13,25.2,25.2,24.92,24.98,29892,-0.009516256938937317
2014-11-14,24.88,25.11,24.87,25.07,49525,0.0036028823058447124
2014-11-17,24.99,24.99,24.83,24.86,28734,-0.008376545672118096
2014-11-18,24.87,25.02,24.87,24.99,25634,0.005229283990345834
2014-11-19,24.88,25.12,24.86,25.02,8369,0.0012004801920768582
2014-11-20,25.06,25.19,25.02,25.07,27293,0.00199840127897688
2014-11-21,25.85,25.89,25.65,25.89,21602,0.03270841643398481
2014-11-24,25.93,25.93,25.75,25.76,12205,-0.005021243723445257
2014-11-25,25.65,25.83,25.55,25.58,34804,-0.006987577639751663
2014-11-26,25.78,25.86,25.78,25.81,19198,0.00899139953088346
2014-11-28,25.41,25.41,25.23,25.23,1955,-0.022471910112359494
2014-12-01,24.86,24.88,24.74,24.85,17279,-0.015061434799841456
2014-12-02,24.9,24.9,24.64,24.74,26021,-0.004426559356136894
2014-12-03,24.76,25.0,24.76,24.93,34627,0.007679870654810017
2014-12-04,25.06,25.06,24.86,24.94,24361,0.00040112314480555966
2014-12-05,24.8,24.91,24.73,24.91,243199,-0.001202886928628799
2014-12-08,24.58,24.62,24.31,24.46,25338,-0.018065034122842216
2014-12-09,24.13,24.16,24.01,24.16,31748,-0.0122649223221587
2014-12-10,24.02,24.02,23.72,23.78,56165,-0.01572847682119205
2014-12-11,23.6,23.69,23.44,23.44,133548,-0.014297729184188368
2014-12-12,23.43,23.49,23.03,23.04,81591,-0.017064846416382395
2014-12-15,23.03,23.03,22.4,22.44,146952,-0.02604166666666663
2014-12-16,22.29,22.88,22.0,22.56,172466,0.0053475935828875
2014-12-17,22.49,23.48,22.49,23.3,227530,0.03280141843971651
2014-12-18,23.49,23.49,23.18,23.31,113468,0.000429184549356032
2014-12-19,23.27,23.68,23.27,23.65,33071,0.014586014586014606
2014-12-22,23.77,23.77,23.46,23.64,134584,-0.00042283298097245403
2014-12-23,23.67,23.8,23.34,23.5,149018,-0.005922165820642977
2014-12-24,23.41,23.68,23.41,23.68,130097,0.007659574468085184
2014-12-26,23.93,23.93,23.71,23.71,32319,0.0012668918918918859
2014-12-29,23.59,23.69,23.37,23.46,241298,-0.010544074230282585
2014-12-30,23.46,23.57,23.44,23.52,90574,0.002557544757033181
2014-12-31,23.65,23.65,23.42,23.42,39862,-0.00425170068027203
2015-01-02,23.29,23.29,23.08,23.17,21421,-0.010674637062339842
2015-01-05,23.05,23.05,22.7,22.76,96411,-0.017695295640914988
2015-01-06,22.78,22.86,22.56,22.65,64514,-0.004833040421792778
2015-01-07,23.1,23.19,22.98,23.09,128020,0.019426048565121423
2015-01-08,23.47,23.68,23.47,23.61,64343,0.02252057167605015
2015-01-09,23.56,23.56,23.36,23.52,28241,-0.003811944091486663
2015-01-12,23.41,23.41,23.2,23.21,26044,-0.013180272108843538
2015-01-13,23.56,23.57,23.23,23.38,26346,0.007324429125376897
2015-01-14,23.25,23.38,23.13,23.38,26019,0.0
2015-01-15,23.61,23.61,23.36,23.36,31306,-0.0008554319931565191
2015-01-16,23.43,23.53,23.4,23.53,24543,0.007277397260273988
2015-01-20,23.43,23.44,23.31,23.43,23608,-0.004249893752656275
2015-01-21,23.51,23.94,23.51,23.91,30468,0.020486555697823317
2015-01-22,24.26,24.43,24.1,24.42,22390,0.021329987452948673
2015-01-23,24.38,24.38,24.14,24.14,17902,-0.01146601146601156
2015-01-26,24.12,24.13,23.9,23.92,39602,-0.009113504556752194
2015-01-27,23.69,24.1,23.69,24.04,19344,0.0050167224080266415
2015-01-28,23.99,23.99,23.66,23.68,38724,-0.014975041597337757
2015-01-29,23.64,23.66,23.4,23.62,71249,-0.0025337837837837718
2015-01-30,23.12,23.24,22.98,23.03,71144,-0.024978831498729925
2015-02-02,23.25,23.47,23.24,23.46,21894,0.018671298306556672
2015-02-03,23.85,24.09,23.82,24.03,24194,0.024296675191815886
2015-02-04,24.16,24.16,23.92,23.92,30482,-0.004577611319184327
2015-02-05,23.99,24.13,23.99,24.12,21188,0.00836120401337781
2015-02-06,23.85,23.95,23.74,23.78,17748,-0.014096185737976774
2015-02-09,23.75,23.86,23.75,23.83,11050,0.002102607232968845
2015-02-10,23.81,23.81,23.6,23.73,14803,-0.004196391103650776
2015-02-11,23.62,23.7,23.45,23.67,13672,-0.0025284450063211006
2015-02-12,23.86,24.16,23.86,24.14,313707,0.01985635825940002
2015-02-13,24.31,24.46,24.31,24.41,30387,0.01118475559237786
2015-02-17,24.23,24.42,24.22,24.41,16580,0.0
2015-02-18,24.36,24.45,24.31,24.41,21628,0.0
2015-02-19,24.21,24.36,24.12,24.29,15399,-0.004916018025399427
2015-02-20,24.26,24.43,24.13,24.39,15879,0.004116920543433489
2015-02-23,24.24,24.24,23.97,24.01,19612,-0.015580155801558027
2015-02-24,24.25,24.4,24.1,24.36,43084,0.014577259475218485
2015-02-25,24.3,24.36,24.24,24.36,24253,0.0
2015-02-26,24.45,24.45,24.29,24.34,31218,-0.0008210180623973162
2015-02-27,24.28,24.42,24.28,24.35,42503,0.00041084634346755244
2015-03-02,24.29,24.29,24.17,24.22,32988,-0.005338809034907688
2015-03-03,24.03,24.2,24.03,24.12,32647,-0.004128819157720787
2015-03-04,24.0,24.0,23.74,23.84,41145,-0.011608623548922115
2015-03-05,23.87,23.87,23.73,23.79,42511,-0.002097315436241587
2015-03-06,23.62,23.63,23.36,23.41,40526,-0.015973097940310987
2015-03-09,23.34,23.37,23.26,23.26,26841,-0.006407518154634695
2015-03-10,22.99,22.99,22.74,22.74,106180,-0.022355975924333804
2015-03-11,22.82,22.88,22.76,22.86,114457,0.005277044854881341
2015-03-12,23.19,23.2,22.96,22.98,120984,0.005249343832021136
2015-03-13,22.76,22.83,22.51,22.64,132352,-0.014795474325500435
2015-03-16,22.82,22.87,22.78,22.82,163448,0.007950530035335746
2015-03-17,22.94,23.12,22.87,23.1,150697,0.0122699386503069
2015-03-18,23.09,23.77,23.09,23.7,140269,0.025974025974025983
2015-03-19,23.49,23.49,23.24,23.3,185383,-0.016877637130801593
2015-03-20,23.57,23.71,23.51,23.64,153972,0.014592274678111528
2015-03-23,23.73,23.77,23.58,23.75,129739,0.004653130287648022
2015-03-24,23.83,23.85,23.76,23.84,159540,0.0037894736842105647
2015-03-25,24.02,24.02,23.55,23.58,123282,-0.01090604026845643
2015-03-26,23.57,23.57,23.31,23.36,147008,-0.009329940627650468
2015-03-27,23.37,23.37,23.22,23.25,126405,-0.004708904109589018
2015-03-30,23.46,23.71,23.46,23.7,104263,0.019354838709677358
2015-03-31,23.51,23.63,23.46,23.57,186238,-0.005485232067510504
2015-04-01,24.02,24.02,23.75,23.89,152004,0.013576580398812155
2015-04-02,24.1,24.39,24.1,24.39,130508,0.020929259104227604
2015-04-06,24.6,24.82,24.6,24.68,254615,0.011890118901189073
2015-04-07,24.62,24.68,24.56,24.61,162311,-0.002836304700162051
2015-04-08,25.19,25.23,24.99,25.06,130288,0.01828524989841518
2015-04-09,25.25,25.35,25.15,25.33,117764,0.010774142059058134
2015-04-10,25.27,25.29,25.2,25.28,100769,-0.001973943939991951
2015-04-13,25.47,25.49,25.22,25.22,107879,-0.002373417721519111
2015-04-14,25.45,25.57,25.34,25.48,140066,0.010309278350515427
2015-04-15,25.56,25.96,25.56,25.95,214992,0.018445839874411174
2015-04-16,26.0,26.24,25.87,26.13,678077,0.006936416184970984
2015-04-17,25.62,25.62,25.34,25.51,134338,-0.023727516264829607
2015-04-20,25.43,25.64,25.43,25.53,103022,0.0007840062720501084
2015-04-21,25.72,25.79,25.7,25.7,110231,0.006658832745789267
2015-04-22,25.84,25.98,25.67,25.89,138428,0.00739299610894939
2015-04-23,25.81,26.33,25.81,26.3,88797,0.015836230204712143
2015-04-24,26.48,26.53,26.44,26.5,87524,0.0076045627376426506
2015-04-27,26.76,26.76,26.54,26.54,118818,0.0015094339622641062
2015-04-28,26.7,26.7,26.48,26.64,112100,0.0037678975131876236
2015-04-29,26.37,26.43,26.23,26.26,123441,-0.014264264264264193
2015-04-30,26.14,26.14,25.97,26.06,87165,-0.007616146230007725
2015-05-01,26.26,26.26,25.98,26.17,125883,0.004221028396009352
2015-05-04,26.32,26.32,26.2,26.29,699654,0.004585403133358756
2015-05-05,26.34,26.39,26.24,26.26,120334,-0.0011411182959298882
2015-05-06,26.45,26.45,25.91,25.95,145218,-0.011805026656511841
2015-05-07,25.9,25.9,25.7,25.84,127236,-0.004238921001926799
2015-05-08,26.17,26.17,25.98,26.09,114542,0.009674922600619196
2015-05-11,26.1,26.1,25.8,25.83,382244,-0.009965504024530558
2015-05-12,25.75,25.88,25.66,25.84,110477,0.0003871467286102881
2015-05-13,26.05,26.08,25.81,25.82,89740,-0.0007739938080495445
2015-05-14,25.97,26.02,25.87,25.98,113854,0.006196746707978207
2015-05-15,25.88,26.16,25.84,26.14,109947,0.00615858352578913
2015-05-18,26.03,26.03,25.76,25.79,121498,-0.013389441469013108
2015-05-19,25.85,25.85,25.71,25.76,99342,-0.0011632415664984963
2015-05-20,25.61,25.76,25.57,25.69,91228,-0.0027173913043477826
2015-05-21,25.55,25.63,25.47,25.62,119327,-0.0027247956403270157
2015-05-22,25.7,25.7,25.59,25.62,66187,0.0
2015-05-26,25.42,25.42,25.12,25.15,98455,-0.018345042935207
2015-05-27,25.0,25.18,24.9,25.18,134554,0.0011928429423460063
2015-05-28,24.86,24.88,24.74,24.85,84989,-0.013105639396346236
2015-05-29,24.84,24.84,24.47,24.48,89631,-0.014889336016096655
2015-06-01,24.51,24.51,24.33,24.35,104745,-0.00531045751633985
2015-06-02,24.36,24.73,24.36,24.67,87140,0.013141683778234103
2015-06-03,24.57,24.62,24.43,24.45,93656,-0.008917713822456541
2015-06-04,24.28,24.31,24.03,24.05,103475,-0.01635991820040894
2015-06-05,23.91,24.02,23.75,24.01,134347,-0.0016632016632016633
2015-06-08,23.98,24.05,23.95,24.01,94060,0.0
2015-06-09,24.06,24.06,23.95,23.99,77882,-0.0008329862557269196
2015-06-10,24.36,24.36,24.27,24.3,94864,0.012922050854522915
2015-06-11,24.24,24.25,24.1,24.23,100044,-0.0028806584362139898
2015-06-12,24.19,24.19,24.04,24.13,78578,-0.00412711514651265
2015-06-15,23.75,23.98,23.75,23.95,135554,-0.007459593866556147
2015-06-16,23.94,24.04,23.85,24.0,103760,0.0020876826722338038
2015-06-17,23.94,24.2,23.85,24.17,91906,0.00708333333333333
2015-06-18,24.17,24.4,24.17,24.35,67829,0.007447248655357841
2015-06-19,24.29,24.29,24.19,24.2,76420,-0.006160164271047264
2015-06-22,24.46,24.52,24.45,24.47,90644,0.011157024793388315
2015-06-23,24.59,24.64,24.54,24.61,109331,0.00572129137719668
2015-06-24,24.56,24.56,24.38,24.41,145483,-0.008126777732628931
2015-06-25,24.5,24.5,24.25,24.26,74203,-0.0061450225317492
2015-06-26,24.23,24.23,24.08,24.14,80423,-0.004946413849958864
2015-06-29,23.93,23.94,23.55,23.62,214042,-0.02154101077050541
2015-06-30,23.78,24.02,23.78,23.98,82090,0.015241320914479273
2015-07-01,25.01,26.37,23.36,23.8,93481,-0.007506255212677226
2015-07-02,23.99,24.06,23.95,23.99,107723,0.007983193277310896
2015-07-06,23.32,23.37,23.08,23.16,294602,-0.03459774906210911
2015-07-07,22.9,22.9,22.52,22.88,383355,-0.012089810017271163
2015-07-08,22.28,22.33,22.1,22.12,351693,-0.03321678321678312
2015-07-09,22.58,22.61,22.4,22.42,72769,0.013562386980108476
2015-07-10,22.9,22.94,22.75,22.93,70485,0.022747546833184584
2015-07-13,23.03,23.1,22.95,23.07,121904,0.0061055385957260455
2015-07-14,22.98,23.14,22.86,23.13,175918,0.002600780234070177
2015-07-15,23.05,23.05,22.85,22.85,75128,-0.01210549070471234
2015-07-16,23.16,23.17,23.05,23.09,109461,0.010503282275711179
2015-07-17,23.1,23.1,22.91,22.97,87725,-0.005197055002165496
2015-07-20,22.76,22.76,22.6,22.7,115167,-0.011754462342185468
2015-07-21,22.84,22.9,22.77,22.83,118881,0.005726872246696102
2015-07-22,22.52,22.56,22.41,22.44,92032,-0.01708278580814704
2015-07-23,22.32,22.39,22.04,22.1,291999,-0.015151515151515138
2015-07-24,21.89,21.89,21.64,21.76,366209,-0.01538461538461533
2015-07-27,21.35,21.47,21.28,21.33,471517,-0.01976102941176483
2015-07-28,21.55,21.64,21.38,21.64,99059,0.01453352086263493
2015-07-29,21.74,21.96,21.63,21.91,175773,0.012476894639556368
2015-07-30,21.81,21.81,21.52,21.66,183609,-0.011410314924691911
2015-07-31,21.74,21.86,21.67,21.69,90036,0.0013850415512466352
2015-08-03,21.34,21.48,21.25,21.31,155952,-0.01751959428307992
2015-08-04,21.52,21.58,21.37,21.43,101160,0.00563115908024403
2015-08-05,21.58,21.62,21.38,21.4,158512,-0.0013999066728884735
2015-08-06,21.35,21.35,21.18,21.29,350423,-0.005140186915887801
2015-08-07,21.21,21.37,21.21,21.25,139762,-0.0018788163457021945
2015-08-10,21.23,21.62,21.23,21.6,97144,0.016470588235294237
2015-08-11,21.23,21.23,20.98,21.11,150773,-0.022685185185185253
2015-08-12,20.96,21.08,20.88,21.08,334391,-0.001421127427759461
2015-08-13,21.01,21.06,20.91,20.98,139213,-0.004743833017077703
2015-08-14,21.04,21.06,20.93,20.96,90581,-0.0009532888465204614
2015-08-17,20.69,20.75,20.63,20.71,312027,-0.011927480916030575
2015-08-18,20.55,20.58,20.44,20.54,281677,-0.008208594881699782
2015-08-19,20.35,20.4,20.09,20.21,253814,-0.01606621226874383
2015-08-20,20.01,20.1,19.95,20.0,205079,-0.010390895596239513
2015-08-21,19.79,19.79,19.33,19.35,375309,-0.03249999999999997
2015-08-24,18.39,19.05,17.92,18.6,600751,-0.03875968992248058
2015-08-25,19.52,19.58,18.61,18.61,178847,0.0005376344086021057
2015-08-26,19.24,19.35,18.84,19.34,305648,0.03922622246104246
2015-08-27,19.6,20.21,19.6,20.21,283238,0.04498448810754918
2015-08-28,19.95,20.12,19.94,20.0,104781,-0.010390895596239513
2015-08-31,19.72,20.12,19.68,20.07,149920,0.0035000000000000586
2015-09-01,19.71,19.71,19.27,19.27,407492,-0.039860488290981544
2015-09-02,19.51,19.55,19.28,19.54,220671,0.014011416709911684
2015-09-03,19.55,19.86,19.55,19.63,314542,0.004605936540429845
2015-09-04,19.21,19.33,18.96,19.01,230488,-0.03158430973000492
2015-09-08,19.49,19.61,19.44,19.56,147120,0.02893214097843222
2015-09-09,19.98,20.01,19.52,19.54,120205,-0.0010224948875255935
2015-09-10,19.47,19.79,19.46,19.73,150170,0.00972364380757429
2015-09-11,19.56,19.71,19.56,19.71,95133,-0.0010136847440446184
2015-09-14,19.73,19.74,19.6,19.73,101937,0.0010147133434803557
2015-09-15,19.73,19.88,19.72,19.85,84215,0.00608210846426771
2015-09-16,20.22,20.45,20.13,20.43,127177,0.02921914357682609
2015-09-17,20.31,20.76,20.21,20.38,72007,-0.0024473813020068347
2015-09-18,19.98,20.17,19.75,19.8,129183,-0.028459273797840967
2015-09-21,19.82,19.83,19.67,19.72,139840,-0.0040404040404041774
2015-09-22,19.34,19.35,19.17,19.34,371999,-0.01926977687626774
2015-09-23,19.12,19.25,19.01,19.02,170470,-0.016546018614270963
2015-09-24,18.68,18.97,18.57,18.92,490160,-0.005257623554153379
2015-09-25,19.18,19.18,18.94,18.94,91231,0.0010570824524311906
2015-09-28,18.82,18.82,18.41,18.41,194309,-0.02798310454065478
2015-09-29,18.46,18.61,18.41,18.48,180601,0.0038022813688212143
2015-09-30,19.12,19.12,18.93,19.05,268714,0.030844155844155896
2015-10-01,19.32,19.32,19.01,19.15,74003,0.005249343832020914
2015-10-02,19.01,19.51,18.88,19.51,103054,0.01879895561357725
2015-10-05,19.74,19.98,19.74,19.94,227571,0.02203997949769354
2015-10-06,20.02,20.16,19.99,20.03,275320,0.004513540621865486
2015-10-07,20.68,20.9,20.52,20.69,132259,0.03295057413879188
2015-10-08,20.61,21.09,20.61,21.06,174606,0.017883035282745263
2015-10-09,21.22,21.38,21.11,21.18,84737,0.005698005698005826
2015-10-12,21.34,21.34,20.99,20.99,140516,-0.008970727101038745
2015-10-13,20.75,20.88,20.57,20.57,86439,-0.020009528346831784
2015-10-14,20.75,20.88,20.72,20.76,95506,0.00923675255226053
2015-10-15,21.07,21.29,21.0,21.29,66974,0.02552986512524069
2015-10-16,21.14,21.25,21.06,21.2,91919,-0.0042273367778299376
2015-10-19,20.97,21.03,20.94,20.97,91866,-0.010849056603773555
2015-10-20,21.06,21.06,20.9,20.97,59233,0.0
2015-10-21,20.91,20.91,20.66,20.66,113206,-0.014783023366714332
2015-10-22,20.98,21.14,20.95,21.09,152760,0.020813165537270084
2015-10-23,21.22,21.27,21.11,21.19,60385,0.004741583688952167
2015-10-26,21.05,21.07,20.91,20.91,76316,-0.013213780084945781
2015-10-27,20.69,20.74,20.62,20.67,114452,-0.01147776183644178
2015-10-28,20.73,20.91,20.47,20.62,84765,-0.002418964683115643
2015-10-29,20.4,20.48,20.37,20.37,99062,-0.01212415130940836
2015-10-30,20.58,20.58,20.46,20.47,100647,0.004909180166912108
2015-11-02,20.6,20.91,20.6,20.91,86296,0.021494870542257072
2015-11-03,20.9,21.33,20.9,21.26,175326,0.016738402678144526
2015-11-04,21.37,21.41,21.02,21.07,294047,-0.008936970837253089
2015-11-05,20.99,21.16,20.92,21.06,103752,-0.00047460844803048907
2015-11-06,20.58,20.66,20.4,20.64,132060,-0.019943019943019835
2015-11-09,20.5,20.5,20.15,20.21,128803,-0.02083333333333337
2015-11-10,20.1,20.2,20.04,20.14,128233,-0.003463631865413208
2015-11-11,20.31,20.32,20.1,20.15,94622,0.0004965243296921606
2015-11-12,20.08,20.18,19.9,19.9,197554,-0.012406947890818865
2015-11-13,19.82,19.82,19.5,19.56,191870,-0.0170854271356784
2015-11-16,19.72,19.99,19.63,19.97,162780,0.020961145194273945
2015-11-17,19.89,20.06,19.89,19.89,131016,-0.0040060090135202175
2015-11-18,20.06,20.27,20.0,20.27,109741,0.019105077928607272
2015-11-19,20.26,20.5,20.26,20.44,152282,0.008386778490379942
2015-11-20,20.51,20.73,20.51,20.61,108582,0.008317025440313097
2015-11-23,20.45,20.58,20.39,20.44,156633,-0.0082484230955846
2015-11-24,20.21,20.59,20.21,20.51,109919,0.0034246575342467
2015-11-25,20.27,20.35,20.26,20.3,107003,-0.010238907849829393
2015-11-27,20.02,20.08,19.93,19.94,45485,-0.017733990147783207
2015-11-30,19.88,19.88,19.65,19.7,201764,-0.012036108324975037
2015-12-01,19.74,19.87,19.74,19.86,358585,0.008121827411167626
2015-12-02,19.67,19.76,19.55,19.63,142931,-0.011581067472306139
2015-12-03,19.67,19.82,19.6,19.64,166692,0.0005094243504839557
2015-12-04,19.39,19.63,19.39,19.61,161561,-0.0015274949083503575
2015-12-07,19.32,19.38,19.12,19.18,152536,-0.02192758796532379
2015-12-08,18.92,19.35,18.78,19.0,365151,-0.009384775808133461
2015-12-09,18.95,19.19,18.87,18.93,121980,-0.0036842105263158453
2015-12-10,18.99,19.0,18.8,18.8,111707,-0.006867406233491802
2015-12-11,18.43,18.52,18.28,18.28,345640,-0.02765957446808509
2015-12-14,18.39,18.51,18.29,18.51,340434,0.012582056892779026
2015-12-15,18.78,18.89,18.76,18.79,183963,0.015126958400864199
2015-12-16,18.89,19.24,18.84,19.21,286498,0.022352315061202832
2015-12-17,19.07,19.12,18.8,18.8,165838,-0.02134305049453411
2015-12-18,18.78,18.89,18.69,18.7,176113,-0.005319148936170248
2015-12-21,18.31,18.54,18.22,18.34,178130,-0.019251336898395643
2015-12-22,18.41,18.62,18.38,18.59,199515,0.0136314067611778
2015-12-23,18.71,18.99,18.71,18.96,187459,0.019903173749327596
2015-12-24,18.93,18.97,18.89,18.91,131784,-0.0026371308016878148
2015-12-28,18.72,18.73,18.6,18.65,153574,-0.013749338974087921
2015-12-29,18.76,18.81,18.67,18.68,766151,0.0016085790884718953
2015-12-30,18.46,18.49,18.37,18.37,239198,-0.016595289079229025
2015-12-31,18.37,18.44,18.31,18.33,325816,-0.0021774632553077655
2016-01-04,17.91,17.95,17.76,17.84,701387,-0.0267321331151118
2016-01-05,17.97,17.99,17.89,17.96,189355,0.0067264573991032695
2016-01-06,17.62,17.68,17.47,17.55,531821,-0.02282850779510026
2016-01-07,17.08,17.31,17.05,17.06,975718,-0.02792022792022808
2016-01-08,17.2,17.23,16.87,16.87,349241,-0.011137162954278912
2016-01-11,17.06,17.1,16.74,16.92,577241,0.0029638411381149865
2016-01-12,17.03,17.07,16.72,16.87,254345,-0.002955082742316817
2016-01-13,17.08,17.17,16.69,16.73,153536,-0.008298755186722073
2016-01-14,16.76,17.1,16.66,17.06,823586,0.01972504482964732
2016-01-15,16.24,16.36,16.07,16.31,684057,-0.04396248534583824
2016-01-19,16.6,16.61,16.31,16.45,180755,0.008583690987124415
2016-01-20,15.93,16.1,15.65,16.01,338323,-0.02674772036474149
2016-01-21,15.94,16.32,15.88,16.1,151869,0.0056214865708932304
2016-01-22,16.6,16.72,16.54,16.72,129622,0.03850931677018621
2016-01-25,16.56,16.61,16.37,16.39,116959,-0.019736842105263053
2016-01-26,16.49,16.68,16.49,16.66,117687,0.016473459426479486
2016-01-27,16.66,16.99,16.59,16.68,137914,0.0012004801920768582
2016-01-28,17.07,17.07,16.87,17.0,103315,0.01918465227817756
2016-01-29,17.26,17.57,17.25,17.57,190213,0.03352941176470581
2016-02-01,17.27,17.34,17.2,17.29,110865,-0.015936254980079778
2016-02-02,16.94,16.94,16.67,16.67,137968,-0.035858877964141
2016-02-03,16.96,17.26,16.65,17.26,121073,0.03539292141571693
2016-02-04,17.53,17.74,17.41,17.5,92211,0.0139049826187716
2016-02-05,17.53,17.53,17.28,17.37,88825,-0.00742857142857134
2016-02-08,17.21,17.22,16.92,17.11,104934,-0.014968336211859667
2016-02-09,16.84,16.96,16.67,16.8,127052,-0.018118059614260607
2016-02-10,17.06,17.21,16.88,16.88,104691,0.004761904761904745
2016-02-11,16.56,16.71,16.45,16.67,224346,-0.012440758293838727
2016-02-12,16.84,16.99,16.76,16.96,170644,0.01739652069586084
2016-02-16,17.31,17.37,17.23,17.33,93572,0.021816037735848948
2016-02-17,17.58,17.9,17.57,17.86,95496,0.030582804385458795
2016-02-18,17.81,17.84,17.56,17.58,234376,-0.015677491601343796
2016-02-19,17.49,17.59,17.44,17.53,100058,-0.0028441410693968994
2016-02-22,17.87,18.15,17.87,18.11,183889,0.03308613804905858
2016-02-23,17.96,17.99,17.74,17.76,95558,-0.019326339039204776
2016-02-24,17.5,17.81,17.4,17.76,128486,0.0
2016-02-25,17.73,17.83,17.63,17.83,85386,0.003941441441441151
2016-02-26,17.9,17.93,17.57,17.57,48288,-0.014582164890633686
2016-02-29,17.78,17.95,17.78,17.81,117580,0.013659647125782604
2016-03-01,18.13,18.48,18.13,18.45,112740,0.035934868051656466
2016-03-02,18.38,18.7,18.37,18.68,71915,0.012466124661246747
2016-03-03,18.77,19.17,18.77,19.17,64015,0.02623126338329773
2016-03-04,19.51,19.85,19.51,19.75,76324,0.03025560772039637
2016-03-07,19.73,19.99,19.73,19.91,179051,0.008101265822784809
2016-03-08,19.7,19.7,19.5,19.56,93655,-0.01757910597689616
2016-03-09,19.64,19.76,19.59,19.65,93929,0.004601226993865115
2016-03-10,19.71,19.74,19.37,19.71,114628,0.003053435114503955
2016-03-11,20.03,20.18,20.03,20.17,88936,0.023338406900050845
2016-03-14,20.0,20.07,19.86,19.98,92005,-0.009419930589985137
2016-03-15,19.47,19.49,19.33,19.41,110676,-0.028528528528528496
2016-03-16,19.24,19.94,19.24,19.93,102625,0.02679031427099421
2016-03-17,20.38,20.66,20.26,20.61,165020,0.0341194179628701
2016-03-18,20.69,20.73,20.59,20.63,137827,0.0009704027171275609
2016-03-21,20.6,20.73,20.58,20.69,89623,0.002908385845855621
2016-03-22,20.52,20.81,20.52,20.73,142992,0.0019333011116480225
2016-03-23,20.42,20.43,20.15,20.15,71940,-0.027978774722624333
2016-03-24,19.93,20.18,19.88,20.18,74853,0.0014888337468983437
2016-03-28,20.25,20.31,20.08,20.27,97835,0.004459861248761188
2016-03-29,20.21,20.6,20.11,20.56,206467,0.014306857424765562
2016-03-30,20.93,21.08,20.81,20.81,82148,0.012159533073929918
2016-03-31,20.95,20.99,20.72,20.73,104956,-0.003844305622296873
2016-04-01,20.3,20.74,20.26,20.74,162157,0.00048239266763139277
2016-04-04,20.62,20.65,20.3,20.32,65347,-0.020250723240115676
2016-04-05,20.03,20.1,19.94,19.99,77613,-0.016240157480315043
2016-04-06,19.98,20.22,19.97,20.22,109565,0.01150575287643818
2016-04-07,19.98,20.01,19.79,19.84,83875,-0.01879327398615227
2016-04-08,20.33,20.43,20.31,20.35,77624,0.02570564516129048
2016-04-11,20.74,20.86,20.73,20.74,161879,0.01916461916461909
2016-04-12,20.9,21.34,20.83,21.25,297144,0.024590163934426368
2016-04-13,21.66,21.81,21.06,21.63,302999,0.01788235294117646
2016-04-14,21.6,21.61,21.39,21.43,97421,-0.009246417013407227
2016-04-15,21.32,21.42,21.3,21.33,95181,-0.004666355576295023
2016-04-18,21.13,21.46,21.11,21.33,108324,0.0
2016-04-19,21.68,21.89,21.67,21.84,213140,0.02390998593530247
2016-04-20,21.74,22.05,21.73,21.93,116829,0.004120879120879106
2016-04-21,21.84,21.87,21.59,21.61,437205,-0.01459188326493388
2016-04-22,21.56,21.73,21.49,21.57,142831,-0.0018509949097639256
2016-04-25,21.56,21.56,21.35,21.37,130185,-0.009272137227630983
2016-04-26,21.51,21.64,21.45,21.64,233186,0.012634534394010188
2016-04-27,21.58,21.89,21.54,21.87,110572,0.010628465804066511
2016-04-28,21.77,21.98,21.73,21.73,88290,-0.006401463191586632
2016-04-29,21.78,21.8,21.58,21.72,99193,-0.00046019328117818947
2016-05-02,21.66,21.66,21.48,21.54,108867,-0.008287292817679592
2016-05-03,21.21,21.21,20.89,20.9,226500,-0.029712163416898862
2016-05-04,20.7,20.74,20.5,20.52,166479,-0.018181818181818188
2016-05-05,20.79,20.79,20.38,20.46,144518,-0.0029239766081871066
2016-05-06,20.32,20.56,20.32,20.48,110837,0.0009775171065493637
2016-05-09,20.4,20.4,19.92,20.08,118289,-0.01953125000000011
2016-05-10,20.33,20.6,20.33,20.58,229263,0.02490039840637448
2016-05-11,20.63,20.76,20.5,20.6,130751,0.0009718172983481654
2016-05-12,20.74,20.75,20.4,20.53,82233,-0.0033980582524272274
2016-05-13,20.29,20.35,19.98,20.0,71387,-0.025815879201169123
2016-05-16,20.27,20.4,20.21,20.23,121816,0.011500000000000066
2016-05-17,20.19,20.28,20.04,20.13,142361,-0.004943153732081096
2016-05-18,19.96,20.1,19.75,19.79,129009,-0.016890213611525096
2016-05-19,19.61,19.61,19.43,19.55,328799,-0.012127337038908448
2016-05-20,19.74,19.79,19.64,19.67,110737,0.006138107416879812
2016-05-23,19.6,19.69,19.57,19.59,69699,-0.004067107269954295
2016-05-24,19.76,19.76,19.65,19.71,99439,0.006125574272588086
2016-05-25,19.99,20.06,19.92,19.96,144137,0.012683916793505778
2016-05-26,20.15,20.21,20.05,20.08,92612,0.006012024048096087
2016-05-27,20.11,20.11,19.94,19.96,78534,-0.005976095617529764
2016-05-31,20.01,20.1,19.83,19.85,111649,-0.005511022044088154
2016-06-01,19.85,19.97,19.78,19.93,110710,0.004030226700251882
2016-06-02,19.94,20.16,19.89,20.12,116709,0.009533366783743169
2016-06-03,20.41,20.58,20.31,20.56,120284,0.021868787276341894
2016-06-06,20.68,20.82,20.61,20.79,157879,0.011186770428015524
2016-06-07,20.93,21.09,20.9,21.07,106090,0.013468013468013629
2016-06-08,21.34,21.44,21.3,21.44,98049,0.017560512577123877
2016-06-09,21.2,21.2,21.05,21.15,76283,-0.013526119402985204
2016-06-10,20.76,20.76,20.5,20.55,153866,-0.028368794326241065
2016-06-13,20.21,20.39,20.17,20.21,106388,-0.016545012165450124
2016-06-14,20.23,20.31,19.95,20.1,150352,-0.005442850074220629
2016-06-15,20.28,20.55,20.26,20.35,107909,0.01243781094527363
2016-06-16,19.99,20.3,19.85,20.24,129018,-0.005405405405405572
2016-06-17,20.39,20.43,20.27,20.39,70648,0.007411067193676013
2016-06-20,20.81,20.92,20.72,20.72,158591,0.016184404119666373
2016-06-21,20.84,20.97,20.73,20.92,111041,0.009652509652509744
2016-06-22,21.07,21.15,20.91,20.92,63970,0.0
2016-06-23,21.24,21.61,21.23,21.61,60953,0.03298279158699802
2016-06-24,20.32,20.68,20.22,20.32,222959,-0.05969458583988885
2016-06-27,20.27,20.28,19.84,20.01,159452,-0.015255905511810997
2016-06-28,20.52,20.69,20.47,20.69,189031,0.0339830084957522
2016-06-29,21.1,21.22,21.05,21.19,166355,0.024166263895601725
2016-06-30,21.28,21.46,21.18,21.34,92013,0.007078810759792331
2016-07-01,21.64,21.68,21.51,21.67,276773,0.015463917525773363
2016-07-05,21.35,21.35,21.11,21.15,92098,-0.023996308260267774
2016-07-06,20.88,21.1,20.75,21.09,104984,-0.0028368794326240065
2016-07-07,21.23,21.34,20.92,21.01,129872,-0.0037932669511615558
2016-07-08,21.4,21.54,21.33,21.52,106752,0.02427415516420739
2016-07-11,21.69,21.81,21.69,21.74,104784,0.010223048327137496
2016-07-12,22.1,22.25,22.08,22.12,165648,0.017479300827967004
2016-07-13,22.17,22.21,21.95,22.16,87373,0.001808318264014508
2016-07-14,22.46,22.62,22.44,22.56,170130,0.018050541516245522
2016-07-15,22.53,22.56,22.44,22.55,79392,-0.0004432624113474004
2016-07-18,22.45,22.79,22.45,22.79,87890,0.01064301552106417
2016-07-19,22.65,22.65,22.47,22.55,125652,-0.010530934620447518
2016-07-20,22.54,22.71,22.47,22.63,125578,0.0035476718403546492
2016-07-21,22.64,22.7,22.48,22.56,110925,-0.0030932390631904783
2016-07-22,22.63,22.76,22.57,22.76,92285,0.00886524822695045
2016-07-25,22.69,22.69,22.44,22.5,110345,-0.011423550087873546
2016-07-26,22.59,22.72,22.58,22.7,103135,0.008888888888888946
2016-07-27,22.8,22.87,22.58,22.75,174284,0.0022026431718062955
2016-07-28,22.7,22.71,22.58,22.69,640708,-0.0026373626373625836
2016-07-29,22.8,22.97,22.71,22.97,161930,0.012340237990303926
2016-08-01,22.96,23.0,22.76,22.77,172914,-0.008707009142359556
2016-08-02,22.82,22.85,22.45,22.64,132746,-0.005709266578831751
2016-08-03,22.45,22.87,22.34,22.84,166296,0.008833922261484162
2016-08-04,22.87,23.12,22.85,23.04,186063,0.008756567425569184
2016-08-05,23.2,23.3,23.11,23.26,263944,0.00954861111111116
2016-08-08,23.33,23.44,23.33,23.39,149549,0.005588993981083368
2016-08-09,23.56,23.71,23.56,23.67,318942,0.01197092774690045
2016-08-10,23.72,23.72,23.42,23.45,403770,-0.009294465568229882
2016-08-11,23.55,23.82,23.51,23.82,203139,0.01577825159914714
2016-08-12,23.68,23.85,23.58,23.67,150032,-0.006297229219143552
2016-08-15,23.8,24.03,23.8,23.98,267812,0.013096746937051096
2016-08-16,23.98,24.0,23.84,23.9,498066,-0.0033361134278566684
2016-08-17,23.69,23.85,23.46,23.8,125287,-0.004184100418409997
2016-08-18,23.94,24.01,23.88,24.01,94773,0.008823529411764675
2016-08-19,23.76,23.92,23.68,23.88,111112,-0.005414410662224145
2016-08-22,23.6,23.61,23.45,23.51,124681,-0.015494137353433746
2016-08-23,23.72,23.78,23.43,23.46,241096,-0.002126754572522316
2016-08-24,23.36,23.47,23.31,23.4,180386,-0.002557544757033292
2016-08-25,23.39,23.47,23.37,23.44,109980,0.0017094017094019254
2016-08-26,23.49,23.74,23.0,23.15,150902,-0.012372013651877234
2016-08-29,23.25,23.45,23.15,23.42,237734,0.011663066954643808
2016-08-30,23.45,23.51,23.28,23.33,120642,-0.00384286934244249
2016-08-31,23.28,23.28,23.0,23.09,101963,-0.010287183883411877
2016-09-01,23.1,23.16,23.0,23.16,117121,0.003031615417929956
2016-09-02,23.51,23.62,23.45,23.59,121778,0.01856649395509491
2016-09-06,23.88,24.22,23.85,24.2,219761,0.025858414582450084
2016-09-07,24.24,24.24,24.06,24.2,178248,0.0
2016-09-08,24.25,24.29,24.08,24.12,145018,-0.0033057851239668423
2016-09-09,23.72,23.72,23.25,23.25,320846,-0.03606965174129362
2016-09-12,22.92,23.5,22.84,23.45,196011,0.008602150537634357
2016-09-13,23.07,23.09,22.54,22.65,175575,-0.034115138592750616
2016-09-14,22.74,23.01,22.68,22.72,120218,0.003090507726269287
2016-09-15,22.86,23.25,22.76,23.12,113293,0.01760563380281699
2016-09-16,22.91,22.91,22.71,22.84,102261,-0.01211072664359869
2016-09-19,23.21,23.3,23.03,23.05,203220,0.009194395796847665
2016-09-20,23.3,23.3,23.15,23.18,93275,0.00563991323210411
2016-09-21,23.46,23.91,23.34,23.86,162929,0.029335634167385605
2016-09-22,24.1,24.18,23.89,24.0,130133,0.005867560771165126
2016-09-23,23.78,23.85,23.6,23.64,146553,-0.015000000000000013
2016-09-26,23.46,23.53,23.33,23.34,140035,-0.012690355329949221
2016-09-27,23.48,23.6,23.32,23.6,122867,0.011139674378749076
2016-09-28,23.65,23.94,23.46,23.94,102969,0.014406779661017
2016-09-29,23.91,23.98,23.47,23.57,119510,-0.015455304928989166
2016-09-30,23.8,23.81,23.59,23.73,158622,0.006788290199406077
2016-10-03,23.81,23.96,23.69,23.94,265017,0.008849557522123908
2016-10-04,23.89,23.94,23.49,23.59,423162,-0.014619883040935755
2016-10-05,24.01,24.06,23.85,24.05,283808,0.019499788045782118
2016-10-06,23.99,24.17,23.93,24.16,298944,0.00457380457380463
2016-10-07,24.28,24.29,23.94,24.12,224877,-0.0016556291390728006
2016-10-10,24.29,24.49,24.29,24.46,314803,0.014096185737976885
2016-10-11,24.07,24.07,23.74,23.86,129512,-0.02452984464431729
2016-10-12,23.76,23.92,23.71,23.84,171377,-0.0008382229673092878
2016-10-13,23.51,23.81,23.36,23.75,119006,-0.003775167785234901
2016-10-14,23.96,23.98,23.73,23.77,127154,0.0008421052631579773
2016-10-17,23.82,23.86,23.77,23.85,90000,0.0033655868742112904
2016-10-18,24.28,24.34,24.15,24.3,135695,0.018867924528301883
2016-10-19,24.43,24.49,24.32,24.44,237660,0.0057613168724279795
2016-10-20,24.37,24.48,24.32,24.42,139651,-0.0008183306055645767
2016-10-21,24.31,24.52,24.22,24.49,785969,0.002866502866502696
2016-10-24,24.77,24.81,24.58,24.67,359455,0.007349938750510487
2016-10-25,24.72,24.84,24.63,24.75,222132,0.0032428050263477726
2016-10-26,24.54,24.68,24.45,24.56,350306,-0.007676767676767726
2016-10-27,24.68,24.68,24.43,24.46,103782,-0.004071661237784907
2016-10-28,24.49,24.53,24.2,24.31,112262,-0.00613246116107935
2016-10-31,24.56,24.58,24.42,24.51,161157,0.008227067050596615
2016-11-01,24.65,24.68,24.05,24.29,133731,-0.008975928192574534
2016-11-02,24.24,24.28,23.85,24.01,162940,-0.011527377521613702
2016-11-03,24.1,24.17,23.84,23.91,246661,-0.004164931278633932
2016-11-04,23.78,23.92,23.67,23.71,177333,-0.00836470096194053
2016-11-07,24.35,24.66,24.35,24.62,204851,0.03838043019822868
2016-11-08,24.48,24.94,24.44,24.83,174996,0.008529650690495494
2016-11-09,24.0,24.5,24.0,24.15,354450,-0.027386226339105924
2016-11-10,23.97,24.04,23.27,23.41,284753,-0.03064182194616971
2016-11-11,22.9,23.07,22.62,22.97,288840,-0.018795386586928697
2016-11-14,22.82,22.84,22.5,22.81,161870,-0.006965607313887734
2016-11-15,22.96,23.36,22.96,23.36,235067,0.024112231477422252
2016-11-16,22.97,23.07,22.83,23.04,302560,-0.013698630136986356
2016-11-17,23.15,23.3,23.03,23.08,278856,0.0017361111111111605
2016-11-18,23.12,23.14,22.92,23.02,147125,-0.0025996533795493715
2016-11-21,23.31,23.55,23.31,23.53,319793,0.02215464813205914
2016-11-22,23.9,23.98,23.72,23.94,321062,0.01742456438589035
2016-11-23,23.63,23.81,23.61,23.79,162685,-0.006265664160401085
2016-11-25,23.73,23.82,23.72,23.79,95360,0.0
2016-11-28,23.92,24.08,23.84,23.97,309577,0.007566204287515754
2016-11-29,23.91,23.93,23.77,23.83,276851,-0.005840634125990896
2016-11-30,24.12,24.17,23.98,24.01,254220,0.00755350398657173
2016-12-01,24.07,24.09,23.74,23.79,207697,-0.009162848812994673
2016-12-02,23.82,23.95,23.78,23.89,347062,0.004203446826397617
2016-12-05,24.07,24.2,24.01,24.12,154629,0.009627459187944831
2016-12-06,24.17,24.33,24.14,24.28,163651,0.0066334991708125735
2016-12-07,24.52,24.83,24.5,24.78,167584,0.020593080724876422
2016-12-08,24.74,24.9,24.7,24.87,286189,0.00363196125907983
2016-12-09,24.75,24.83,24.7,24.78,148949,-0.003618817852834688
2016-12-12,24.76,24.91,24.7,24.75,311126,-0.001210653753026647
2016-12-13,24.89,25.0,24.82,24.91,209800,0.006464646464646506
2016-12-14,24.69,24.78,24.04,24.05,215236,-0.0345242874347651
2016-12-15,24.11,24.34,24.08,24.3,162273,0.01039501039501034
2016-12-16,24.24,24.27,24.0,24.07,200944,-0.009465020576131744
2016-12-19,23.75,23.8,23.44,23.47,190561,-0.0249272953884504
2016-12-20,23.62,23.66,23.58,23.66,300402,0.008095440988495906
2016-12-21,23.8,23.8,23.58,23.59,221324,-0.00295857988165682
2016-12-22,23.41,23.41,23.25,23.33,368073,-0.011021619330224719
2016-12-23,23.34,23.52,23.34,23.52,167984,0.008144020574367916
2016-12-27,23.65,23.72,23.62,23.66,377391,0.005952380952380931
2016-12-28,23.89,23.89,23.75,23.81,208793,0.006339814032121582
2016-12-29,23.97,24.14,23.94,24.09,209472,0.011759764804703865
2016-12-30,24.15,24.15,23.83,23.9,197691,-0.007887090078871006
2017-01-03,24.33,24.49,24.23,24.3,643267,0.01673640167364021
2017-01-04,24.45,24.59,24.42,24.48,211409,0.007407407407407307
2017-01-05,24.71,24.81,24.62,24.73,376608,0.010212418300653558
2017-01-06,24.67,24.68,24.55,24.58,200796,-0.006065507480792598
2017-01-09,24.63,24.67,24.53,24.53,228755,-0.002034174125305044
2017-01-10,24.78,24.88,24.72,24.78,263685,0.01019160211985315
2017-01-11,24.84,25.28,24.75,25.25,265265,0.018966908797417137
2017-01-12,25.4,25.4,25.28,25.35,242049,0.003960396039603964
2017-01-13,25.27,25.35,25.2,25.34,234994,-0.00039447731755426485
2017-01-17,25.28,25.34,25.21,25.26,253442,-0.0031570639305444903
2017-01-18,25.32,25.35,25.11,25.13,261113,-0.005146476642913789
2017-01-19,25.16,25.18,24.94,25.08,290124,-0.0019896538002387443
2017-01-20,25.13,25.19,24.99,25.19,183791,0.004385964912280826
2017-01-23,25.37,25.58,25.31,25.58,205663,0.01548233425962664
2017-01-24,25.71,25.78,25.68,25.72,296843,0.005473025801407294
2017-01-25,25.94,25.96,25.84,25.96,286393,0.009331259720062324
2017-01-26,25.97,25.97,25.81,25.86,384973,-0.0038520801232666546
2017-01-27,25.97,25.99,25.85,25.95,253581,0.0034802784222738303
2017-01-30,25.76,25.76,25.58,25.64,304832,-0.01194605009633909
2017-01-31,25.8,25.84,25.62,25.72,256085,0.0031201248049921304
2017-02-01,25.89,25.89,25.69,25.8,224533,0.0031104199066873672
2017-02-02,25.96,25.98,25.85,25.95,355164,0.005813953488372103
2017-02-03,26.0,26.09,25.92,25.98,233115,0.0011560693641619046
2017-02-06,25.92,25.92,25.8,25.85,234992,-0.005003849114703529
2017-02-07,25.8,25.8,25.64,25.66,271344,-0.00735009671179887
2017-02-08,25.69,25.82,25.62,25.81,185088,0.005845674201091056
2017-02-09,25.91,25.92,25.82,25.89,168475,0.0030995738086014857
2017-02-10,26.02,26.21,26.0,26.21,216283,0.012359984550019298
2017-02-13,26.27,26.39,26.22,26.36,339304,0.005723006486074045
2017-02-14,26.45,26.48,26.17,26.48,309253,0.004552352048558417
2017-02-15,26.49,26.71,26.47,26.7,337192,0.0083081570996979
2017-02-16,26.74,26.74,26.5,26.52,315034,-0.006741573033707815
2017-02-17,26.32,26.35,26.2,26.32,256551,-0.007541478129713397
2017-02-21,26.68,26.76,26.63,26.75,312694,0.016337386018236977
2017-02-22,26.67,26.74,26.6,26.71,276870,-0.0014953271028037562
2017-02-23,26.92,26.92,26.63,26.66,203196,-0.0018719580681393344
2017-02-24,26.32,26.36,26.23,26.27,410371,-0.01462865716429107
2017-02-27,26.2,26.28,26.15,26.17,192109,-0.003806623524933328
2017-02-28,26.2,26.2,25.91,25.93,305861,-0.009170806266717735
2017-03-01,26.17,26.42,26.13,26.42,372221,0.01889703046664093
2017-03-02,26.17,26.17,25.84,25.85,212637,-0.021574564723694234
2017-03-03,26.04,26.17,25.92,26.17,204304,0.012379110251450776
2017-03-06,26.18,26.18,25.98,26.02,312476,-0.0057317539166985565
2017-03-07,26.18,26.18,25.98,26.03,287447,0.0003843197540354115
2017-03-08,25.97,25.97,25.58,25.59,347940,-0.01690357280061472
2017-03-09,25.44,25.44,25.17,25.28,394534,-0.012114107073075364
2017-03-10,25.54,25.56,25.43,25.56,274031,0.011075949367088445
2017-03-13,25.82,25.94,25.81,25.9,256424,0.013302034428795073
2017-03-14,25.8,25.83,25.68,25.71,172594,-0.007335907335907277
2017-03-15,25.83,26.59,25.81,26.52,355693,0.031505250875145885
2017-03-16,26.75,26.75,26.6,26.63,258706,0.004147812971342368
2017-03-17,26.74,26.74,26.56,26.65,409952,0.0007510326699211589
2017-03-20,26.71,26.96,26.67,26.93,134551,0.01050656660412752
2017-03-21,27.04,27.06,26.47,26.47,268263,-0.017081321945785377
2017-03-22,26.49,26.79,26.4,26.73,546925,0.009822440498677754
2017-03-23,26.58,26.7,26.54,26.57,234139,-0.005985783763561514
2017-03-24,26.63,26.71,26.59,26.68,266872,0.004140007527286382
2017-03-27,26.38,26.62,26.28,26.58,415128,-0.0037481259370315545
2017-03-28,26.6,26.72,26.57,26.64,223828,0.0022573363431153126
2017-03-29,26.63,26.81,26.59,26.81,187423,0.006381381381381335
2017-03-30,26.7,26.77,26.6,26.63,152949,-0.006713912719134685
2017-03-31,26.48,26.53,26.39,26.43,183479,-0.007510326699211367
2017-04-03,26.51,26.55,26.36,26.54,274303,0.004161937192584064
2017-04-04,26.49,26.67,26.44,26.66,255236,0.0045214770158252815
2017-04-05,26.8,26.83,26.48,26.5,202452,-0.006001500375093727
2017-04-06,26.47,26.53,26.33,26.38,280505,-0.004528301886792541
2017-04-07,26.29,26.44,26.24,26.26,169424,-0.004548900682335044
2017-04-10,26.19,26.19,26.03,26.13,248519,-0.004950495049505066
2017-04-11,26.19,26.19,25.88,26.12,250248,-0.00038270187523914423
2017-04-12,26.13,26.17,25.96,26.13,138991,0.0003828483920367276
2017-04-13,26.2,26.22,25.99,26.0,231007,-0.00497512437810943
2017-04-17,26.09,26.29,26.06,26.29,257923,0.01115384615384607
2017-04-18,25.98,26.03,25.83,25.88,312107,-0.015595283377710212
2017-04-19,25.95,25.95,25.6,25.64,232111,-0.009273570324574876
2017-04-20,25.9,25.95,25.8,25.94,224145,0.011700468018720711
2017-04-21,26.0,26.03,25.89,25.95,202000,0.00038550501156509043
2017-04-24,26.44,26.48,26.35,26.41,204468,0.01772639691714839
2017-04-25,26.61,26.76,26.56,26.73,218300,0.0121166224914806
2017-04-26,26.64,26.74,26.56,26.6,167650,-0.00486344930789373
2017-04-27,26.65,26.65,26.36,26.47,188348,-0.004887218045112829
2017-04-28,26.54,26.6,26.49,26.59,232237,0.004533434076312792
2017-05-01,26.72,26.81,26.6,26.72,243226,0.004889056036103678
2017-05-02,26.87,26.93,26.83,26.89,273146,0.006362275449101951
2017-05-03,26.77,26.77,26.6,26.65,324372,-0.008925251022685043
2017-05-04,26.48,26.48,26.19,26.22,489306,-0.016135084427767343
2017-05-05,26.21,26.51,26.2,26.5,165929,0.01067887109077037
2017-05-08,26.59,26.59,26.4,26.44,282772,-0.0022641509433961593
2017-05-09,26.64,26.81,26.6,26.72,326816,0.010590015128592922
2017-05-10,26.73,26.94,26.73,26.9,369092,0.006736526946107713
2017-05-11,26.94,26.99,26.79,26.98,527538,0.0029739776951673846
2017-05-12,27.03,27.12,27.02,27.1,323326,0.004447739065974732
2017-05-15,27.32,27.44,27.3,27.43,321149,0.012177121771217658
2017-05-16,27.43,27.47,27.35,27.47,215469,0.0014582573824279965
2017-05-17,27.22,27.22,26.9,26.93,227027,-0.019657808518383613
2017-05-18,26.15,26.44,25.86,26.16,749523,-0.028592647604901544
2017-05-19,26.58,26.77,26.53,26.71,274745,0.021024464831804313
2017-05-22,26.65,26.7,26.58,26.65,406171,-0.002246349681767179
2017-05-23,26.73,26.78,26.68,26.77,186650,0.004502814258911858
2017-05-24,26.76,26.9,26.71,26.83,171788,0.002241314904743996
2017-05-25,26.98,27.07,26.82,26.87,191669,0.001490868430860992
2017-05-26,26.93,27.04,26.92,27.02,170577,0.005582433941198284
2017-05-30,26.89,26.95,26.85,26.92,170117,-0.0037009622501850137
2017-05-31,26.87,26.87,26.61,26.68,243247,-0.008915304606240793
2017-06-01,26.7,26.79,26.64,26.75,193387,0.002623688155922066
2017-06-02,26.89,26.91,26.8,26.89,190942,0.005233644859813147
2017-06-05,26.81,26.91,26.77,26.82,190850,-0.002603198214949809
2017-06-06,26.82,26.93,26.77,26.88,236391,0.0022371364653244186
2017-06-07,26.78,26.83,26.57,26.67,151043,-0.007812499999999889
2017-06-08,26.7,26.79,26.65,26.78,170774,0.00412448443944502
2017-06-09,26.79,26.81,26.55,26.64,186869,-0.005227781926811059
2017-06-12,26.57,26.58,26.37,26.52,164605,-0.0045045045045045695
2017-06-13,26.57,26.63,26.53,26.63,198070,0.004147812971342368
2017-06-14,26.81,26.81,26.47,26.55,175430,-0.0030041306796845246
2017-06-15,26.22,26.29,26.12,26.29,224328,-0.009792843691148856
2017-06-16,26.34,26.34,26.23,26.32,211267,0.0011411182959299992
2017-06-19,26.43,26.59,26.43,26.51,242812,0.007218844984802519
2017-06-20,26.44,26.44,26.17,26.19,276629,-0.012070916635231965
2017-06-21,26.28,26.33,26.11,26.17,427868,-0.000763650248186365
2017-06-22,26.32,26.42,26.27,26.35,117957,0.006878104700038135
2017-06-23,26.42,26.53,26.39,26.51,115318,0.006072106261859611
2017-06-26,26.73,26.79,26.64,26.77,276583,0.009807619766125875
2017-06-27,26.66,26.73,26.48,26.49,524229,-0.010459469555472611
2017-06-28,26.61,26.77,26.55,26.75,193161,0.009815024537561445
2017-06-29,26.66,26.66,26.27,26.44,180422,-0.011588785046728889
2017-06-30,26.64,26.69,26.56,26.62,126024,0.006807866868381307
2017-07-03,26.73,26.81,26.7,26.73,144061,0.004132231404958553
2017-07-05,26.66,26.7,26.49,26.69,141630,-0.0014964459408903785
2017-07-06,26.53,26.56,26.39,26.42,176316,-0.010116148370176048
2017-07-07,26.5,26.52,26.36,26.5,153000,0.0030280090840271168
2017-07-10,26.54,26.69,26.53,26.68,188008,0.006792452830188589
2017-07-11,26.78,26.93,26.76,26.89,154004,0.007871064467766198
2017-07-12,27.32,27.5,27.27,27.47,128643,0.0215693566381554
2017-07-13,27.52,27.61,27.48,27.6,142444,0.004732435384055433
2017-07-14,27.8,27.96,27.8,27.94,190351,0.01231884057971011
2017-07-17,27.83,27.86,27.77,27.81,445477,-0.004652827487473199
2017-07-18,27.78,27.88,27.78,27.87,211761,0.0021574973031284195
2017-07-19,28.08,28.09,28.0,28.06,329748,0.006817366343738751
2017-07-20,28.11,28.11,27.96,28.03,164814,-0.0010691375623662625
2017-07-21,28.04,28.04,27.9,27.93,119709,-0.0035676061362825973
2017-07-24,27.99,27.99,27.89,27.96,107287,0.0010741138560688146
2017-07-25,28.05,28.08,27.95,27.97,140866,0.0003576537911300637
2017-07-26,28.06,28.23,27.98,28.19,171894,0.00786557025384349
2017-07-27,28.19,28.19,27.85,27.99,157789,-0.00709471443774401
2017-07-28,27.82,27.93,27.78,27.92,124992,-0.0025008931761342224
2017-07-31,,28.01,,28.0,160881,0.002865329512893977
2017-08-01,28.09,28.16,28.07,28.12,376470,0.004285714285714226
2017-08-02,28.17,28.25,28.08,28.2,177098,0.002844950213371167
2017-08-03,28.15,28.15,28.03,28.07,419936,-0.004609929078014163
2017-08-04,28.2,28.23,28.07,28.22,155610,0.0053437833986462735
2017-08-07,28.29,28.38,28.26,28.38,221183,0.005669737774627981
2017-08-08,28.43,28.52,28.3,28.34,194029,-0.0014094432699083281
2017-08-09,28.0,28.06,27.94,28.05,194573,-0.010232886379675343
2017-08-10,27.85,27.87,27.44,27.45,229550,-0.021390374331550888
2017-08-11,27.51,27.62,27.46,27.5,135127,0.0018214936247722413
2017-08-14,27.73,27.86,27.72,27.74,216535,0.008727272727272695
2017-08-15,27.69,27.82,27.64,27.77,295268,0.00108147080028842
2017-08-16,27.92,27.97,27.89,27.94,191119,0.006121714079942553
2017-08-17,27.93,27.95,27.59,27.62,189333,-0.01145311381531855
2017-08-18,27.79,27.97,27.65,27.88,210115,0.009413468501086042
2017-08-21,27.99,28.05,27.92,27.97,113414,0.0032281205164992333
2017-08-22,28.19,28.36,28.19,28.31,432296,0.012155881301394444
2017-08-23,28.24,28.43,28.19,28.39,203386,0.0028258565877783415
2017-08-24,28.54,28.59,28.44,28.54,220804,0.005283550545966742
2017-08-25,28.76,28.86,28.71,28.8,264984,0.009110021023125414
2017-08-28,28.85,28.85,28.75,28.81,489615,0.00034722222222205446
2017-08-29,28.54,28.74,28.49,28.72,281576,-0.0031239153071850323
2017-08-30,28.74,28.78,28.7,28.76,159023,0.001392757660167332
2017-08-31,28.82,28.87,28.75,28.82,328103,0.0020862308762168436
2017-09-01,29.02,29.07,28.96,29.03,166887,0.007286606523247752
2017-09-05,28.9,28.93,28.58,28.72,289722,-0.010678608336204043
2017-09-06,28.8,28.95,28.76,28.93,167674,0.007311977715877438
2017-09-07,29.12,29.15,29.06,29.15,182219,0.0076045627376426506
2017-09-08,29.1,29.1,28.88,28.92,179249,-0.007890222984562545
2017-09-11,29.18,29.33,29.18,29.3,195863,0.013139695712309774
2017-09-12,29.17,29.26,29.14,29.19,250126,-0.003754266211604129
2017-09-13,29.09,29.09,28.94,29.02,185068,-0.00582391229873247
2017-09-14,28.92,29.03,28.85,29.03,217712,0.000344589937973927
2017-09-15,29.05,29.17,29.0,29.17,188248,0.004822597313124399
2017-09-18,29.27,29.34,29.14,29.19,175499,0.0006856359273226253
2017-09-19,29.12,29.18,29.05,29.17,142200,-0.0006851661527920161
2017-09-20,29.18,29.18,28.8,29.04,155662,-0.004456633527596954
2017-09-21,29.1,29.15,29.01,29.08,141680,0.0013774104683195176
2017-09-22,28.96,28.97,28.87,28.93,148816,-0.00515818431911963
2017-09-25,28.77,28.8,28.5,28.62,191726,-0.010715520221223573
2017-09-26,28.69,28.74,28.5,28.57,248927,-0.0017470300489168533
2017-09-27,28.45,28.45,28.24,28.4,272027,-0.0059502975148758575
2017-09-28,28.29,28.38,28.27,28.38,140840,-0.0007042253521126751
2017-09-29,28.6,28.68,28.51,28.66,408140,0.009866102889358741
2017-10-02,28.62,28.69,28.58,28.62,210524,-0.0013956734124214165
2017-10-03,28.79,28.98,28.77,28.98,331825,0.012578616352201255
2017-10-04,29.01,29.08,28.96,29.01,331383,0.001035196687370732
2017-10-05,29.18,29.3,29.14,29.18,319633,0.005860048259220818
2017-10-06,28.89,29.0,28.87,28.98,285084,-0.006854009595613442
2017-10-09,28.85,28.94,28.82,28.88,164002,-0.0034506556245686992
2017-10-10,29.16,29.23,29.13,29.19,377058,0.010734072022160701
2017-10-11,29.3,29.32,29.29,29.31,51541,0.004110996916752319
2017-10-12,29.41,29.46,29.4,29.42,127051,0.003752985329239289
2017-10-13,29.68,29.74,29.65,29.7,199642,0.009517335146159045
2017-10-16,29.76,29.78,29.63,29.66,168249,-0.0013468013468013185
2017-10-17,29.58,29.58,29.42,29.55,262897,-0.0037086985839513975
2017-10-18,29.65,29.65,29.53,29.58,322746,0.0010152284263957867
2017-10-19,29.32,29.4,29.27,29.38,479983,-0.006761325219743042
2017-10-20,29.54,29.54,29.46,29.5,122285,0.004084411164057222
2017-10-23,29.45,29.45,29.25,29.28,494600,-0.007457627118644061
2017-10-24,29.32,29.39,29.26,29.28,507080,0.0
2017-10-25,29.42,29.42,29.04,29.26,367244,-0.000683060109289646
2017-10-26,29.32,29.32,29.06,29.06,119881,-0.006835269993164861
2017-10-27,29.24,29.5,29.16,29.46,210196,0.013764624913971124
2017-10-30,29.46,29.48,29.25,29.27,140990,-0.006449422946367966
2017-10-31,29.42,29.46,29.35,29.42,173708,0.005124701059104897
2017-11-01,29.74,29.81,29.58,29.59,213534,0.005778382053025055
2017-11-02,29.64,29.7,29.48,29.69,232245,0.0033795201081447956
2017-11-03,29.62,29.62,29.29,29.48,127656,-0.007073088582014164
2017-11-06,29.55,29.8,29.55,29.79,185662,0.010515603799185813
2017-11-07,29.72,29.76,29.44,29.53,181196,-0.008727760993621936
2017-11-08,29.69,29.76,29.6,29.72,200420,0.006434134778191547
2017-11-09,29.53,29.56,29.35,29.55,155730,-0.005720053835800765
2017-11-10,29.49,29.49,29.34,29.38,186039,-0.005752961082910346
2017-11-13,29.23,29.33,29.09,29.3,397604,-0.002722940776038074
2017-11-14,29.17,29.22,28.96,29.02,207391,-0.009556313993174137
2017-11-15,28.77,28.85,28.63,28.77,384800,-0.008614748449345289
2017-11-16,29.17,29.33,29.13,29.24,194961,0.016336461591935914
2017-11-17,29.29,29.48,29.23,29.4,142510,0.00547195622435015
2017-11-20,29.24,29.42,29.22,29.41,282524,0.0003401360544217358
2017-11-21,29.66,29.81,29.66,29.69,195243,0.009520571234274078
2017-11-22,29.88,30.0,29.86,29.97,209736,0.009430784776018886
2017-11-24,29.97,30.04,29.97,30.01,111390,0.00133466800133486
2017-11-27,29.79,29.79,29.6,29.64,398906,-0.012329223592135952
2017-11-28,29.82,29.9,29.7,29.84,189088,0.006747638326585648
2017-11-29,29.72,29.73,29.42,29.45,210533,-0.013069705093833761
2017-11-30,29.39,29.43,29.18,29.22,185025,-0.007809847198641751
2017-12-01,29.22,29.23,28.96,29.14,238689,-0.002737850787132068
