Date,Open,High,Low,Close,Volume,FNDF Percent Change
2013-08-15,25.15,27.32,24.91,25.12,26629,
2013-08-16,25.56,25.56,25.21,25.28,27688,0.006369426751592355
2013-08-19,25.25,25.25,25.0,25.0,14196,-0.011075949367088667
2013-08-20,24.96,24.99,24.87,24.97,15407,-0.0012000000000000899
2013-08-21,25.09,25.09,24.7,24.8,21721,-0.006808169803764419
2013-08-22,24.91,25.22,24.9,24.98,6950,0.007258064516129092
2013-08-23,25.08,25.25,25.0,25.21,50129,0.009207365892714092
2013-08-26,25.02,25.03,24.96,25.03,16524,-0.007140023800079276
2013-08-27,24.7,24.75,24.45,24.48,15848,-0.02197363164202959
2013-08-28,24.45,24.62,24.42,24.51,28448,0.001225490196078427
2013-08-29,24.49,24.59,24.42,24.43,23742,-0.003263973888208982
2013-08-30,24.41,24.55,24.21,24.21,8987,-0.009005321326238214
2013-09-03,24.79,24.79,24.63,24.67,17278,0.0190004130524577
2013-09-04,24.68,24.96,24.68,24.84,19963,0.0068909606809890445
2013-09-05,24.92,25.06,24.87,24.87,25709,0.0012077294685990392
2013-09-06,25.35,25.35,25.0,25.0,21166,0.005227181342983389
2013-09-09,25.23,25.4,25.23,25.38,26903,0.01519999999999988
2013-09-10,25.65,25.68,25.59,25.68,18579,0.011820330969267268
2013-09-11,25.68,25.98,25.64,25.72,26440,0.0015576323987538387
2013-09-12,25.76,25.79,25.65,25.67,17683,-0.0019440124416795213
2013-09-13,26.02,26.02,25.67,25.73,41455,0.002337358784573418
2013-09-16,26.12,26.12,26.0,26.02,11421,0.011270890011659596
2013-09-17,26.97,26.97,25.95,26.0,13499,-0.000768639508070712
2013-09-18,26.03,27.0,25.95,26.84,98887,0.03230769230769237
2013-09-19,26.66,27.06,26.55,26.66,36539,-0.006706408345752646
2013-09-20,26.68,26.69,26.39,26.39,20748,-0.010127531882970775
2013-09-23,26.32,26.37,26.22,26.37,10946,-0.0007578628268283261
2013-09-24,26.49,26.49,26.3,26.36,28130,-0.0003792188092529569
2013-09-25,26.5,26.5,26.31,26.42,14385,0.0022761760242793194
2013-09-26,26.57,27.05,26.36,26.55,37172,0.0049205147615443146
2013-09-27,26.37,26.48,26.32,26.47,12853,-0.003013182674199699
2013-09-30,26.71,26.71,26.14,26.23,9730,-0.009066868152625585
2013-10-01,26.39,26.46,26.28,26.45,54300,0.008387342737323555
2013-10-02,26.32,26.45,26.25,26.45,31930,0.0
2013-10-03,26.47,26.47,26.24,26.36,28725,-0.0034026465028355046
2013-10-04,26.24,26.39,26.2,26.39,10971,0.0011380880121396597
2013-10-07,26.04,26.29,26.04,26.2,13659,-0.00719969685486932
2013-10-08,26.32,26.32,25.97,25.98,15375,-0.008396946564885432
2013-10-09,26.18,26.18,25.94,26.1,18582,0.004618937644341736
2013-10-10,26.47,26.68,26.39,26.66,63581,0.021455938697317878
2013-10-11,26.69,26.69,26.52,26.67,20506,0.00037509377344346895
2013-10-14,26.73,26.8,26.58,26.76,24460,0.003374578177727683
2013-10-15,27.13,27.13,26.68,26.68,20290,-0.002989536621823663
2013-10-16,26.97,26.97,26.78,26.94,55206,0.009745127436281864
2013-10-17,27.1,27.27,27.02,27.27,58669,0.012249443207126953
2013-10-18,27.73,27.73,27.27,27.4,41450,0.0047671433810048125
2013-10-21,27.93,27.93,27.3,27.39,67363,-0.0003649635036495624
2013-10-22,27.58,27.67,27.48,27.63,22473,0.008762322015334112
2013-10-23,27.43,27.43,27.27,27.34,60450,-0.01049583785740138
2013-10-24,27.44,27.57,27.43,27.56,17667,0.008046817849304944
2013-10-25,27.53,27.53,27.37,27.42,32452,-0.005079825834542695
2013-10-28,27.5,27.5,27.25,27.34,34419,-0.0029175784099197966
2013-10-29,27.66,27.66,27.44,27.5,29875,0.00585223116313105
2013-10-30,27.72,27.72,27.38,27.44,15558,-0.0021818181818181737
2013-10-31,27.4,27.4,27.18,27.29,11911,-0.0054664723032070706
2013-11-01,27.24,27.24,27.0,27.1,10469,-0.006962257237083103
2013-11-04,27.22,27.28,27.16,27.28,19067,0.006642066420664117
2013-11-05,27.03,27.09,26.96,27.07,27979,-0.0076979472140762395
2013-11-06,27.36,27.36,27.26,27.32,104376,0.009235315847802017
2013-11-07,27.27,27.27,26.83,26.84,20146,-0.017569546120058566
2013-11-08,26.82,27.0,26.76,27.0,44887,0.005961251862891315
2013-11-11,27.05,27.1,27.03,27.08,22445,0.002962962962962834
2013-11-12,27.04,27.04,26.92,26.93,33215,-0.00553914327917282
2013-11-13,26.79,27.14,26.75,27.14,22608,0.007797994801336916
2013-11-14,27.13,27.22,27.08,27.22,19098,0.0029476787030213725
2013-11-15,27.38,27.39,27.3,27.39,12728,0.006245407788390889
2013-11-18,27.62,27.63,27.41,27.42,24124,0.0010952902519167917
2013-11-19,27.4,27.41,27.25,27.32,18465,-0.003646973012399801
2013-11-20,27.37,27.37,27.04,27.1,11571,-0.008052708638360162
2013-11-21,27.34,27.35,27.17,27.35,22646,0.009225092250922495
2013-11-22,27.4,27.49,27.3,27.48,16385,0.004753199268738628
2013-11-25,27.53,27.53,27.35,27.35,14038,-0.0047307132459970536
2013-11-26,27.33,27.38,27.27,27.36,22027,0.000365630712979792
2013-11-27,27.55,27.55,27.41,27.41,16517,0.001827485380117011
2013-11-29,27.61,27.69,27.52,27.52,21604,0.004013133892739829
2013-12-02,27.44,27.44,27.29,27.29,24858,-0.00835755813953487
2013-12-03,27.18,27.18,27.05,27.07,18051,-0.008061561011359464
2013-12-04,26.96,26.98,26.73,26.96,34329,-0.00406353897303291
2013-12-05,26.84,26.86,26.75,26.75,23523,-0.007789317507418403
2013-12-06,27.08,27.12,26.95,27.12,18344,0.013831775700934523
2013-12-09,27.1,27.13,27.04,27.12,22275,0.0
2013-12-10,27.12,27.12,27.01,27.08,20529,-0.001474926253687392
2013-12-11,27.05,27.09,26.81,26.83,20908,-0.00923190546528807
2013-12-12,26.66,26.72,26.57,26.63,29214,-0.007454342154304849
2013-12-13,26.72,26.72,26.47,26.58,17000,-0.0018775816748028973
2013-12-16,26.81,26.84,26.76,26.82,22564,0.009029345372460584
2013-12-17,26.69,26.71,26.62,26.68,44360,-0.00521998508575694
2013-12-18,26.84,27.7,26.78,27.15,27202,0.01761619190404784
2013-12-19,27.0,27.13,26.93,27.13,21634,-0.0007366482504603811
2013-12-20,27.12,27.25,27.12,27.24,26972,0.004054552156284474
2013-12-23,27.29,27.42,27.23,27.42,67771,0.006607929515418665
2013-12-24,27.35,27.46,27.29,27.46,17546,0.0014587892049597873
2013-12-26,27.52,27.6,27.5,27.6,11903,0.005098324836125379
2013-12-27,27.82,27.82,27.67,27.71,16514,0.003985507246376807
2013-12-30,27.88,27.88,27.75,27.87,26895,0.005774088776614894
2013-12-31,27.85,28.04,27.85,27.95,42964,0.002870470039468831
2014-01-02,27.62,27.62,27.29,27.3,124884,-0.023255813953488302
2014-01-03,27.47,27.5,27.4,27.45,30977,0.005494505494505475
2014-01-06,27.49,27.52,27.4,27.48,32969,0.0010928961748635224
2014-01-07,27.58,27.7,27.58,27.68,38302,0.00727802037845704
2014-01-08,27.67,27.73,27.61,27.64,71742,-0.0014450867052022698
2014-01-09,27.66,27.74,27.54,27.66,35879,0.0007235890014472002
2014-01-10,27.74,27.92,27.72,27.91,17514,0.009038322487346262
2014-01-13,27.88,27.88,27.65,27.7,34355,-0.007524184879971418
2014-01-14,27.85,27.96,27.77,27.93,26567,0.008303249097473042
2014-01-15,27.93,28.12,27.93,28.1,27682,0.006086645184389505
2014-01-16,28.17,28.17,27.96,28.09,25626,-0.000355871886121073
2014-01-17,28.01,28.06,27.99,27.99,26390,-0.003559985760057005
2014-01-21,28.06,28.16,27.98,28.08,42020,0.003215434083601254
2014-01-22,28.06,28.09,27.97,28.08,29110,0.0
2014-01-23,28.05,28.05,27.84,27.9,17911,-0.0064102564102563875
2014-01-24,27.56,27.56,27.2,27.2,28620,-0.02508960573476704
2014-01-27,27.15,27.21,26.9,27.07,43361,-0.004779411764705865
2014-01-28,27.11,27.28,27.11,27.24,50338,0.006280014776505194
2014-01-29,26.97,27.15,26.91,26.92,31394,-0.011747430249632762
2014-01-30,27.12,27.12,26.82,27.02,59831,0.003714710252600284
2014-01-31,26.6,26.79,26.48,26.69,32754,-0.012213175425610623
2014-02-03,26.65,26.65,26.19,26.23,82653,-0.017234919445485275
2014-02-04,26.3,26.42,26.25,26.39,23165,0.006099885627144586
2014-02-05,26.42,26.5,26.35,26.48,33506,0.0034103827207274673
2014-02-06,26.69,26.96,26.66,26.95,38066,0.017749244712990997
2014-02-07,27.12,27.35,27.09,27.34,20582,0.014471243042671667
2014-02-10,27.22,27.24,27.19,27.24,36474,-0.003657644476956934
2014-02-11,27.32,27.69,27.32,27.64,31942,0.01468428781204123
2014-02-12,27.71,27.74,27.62,27.7,22744,0.0021707670043413785
2014-02-13,27.46,27.86,27.46,27.82,60984,0.0043321299638989785
2014-02-14,27.77,27.94,27.77,27.94,25051,0.004313443565780117
2014-02-18,28.09,28.23,28.09,28.18,57406,0.008589835361488829
2014-02-19,28.12,28.21,28.01,28.01,27327,-0.006032647267565583
2014-02-20,28.13,28.13,27.97,28.13,17246,0.004284184219921272
2014-02-21,28.38,28.38,28.2,28.22,27561,0.003199431212228987
2014-02-24,28.29,28.59,28.29,28.49,37883,0.009567682494684648
2014-02-25,28.48,28.56,28.32,28.41,30619,-0.002808002808002752
2014-02-26,28.39,28.39,28.19,28.28,43621,-0.00457585357268564
2014-02-27,28.1,28.34,28.1,28.3,18319,0.0007072135785006761
2014-02-28,28.34,28.58,28.34,28.41,21382,0.003886925795052898
2014-03-03,28.2,28.2,27.78,27.82,23430,-0.020767335445265767
2014-03-04,28.39,28.41,28.32,28.39,50943,0.020488856937455058
2014-03-05,28.49,28.49,28.36,28.42,19810,0.0010567101091933928
2014-03-06,28.7,28.75,28.64,28.68,28752,0.009148486980999238
2014-03-07,28.75,28.75,28.45,28.51,35774,-0.005927475592747533
2014-03-10,28.43,28.45,28.24,28.36,261073,-0.005261311820414005
2014-03-11,28.36,28.39,28.2,28.24,39882,-0.004231311706629048
2014-03-12,28.12,28.21,27.93,28.21,169517,-0.0010623229461755868
2014-03-13,28.27,28.42,27.59,27.62,17582,-0.02091456930166602
2014-03-14,27.53,27.71,27.39,27.55,27931,-0.0025343953656770113
2014-03-17,27.87,27.92,27.78,27.91,27819,0.01306715063520869
2014-03-18,28.05,28.11,27.94,28.09,18874,0.00644930132568966
2014-03-19,28.08,28.08,27.63,27.76,39433,-0.011747953008187872
2014-03-20,27.6,27.73,27.44,27.69,30361,-0.002521613832852987
2014-03-21,27.83,27.83,27.58,27.58,13401,-0.003972553268328016
2014-03-24,27.78,27.78,27.44,27.66,32913,0.0029006526468455807
2014-03-25,27.88,27.94,27.74,27.91,26032,0.009038322487346262
2014-03-26,28.19,28.19,27.92,27.93,39181,0.0007165890361877647
2014-03-27,28.05,28.05,27.91,28.01,22151,0.0028643036161832836
2014-03-28,28.24,28.33,28.24,28.3,28692,0.010353445198143518
2014-03-31,28.56,28.56,28.42,28.47,34710,0.0060070671378091856
2014-04-01,28.68,28.68,28.52,28.58,27183,0.0038637161924832686
2014-04-02,28.69,28.69,28.55,28.66,23772,0.002799160251924393
2014-04-03,28.65,28.65,28.48,28.61,21207,-0.0017445917655268817
2014-04-04,28.75,28.75,28.47,28.51,32918,-0.003495281370150205
2014-04-07,28.38,28.49,28.35,28.41,83413,-0.0035075412136093
2014-04-08,28.41,28.43,28.26,28.41,26599,0.0
2014-04-09,28.66,28.71,28.48,28.71,27721,0.010559662090813049
2014-04-10,28.66,28.66,28.11,28.13,42840,-0.02020202020202022
2014-04-11,28.07,28.17,27.98,28.0,17928,-0.004621400639886253
2014-04-14,28.17,28.19,28.03,28.15,23238,0.005357142857142838
2014-04-15,28.14,28.14,27.8,28.02,27861,-0.004618117229129637
2014-04-16,28.22,28.35,28.19,28.33,39268,0.01106352605281935
2014-04-17,28.42,28.53,28.42,28.51,16496,0.006353688669255231
2014-04-21,28.67,28.67,28.53,28.62,72525,0.0038582953349701743
2014-04-22,28.74,28.74,28.67,28.72,37477,0.0034940600978337066
2014-04-23,28.49,28.67,28.49,28.67,55693,-0.0017409470752087763
2014-04-24,28.73,28.73,28.49,28.65,29474,-0.0006975933031043713
2014-04-25,28.6,28.6,28.48,28.54,34729,-0.0038394415357766443
2014-04-28,28.68,28.68,28.49,28.67,45415,0.004555010511562818
2014-04-29,28.87,28.92,28.77,28.87,61879,0.006975933031042825
2014-04-30,28.9,29.13,28.82,29.05,22285,0.006234845860755067
2014-05-01,29.12,29.12,29.01,29.04,17644,-0.000344234079173944
2014-05-02,29.12,29.12,28.98,29.05,23561,0.0003443526170798794
2014-05-05,29.02,29.02,28.75,29.01,38623,-0.001376936316695332
2014-05-06,29.07,29.07,28.9,28.96,13121,-0.0017235436056532993
2014-05-07,29.05,29.05,28.88,29.04,48088,0.0027624309392264568
2014-05-08,29.09,29.21,28.96,29.01,77871,-0.0010330578512396382
2014-05-09,29.05,29.05,28.84,28.91,36611,-0.0034470872113064877
2014-05-12,28.96,29.12,28.91,29.11,21834,0.006918021445866396
2014-05-13,29.18,29.18,29.05,29.11,13319,0.0
2014-05-14,29.1,29.15,29.02,29.07,35249,-0.0013740982480247022
2014-05-15,29.03,29.03,28.75,28.88,31689,-0.0065359477124183885
2014-05-16,28.92,28.92,28.83,28.9,19482,0.0006925207756232066
2014-05-19,28.85,28.91,28.77,28.91,16356,0.00034602076124579106
2014-05-20,28.78,28.79,28.64,28.71,27090,-0.006918021445866507
2014-05-21,28.85,28.96,28.82,28.95,15879,0.008359456635318674
2014-05-22,28.99,29.0,28.94,28.98,26299,0.0010362694300518616
2014-05-23,29.0,29.08,28.96,29.06,22142,0.002760524499654915
2014-05-27,29.2,29.29,29.2,29.28,20776,0.007570543702684285
2014-05-28,29.22,29.22,29.12,29.17,19633,-0.0037568306010928865
2014-05-29,29.27,29.33,29.23,29.32,41545,0.005142269454919468
2014-05-30,29.34,29.35,29.28,29.34,50327,0.0006821282401090478
2014-06-02,29.45,29.45,29.32,29.42,28155,0.0027266530334015826
2014-06-03,29.3,29.33,29.27,29.32,32893,-0.003399048266485405
2014-06-04,29.31,29.31,29.19,29.3,20900,-0.0006821282401091588
2014-06-05,29.43,29.56,29.36,29.55,64455,0.008532423208191142
2014-06-06,29.67,29.73,29.6,29.73,33062,0.006091370558375608
2014-06-09,29.65,29.73,29.61,29.72,26400,-0.00033636057854025125
2014-06-10,29.6,29.66,29.55,29.65,31149,-0.0023553162853297005
2014-06-11,29.59,29.59,29.45,29.49,20164,-0.005396290050590169
2014-06-12,29.61,29.62,29.47,29.53,33859,0.0013563919972872096
2014-06-13,29.58,29.6,29.52,29.53,25227,0.0
2014-06-16,29.53,29.57,29.48,29.55,19795,0.0006772773450727243
2014-06-17,29.42,29.52,29.42,29.52,29946,-0.0010152284263960087
2014-06-18,29.6,29.82,29.55,29.82,17464,0.010162601626016343
2014-06-19,30.03,30.03,29.95,29.98,91827,0.005365526492287165
2014-06-20,29.98,29.99,29.85,29.91,53944,-0.002334889926617789
2014-06-23,29.88,29.88,29.73,29.84,51558,-0.0023403543965229145
2014-06-24,29.91,29.91,29.64,29.67,95284,-0.005697050938337722
2014-06-25,29.57,29.66,29.52,29.65,34009,-0.0006740815638693887
2014-06-26,29.67,29.67,29.46,29.66,24550,0.0003372681281619272
2014-06-27,29.61,29.69,29.54,29.68,18696,0.0006743088334457692
2014-06-30,29.7,29.72,29.61,29.7,22680,0.0006738544474393926
2014-07-01,29.86,30.0,29.86,29.95,40117,0.008417508417508435
2014-07-02,30.02,30.02,29.89,29.98,28270,0.0010016694490817546
2014-07-03,30.07,30.08,30.0,30.07,15094,0.0030020013342229035
2014-07-07,29.93,29.93,29.74,29.75,21877,-0.010641835716661108
2014-07-08,29.66,29.66,29.38,29.47,33202,-0.009411764705882342
2014-07-09,29.42,29.61,29.42,29.57,54861,0.0033932813030199682
2014-07-10,29.15,29.25,29.01,29.24,25785,-0.01115995941832948
2014-07-11,29.24,29.26,29.18,29.25,19128,0.00034199726402195374
2014-07-14,29.55,29.55,29.43,29.45,30925,0.006837606837606813
2014-07-15,29.55,29.55,29.21,29.36,22593,-0.0030560271646858927
2014-07-16,29.59,29.62,29.54,29.59,21761,0.00783378746593999
2014-07-17,29.46,29.48,29.2,29.21,11075,-0.012842176410949646
2014-07-18,29.24,29.46,29.24,29.45,61835,0.008216364258815334
2014-07-21,29.2,29.33,29.19,29.32,20352,-0.00441426146010182
2014-07-22,29.41,29.49,29.41,29.46,16933,0.004774897680764001
2014-07-23,29.56,29.56,29.48,29.49,26544,0.0010183299389001643
2014-07-24,29.62,29.62,29.54,29.59,19872,0.003390979993218135
2014-07-25,29.6,29.6,29.4,29.48,20824,-0.0037174721189591198
2014-07-28,29.49,29.52,29.31,29.48,13889,0.0
2014-07-29,29.62,29.62,29.37,29.39,47324,-0.0030529172320217235
2014-07-30,29.41,29.44,29.2,29.33,30170,-0.0020415107179313496
2014-07-31,29.11,29.11,28.84,28.85,55034,-0.01636549607909976
2014-08-01,28.76,28.81,28.58,28.65,46587,-0.006932409012131768
2014-08-04,28.8,28.82,28.62,28.8,23357,0.00523560209424101
2014-08-05,28.68,28.68,28.33,28.39,23245,-0.014236111111111116
2014-08-06,28.22,28.38,28.13,28.32,28599,-0.002465656921451176
2014-08-07,28.41,28.41,27.98,28.04,18879,-0.009887005649717562
2014-08-08,28.08,28.25,27.99,28.25,27232,0.007489300998573478
2014-08-11,28.41,28.41,28.28,28.32,53521,0.002477876106194765
2014-08-12,28.25,28.28,28.23,28.27,35465,-0.0017655367231638186
2014-08-13,28.4,28.42,28.34,28.4,23964,0.004598514326140668
2014-08-14,28.61,28.61,28.46,28.52,24756,0.004225352112676051
2014-08-15,28.68,28.71,28.34,28.54,37418,0.0007012622720896644
2014-08-18,28.63,28.72,28.63,28.69,37214,0.005255781359495559
2014-08-19,28.78,28.78,28.7,28.77,19985,0.0027884280237016057
2014-08-20,28.7,28.71,28.59,28.68,45862,-0.0031282586027111536
2014-08-21,28.84,28.86,28.76,28.83,30184,0.0052301255230124966
2014-08-22,28.86,28.86,28.6,28.66,37456,-0.005896635449184839
2014-08-25,28.84,28.92,28.75,28.86,102032,0.006978367062107527
2014-08-26,28.99,29.0,28.9,28.95,148436,0.0031185031185030354
2014-08-27,29.08,29.08,28.96,28.98,20372,0.0010362694300518616
2014-08-28,28.88,28.88,28.76,28.86,20663,-0.0041407867494824835
2014-08-29,28.87,28.87,28.72,28.81,24132,-0.0017325017325017233
2014-09-02,28.94,28.94,28.76,28.83,33489,0.0006942034015966492
2014-09-03,29.14,29.14,29.02,29.04,39044,0.007284079084287187
2014-09-04,29.04,29.1,28.85,28.89,14085,-0.005165289256198302
2014-09-05,28.91,28.93,28.82,28.93,10399,0.0013845621322257085
2014-09-08,28.82,28.85,28.58,28.63,28342,-0.010369858278603594
2014-09-09,28.63,28.63,28.48,28.52,19456,-0.0038421236465245867
2014-09-10,28.62,28.71,28.5,28.7,23665,0.006311360448807868
2014-09-11,28.58,28.58,28.48,28.52,33664,-0.006271777003484358
2014-09-12,28.52,28.52,28.44,28.47,12437,-0.001753155680224383
2014-09-15,28.51,28.51,28.39,28.43,19725,-0.0014049877063575522
2014-09-16,28.34,28.6,28.33,28.58,13727,0.005276116778051287
2014-09-17,28.56,28.56,28.38,28.38,15150,-0.0069979006298109825
2014-09-18,28.57,28.64,28.54,28.6,16386,0.007751937984496138
2014-09-19,28.65,28.65,28.43,28.47,16492,-0.00454545454545463
2014-09-22,28.48,28.48,28.27,28.33,27473,-0.004917456972251544
2014-09-23,28.2,28.2,28.06,28.1,25981,-0.008118602188492696
2014-09-24,28.1,28.25,28.04,28.25,44750,0.005338078291814874
2014-09-25,28.13,28.13,27.79,27.84,29304,-0.014513274336283244
2014-09-26,27.84,27.97,27.78,27.92,13725,0.00287356321839094
2014-09-29,27.71,27.74,27.57,27.71,20415,-0.007521489971346718
2014-09-30,27.69,27.72,27.53,27.62,54666,-0.003247924936845892
2014-10-01,27.51,27.51,27.25,27.32,39300,-0.01086169442433027
2014-10-02,27.24,27.24,26.73,26.98,59987,-0.012445095168374776
2014-10-03,27.03,27.03,26.81,26.96,39369,-0.000741289844329085
2014-10-06,27.03,27.13,26.94,27.07,24219,0.004080118694361978
2014-10-07,27.0,27.0,26.66,26.66,569153,-0.01514591799039533
2014-10-08,26.73,27.09,26.58,27.08,27799,0.015753938484621033
2014-10-09,26.84,26.84,26.2,26.3,68921,-0.028803545051698576
2014-10-10,26.18,26.21,25.9,25.9,58474,-0.015209125475285301
2014-10-13,26.04,26.17,25.82,25.82,50223,-0.003088803088802994
2014-10-14,25.97,26.07,25.78,25.85,102732,0.0011618900077459138
2014-10-15,25.69,25.71,25.21,25.66,82066,-0.00735009671179887
2014-10-16,25.09,25.64,25.09,25.44,88952,-0.008573655494933718
2014-10-17,25.89,25.96,25.79,25.9,69645,0.01808176100628911
2014-10-20,25.8,26.12,25.8,26.09,68527,0.007335907335907388
2014-10-21,26.15,26.43,26.15,26.39,113343,0.011498658489842883
2014-10-22,26.43,26.44,26.14,26.14,59343,-0.009473285335354298
2014-10-23,26.34,26.58,26.34,26.47,54864,0.012624330527926553
2014-10-24,26.55,26.58,26.47,26.56,51463,0.0034000755572345387
2014-10-27,26.43,26.56,26.3,26.49,50136,-0.002635542168674676
2014-10-28,26.62,26.85,26.62,26.85,38328,0.013590033975084959
2014-10-29,26.96,27.0,26.6,26.71,57177,-0.005214152700186214
2014-10-30,26.57,26.88,26.55,26.8,14028,0.003369524522650602
2014-10-31,27.29,27.3,27.13,27.29,73622,0.018283582089552164
2014-11-03,27.21,27.21,26.99,27.07,127762,-0.008061561011359464
2014-11-04,26.84,26.84,26.6,26.79,71378,-0.010343553749538326
2014-11-05,26.92,26.95,26.81,26.89,67583,0.0037327360955581312
2014-11-06,26.92,26.93,26.7,26.77,44253,-0.004462625511342577
2014-11-07,26.74,26.83,26.63,26.83,53130,0.002241314904743996
2014-11-10,26.98,26.98,26.87,26.93,37023,0.00372717107715248
2014-11-11,27.0,27.11,26.94,27.08,34879,0.005569996286669099
2014-11-12,26.87,26.96,26.82,26.89,35119,-0.007016248153618787
2014-11-13,26.92,26.98,26.83,26.92,36073,0.0011156563778356166
2014-11-14,26.81,27.0,26.8,27.0,48952,0.002971768202080227
2014-11-17,26.89,26.98,26.82,26.93,81906,-0.002592592592592591
2014-11-18,27.15,27.3,27.14,27.27,85328,0.012625324916450076
2014-11-19,27.24,27.26,27.08,27.2,27448,-0.0025669233590025486
2014-11-20,27.05,27.09,26.93,27.03,118534,-0.006249999999999978
2014-11-21,27.46,27.46,27.26,27.34,84696,0.01146873843877172
2014-11-24,27.43,27.44,27.36,27.43,39157,0.003291880029261174
2014-11-25,27.49,27.52,27.42,27.49,62332,0.0021873860736418838
2014-11-26,27.51,27.56,27.5,27.56,38181,0.0025463805020007335
2014-11-28,27.37,27.37,27.23,27.23,84548,-0.011973875181422344
2014-12-01,27.27,27.29,27.14,27.19,559941,-0.0014689680499448965
2014-12-02,27.29,27.29,27.19,27.28,37703,0.0033100404560499896
2014-12-03,27.19,27.3,27.19,27.25,128230,-0.0010997067448680342
2014-12-04,27.21,27.23,27.04,27.15,51336,-0.003669724770642202
2014-12-05,27.16,27.28,27.14,27.2,70876,0.0018416206261511192
2014-12-08,27.1,27.1,26.87,26.9,52003,-0.011029411764705954
2014-12-09,26.75,26.77,26.57,26.71,64830,-0.0070631970260222054
2014-12-10,26.69,26.69,26.3,26.36,109735,-0.013103706476975008
2014-12-11,26.46,26.52,26.31,26.33,129550,-0.0011380880121396597
2014-12-12,26.26,26.26,25.78,25.78,185026,-0.020888720091150725
2014-12-15,25.9,25.9,25.32,25.36,104517,-0.01629169899146632
2014-12-16,25.44,25.88,25.41,25.65,435526,0.011435331230283952
2014-12-17,25.71,26.08,25.65,25.93,225726,0.010916179337232101
2014-12-18,26.41,26.45,26.18,26.42,136734,0.01889703046664093
2014-12-19,26.31,26.54,26.26,26.46,110745,0.0015140045420136694
2014-12-22,26.18,26.18,25.96,26.03,269434,-0.016250944822373437
2014-12-23,26.02,26.14,25.98,26.05,143492,0.0007683442182098155
2014-12-24,26.03,26.24,26.0,26.19,160512,0.005374280230326267
2014-12-26,26.27,26.29,26.22,26.24,69443,0.0019091256204657459
2014-12-29,26.06,26.14,26.03,26.07,159953,-0.006478658536585247
2014-12-30,25.99,25.99,25.83,25.85,116103,-0.008438818565400852
2014-12-31,25.86,25.9,25.66,25.67,73641,-0.006963249516441006
2015-01-02,25.68,25.78,25.57,25.63,30195,-0.00155823918971576
2015-01-05,25.23,25.23,24.81,24.91,152683,-0.02809207959422544
2015-01-06,24.88,24.98,24.56,24.64,136100,-0.01083902047370533
2015-01-07,24.89,24.94,24.69,24.84,227686,0.008116883116883189
2015-01-08,25.09,25.3,25.04,25.22,81275,0.015297906602254496
2015-01-09,25.25,25.25,24.92,25.01,61312,-0.008326724821570042
2015-01-12,25.11,25.11,24.82,24.96,76376,-0.0019992003198721076
2015-01-13,25.23,25.28,24.87,25.05,121839,0.0036057692307691624
2015-01-14,24.93,24.96,24.73,24.95,1775422,-0.003992015968063978
2015-01-15,25.16,25.19,24.96,25.04,163257,0.003607214428857697
2015-01-16,25.01,25.42,25.01,25.39,115037,0.013977635782747688
2015-01-20,25.64,25.64,25.41,25.52,84303,0.005120126033871575
2015-01-21,25.59,25.73,25.49,25.73,55224,0.008228840125391823
2015-01-22,25.8,25.94,25.68,25.9,88862,0.00660707345511069
2015-01-23,25.87,25.89,25.71,25.71,80169,-0.007335907335907277
2015-01-26,25.94,26.11,25.85,26.08,47434,0.014391287436794853
2015-01-27,26.01,26.16,25.98,26.1,51919,0.0007668711656443339
2015-01-28,26.15,26.25,25.68,25.68,52419,-0.016091954022988575
2015-01-29,25.76,26.01,25.76,25.97,65897,0.011292834890965775
2015-01-30,25.75,25.82,25.61,25.61,66722,-0.01386214863303814
2015-02-02,25.86,25.99,25.77,25.93,86496,0.012495119094103835
2015-02-03,26.19,26.52,26.19,26.5,47307,0.021982259930582337
2015-02-04,26.41,26.41,26.25,26.39,35578,-0.0041509433962263476
2015-02-05,26.43,26.58,26.38,26.58,49552,0.007199696854869098
2015-02-06,26.37,26.4,26.14,26.14,64297,-0.016553799849510775
2015-02-09,26.15,26.23,26.0,26.15,41641,0.00038255547054322214
2015-02-10,26.36,26.37,26.18,26.35,69777,0.007648183556405508
2015-02-11,26.24,26.25,26.09,26.21,39168,-0.0053130929791271875
2015-02-12,26.49,26.64,26.47,26.64,24178,0.016405951926745432
2015-02-13,26.83,26.88,26.79,26.88,58714,0.009009009009008917
2015-02-17,26.89,27.0,26.75,26.94,94215,0.0022321428571430157
2015-02-18,27.06,27.11,26.92,27.04,62478,0.0037119524870081744
2015-02-19,27.07,27.12,26.95,27.04,48495,0.0
2015-02-20,27.03,27.37,26.92,27.29,53695,0.009245562130177465
2015-02-23,27.21,27.21,27.06,27.14,86006,-0.005496518871381362
2015-02-24,27.23,27.36,27.17,27.32,64313,0.006632277081798144
2015-02-25,27.35,27.36,27.27,27.36,77557,0.0014641288433381305
2015-02-26,27.34,27.34,27.22,27.27,57852,-0.003289473684210509
2015-02-27,27.31,27.36,27.27,27.27,64580,0.0
2015-03-02,27.33,27.33,27.19,27.27,61723,0.0
2015-03-03,27.23,27.23,27.05,27.07,47703,-0.007334066740007361
2015-03-04,27.02,27.02,26.84,26.99,242981,-0.002955301071296712
2015-03-05,27.12,27.14,27.02,27.06,133587,0.002593553167840046
2015-03-06,26.95,26.95,26.61,26.64,120163,-0.01552106430155209
2015-03-09,26.75,26.75,26.62,26.68,85848,0.0015015015015014122
2015-03-10,26.37,26.37,26.02,26.08,205087,-0.022488755622188994
2015-03-11,26.21,26.21,25.98,26.07,275589,-0.0003834355828220559
2015-03-12,26.43,26.43,26.3,26.34,183630,0.010356731875719172
2015-03-13,26.19,26.19,25.99,26.16,252147,-0.006833712984054663
2015-03-16,26.33,26.43,26.31,26.4,268829,0.00917431192660545
2015-03-17,26.32,26.4,26.23,26.38,299379,-0.0007575757575757347
2015-03-18,26.44,26.96,26.35,26.92,405102,0.020470053070507976
2015-03-19,26.67,26.67,26.52,26.58,237968,-0.012630014858841188
2015-03-20,26.98,27.26,26.96,27.2,855977,0.02332580887885638
2015-03-23,27.25,27.39,27.25,27.36,240107,0.00588235294117645
2015-03-24,27.47,27.47,27.35,27.36,220173,0.0
2015-03-25,27.5,27.5,27.23,27.24,230224,-0.004385964912280715
2015-03-26,27.12,27.12,26.87,27.01,200305,-0.00844346549192354
2015-03-27,27.01,27.01,26.89,26.98,204230,-0.0011106997408367736
2015-03-30,27.05,27.06,26.98,26.99,162120,0.0003706449221645425
2015-03-31,26.6,26.71,26.58,26.6,221536,-0.01444979622082243
2015-04-01,26.76,26.79,26.65,26.79,261165,0.0071428571428571175
2015-04-02,26.96,27.06,26.93,27.04,228811,0.009331840238895106
2015-04-06,27.24,27.48,27.14,27.33,318736,0.01072485207100593
2015-04-07,27.47,27.54,27.38,27.39,247215,0.002195389681668658
2015-04-08,27.63,27.63,27.34,27.41,219460,0.0007301935012777871
2015-04-09,27.41,27.41,27.29,27.4,331241,-0.00036483035388545915
2015-04-10,27.4,27.46,27.34,27.46,236900,0.0021897810218978186
2015-04-13,27.35,27.43,27.25,27.31,221175,-0.005462490895848604
2015-04-14,27.54,27.56,27.48,27.56,249542,0.009154155986818013
2015-04-15,27.7,27.8,27.6,27.77,265267,0.007619738751814209
2015-04-16,27.85,27.9,27.67,27.79,210808,0.0007202016564638036
2015-04-17,27.56,27.56,27.4,27.51,189382,-0.010075566750629594
2015-04-20,27.56,27.64,27.51,27.57,232252,0.0021810250817884125
2015-04-21,27.78,27.78,27.67,27.72,220061,0.005440696409140244
2015-04-22,27.7,27.74,27.57,27.72,175012,0.0
2015-04-23,27.63,27.91,27.6,27.86,141952,0.005050505050504972
2015-04-24,28.02,28.09,27.88,28.02,177719,0.005743000717875146
2015-04-27,28.26,28.31,28.17,28.2,208526,0.0064239828693790635
2015-04-28,28.17,28.27,28.1,28.22,192832,0.0007092198581559739
2015-04-29,28.1,28.12,27.95,28.06,210904,-0.005669737774627981
2015-04-30,27.89,27.91,27.73,27.77,179948,-0.010334996436208055
2015-05-01,27.96,28.01,27.78,28.01,183292,0.008642419877565866
2015-05-04,28.0,28.06,27.79,28.03,260921,0.000714030703320212
2015-05-05,27.98,27.98,27.58,27.62,381588,-0.014627185158758493
2015-05-06,27.7,27.84,27.57,27.73,168229,0.003982621288921129
2015-05-07,27.64,27.64,27.45,27.61,179571,-0.004327443202308046
2015-05-08,28.08,28.24,28.04,28.22,165258,0.022093444404201357
2015-05-11,28.07,28.13,27.97,27.99,283724,-0.008150248051027709
2015-05-12,28.02,28.06,27.91,28.0,155190,0.00035727045373357136
2015-05-13,28.24,28.33,28.13,28.17,263716,0.0060714285714287275
2015-05-14,28.45,28.48,28.35,28.47,176978,0.010649627263045636
2015-05-15,28.38,28.52,28.3,28.46,225151,-0.00035124692658927703
2015-05-18,28.39,28.41,28.23,28.37,275372,-0.003162333099086423
2015-05-19,28.17,28.31,28.16,28.21,171219,-0.00563976031018687
2015-05-20,28.25,28.37,28.13,28.26,335107,0.0017724211272598378
2015-05-21,28.25,28.47,28.25,28.38,341143,0.00424628450106157
2015-05-22,28.33,28.33,28.14,28.2,309315,-0.006342494714587699
2015-05-26,27.99,27.99,27.61,27.73,199460,-0.016666666666666607
2015-05-27,27.75,27.94,27.72,27.93,578259,0.007212405337179817
2015-05-28,27.81,27.9,27.64,27.88,175817,-0.00179018976011458
2015-05-29,27.81,27.81,27.45,27.63,311821,-0.008967001434720179
2015-06-01,27.63,27.63,27.37,27.51,262339,-0.004343105320303908
2015-06-02,27.63,27.88,27.63,27.74,176709,0.008360596146855581
2015-06-03,27.88,28.04,27.86,27.93,146509,0.006849315068493178
2015-06-04,27.73,27.88,27.47,27.57,181076,-0.012889366272824887
2015-06-05,27.12,27.39,27.09,27.23,280365,-0.012332245194051517
2015-06-08,27.14,27.21,27.06,27.19,163003,-0.0014689680499448965
2015-06-09,27.12,27.14,26.95,27.08,152600,-0.004045605001839037
2015-06-10,27.43,27.71,27.43,27.65,153314,0.021048744460856694
2015-06-11,27.77,27.78,27.57,27.71,135064,0.0021699819168174983
2015-06-12,27.39,27.52,27.34,27.48,137391,-0.008300252616384007
2015-06-15,27.1,27.3,27.1,27.27,199071,-0.007641921397379958
2015-06-16,27.15,27.3,27.1,27.29,246025,0.0007334066740007916
2015-06-17,27.17,27.29,26.96,27.2,147400,-0.0032979113228288615
2015-06-18,27.35,27.69,27.28,27.44,165705,0.008823529411764675
2015-06-19,27.47,27.47,27.32,27.38,125064,-0.0021865889212828726
2015-06-22,27.79,28.04,27.79,27.85,161025,0.01716581446311194
2015-06-23,27.93,27.99,27.9,27.96,219491,0.003949730700179455
2015-06-24,27.81,27.89,27.73,27.73,150744,-0.00822603719599424
2015-06-25,27.92,27.92,27.73,27.73,164306,0.0
2015-06-26,27.81,27.84,27.61,27.71,287451,-0.0007212405337180261
2015-06-29,27.24,27.29,26.83,26.83,234126,-0.03175748827138225
2015-06-30,27.09,27.09,26.67,26.75,201774,-0.002981736861721873
2015-07-01,27.08,27.08,26.76,26.86,285564,0.00411214953271033
2015-07-02,26.95,26.96,26.85,26.95,128427,0.003350707371556183
2015-07-06,26.42,26.56,26.26,26.32,443145,-0.023376623376623384
2015-07-07,26.15,26.36,25.76,26.29,742598,-0.0011398176291793627
2015-07-08,25.9,25.96,25.63,25.68,430065,-0.023202738683910207
2015-07-09,26.16,26.24,25.98,26.01,208932,0.012850467289719614
2015-07-10,26.88,26.89,26.69,26.84,153707,0.03191080353710096
2015-07-13,27.02,27.02,26.89,26.93,160146,0.003353204172876323
2015-07-14,27.04,27.21,26.96,27.21,639863,0.01039732640178248
2015-07-15,27.19,27.19,27.01,27.06,198259,-0.0055126791620728754
2015-07-16,27.36,27.36,27.24,27.29,232473,0.008499630450850004
2015-07-17,27.31,27.31,27.15,27.22,183511,-0.002565042139977991
2015-07-20,27.34,27.34,27.18,27.25,313805,0.0011021307861867058
2015-07-21,27.19,27.24,27.14,27.18,295389,-0.0025688073394495303
2015-07-22,26.9,27.0,26.83,26.96,196900,-0.008094186902133926
2015-07-23,26.96,27.01,26.85,26.88,168830,-0.0029673590504452063
2015-07-24,26.87,26.87,26.51,26.58,169839,-0.011160714285714302
2015-07-27,26.45,26.53,26.34,26.4,249291,-0.006772009029345383
2015-07-28,26.63,26.69,26.45,26.68,169066,0.01060606060606073
2015-07-29,26.72,26.89,26.66,26.82,160211,0.005247376311844132
2015-07-30,26.86,26.86,26.67,26.83,197812,0.00037285607755399575
2015-07-31,27.13,27.13,26.94,26.99,159100,0.005963473723443968
2015-08-03,26.91,27.01,26.81,26.93,139579,-0.0022230455724341347
2015-08-04,27.02,27.04,26.85,26.93,143999,0.0
2015-08-05,27.05,27.2,27.05,27.08,181152,0.005569996286669099
2015-08-06,27.09,27.09,26.96,27.03,133770,-0.0018463810930574587
2015-08-07,26.94,27.01,26.9,27.01,138093,-0.0007399186089529497
2015-08-10,27.08,27.36,27.03,27.31,120160,0.01110699740836707
2015-08-11,27.03,27.03,26.82,26.91,169883,-0.014646649578908821
2015-08-12,26.68,26.85,26.52,26.83,153537,-0.0029728725380899768
2015-08-13,26.72,26.81,26.68,26.71,134799,-0.004472605292582865
2015-08-14,26.66,26.75,26.61,26.7,120230,-0.0003743916136279557
2015-08-17,26.57,26.69,26.5,26.66,252207,-0.0014981273408238849
2015-08-18,26.47,26.54,26.41,26.46,143347,-0.0075018754688671585
2015-08-19,26.19,26.35,26.07,26.27,223272,-0.007180650037792891
2015-08-20,26.0,26.0,25.64,25.64,274053,-0.023981728207080333
2015-08-21,25.58,25.68,24.86,25.02,731563,-0.024180967238689566
2015-08-24,24.52,24.63,23.62,24.04,2329992,-0.039168665067945696
2015-08-25,25.12,25.13,24.25,24.26,309601,0.009151414309484185
2015-08-26,24.77,24.85,24.25,24.85,225669,0.024319868095630692
2015-08-27,24.9,25.28,24.9,25.22,160864,0.014889336016096433
2015-08-28,25.13,25.28,25.1,25.22,216034,0.0
2015-08-31,25.07,25.13,24.94,25.08,226568,-0.0055511498810467685
2015-09-01,24.58,24.58,24.18,24.24,238455,-0.03349282296650713
2015-09-02,24.53,24.61,24.26,24.55,201783,0.012788778877887985
2015-09-03,24.59,24.8,24.55,24.61,145002,0.0024439918533605276
2015-09-04,24.16,24.17,23.95,24.04,288684,-0.023161316537992693
2015-09-08,24.54,24.77,24.54,24.71,127477,0.02787021630615638
2015-09-09,25.02,25.15,24.62,24.66,104351,-0.0020234722784298054
2015-09-10,24.6,24.87,24.6,24.78,126726,0.0048661800486617945
2015-09-11,24.55,24.71,24.5,24.71,121273,-0.0028248587570621764
2015-09-14,24.51,24.57,24.41,24.52,256847,-0.007689194658033194
2015-09-15,24.53,24.74,24.52,24.72,134708,0.00815660685154973
2015-09-16,24.86,25.1,24.8,25.1,128832,0.015372168284789822
2015-09-17,25.04,25.43,24.95,25.15,135491,0.0019920318725097363
2015-09-18,24.66,24.71,24.43,24.48,138504,-0.026640159045725587
2015-09-21,24.53,24.53,24.31,24.44,313393,-0.0016339869281045694
2015-09-22,23.84,23.92,23.67,23.81,509397,-0.025777414075286553
2015-09-23,23.81,23.86,23.58,23.67,207487,-0.0058798824023518215
2015-09-24,23.43,23.69,23.34,23.59,770033,-0.003379805661174573
2015-09-25,23.94,23.99,23.72,23.78,169108,0.008054260279779513
2015-09-28,23.58,23.58,23.24,23.31,558353,-0.019764507989907587
2015-09-29,23.28,23.36,23.2,23.31,305015,0.0
2015-09-30,23.63,23.77,23.51,23.74,171286,0.01844701844701846
2015-10-01,23.92,24.01,23.66,23.85,135782,0.004633529907329459
2015-10-02,23.76,24.27,23.7,24.27,178626,0.017610062893081757
2015-10-05,24.65,24.84,24.65,24.8,175764,0.021837659662134357
2015-10-06,24.78,25.03,24.78,24.95,181468,0.006048387096774244
2015-10-07,25.4,25.5,25.2,25.4,150233,0.018036072144288484
2015-10-08,25.29,25.65,25.25,25.62,136814,0.008661417322834764
2015-10-09,25.73,25.82,25.67,25.78,97067,0.006245120999219367
2015-10-12,25.73,25.73,25.64,25.68,118804,-0.0038789759503491394
2015-10-13,25.25,25.51,25.25,25.3,139069,-0.014797507788161912
2015-10-14,25.39,25.5,25.32,25.44,141265,0.005533596837944632
2015-10-15,25.57,25.81,25.57,25.78,137849,0.013364779874213806
2015-10-16,25.72,25.79,25.66,25.78,111719,0.0
2015-10-19,25.6,25.63,25.53,25.55,125528,-0.00892164468580292
2015-10-20,25.5,25.58,25.44,25.55,126461,0.0
2015-10-21,25.73,25.73,25.51,25.51,239384,-0.0015655577299412693
2015-10-22,25.68,25.93,25.66,25.82,138477,0.01215209721677768
2015-10-23,26.03,26.06,25.9,26.02,147657,0.0077459333849727585
2015-10-26,25.99,25.99,25.83,25.91,152672,-0.004227517294388861
2015-10-27,25.67,25.67,25.52,25.55,111950,-0.01389424932458505
2015-10-28,25.61,25.9,25.54,25.75,131535,0.007827788649706457
2015-10-29,25.5,25.58,25.42,25.56,168029,-0.00737864077669903
2015-10-30,25.6,25.7,25.49,25.51,171837,-0.001956181533646184
2015-11-02,25.59,25.76,25.53,25.76,160554,0.009800078400627132
2015-11-03,25.65,25.87,25.62,25.82,216393,0.0023291925465838137
2015-11-04,25.83,25.83,25.57,25.63,145066,-0.007358636715724343
2015-11-05,25.66,25.68,25.51,25.58,176619,-0.0019508388607101246
2015-11-06,25.44,25.46,25.28,25.44,238396,-0.005473025801407183
2015-11-09,25.3,25.34,25.05,25.17,205603,-0.010613207547169767
2015-11-10,25.08,25.15,25.0,25.12,163138,-0.0019864918553834654
2015-11-11,25.34,25.34,25.13,25.16,141682,0.0015923566878981443
2015-11-12,24.94,24.96,24.78,24.8,200974,-0.014308426073131986
2015-11-13,24.68,24.68,24.5,24.55,257000,-0.01008064516129037
2015-11-16,24.62,24.91,24.62,24.91,132822,0.014663951120162944
2015-11-17,24.99,25.1,24.92,25.0,157762,0.0036130068245683322
2015-11-18,25.05,25.21,25.02,25.17,173279,0.006800000000000139
2015-11-19,25.29,25.41,25.29,25.35,838686,0.007151370679380209
2015-11-20,25.37,25.41,25.17,25.23,143809,-0.004733727810650956
2015-11-23,25.09,25.2,25.0,25.06,183710,-0.006738010305192277
2015-11-24,24.9,25.17,24.83,25.11,191413,0.001995211492418214
2015-11-25,25.13,25.2,25.04,25.16,149313,0.001991238550378416
2015-11-27,25.11,25.19,25.11,25.16,69366,0.0
2015-11-30,25.16,25.2,25.08,25.13,125916,-0.0011923688394277487
2015-12-01,25.3,25.37,25.24,25.37,176286,0.00955033824114615
2015-12-02,25.23,25.3,25.04,25.11,281777,-0.010248324793062702
2015-12-03,25.24,25.24,24.82,24.94,210184,-0.006770211071286281
2015-12-04,24.81,25.11,24.81,25.08,210590,0.005613472333600544
2015-12-07,24.87,24.87,24.71,24.8,198020,-0.011164274322168932
2015-12-08,24.4,24.49,24.3,24.41,263196,-0.015725806451612923
2015-12-09,24.41,24.71,24.25,24.4,278033,-0.0004096681687832948
2015-12-10,24.45,24.53,24.37,24.37,173481,-0.0012295081967211852
2015-12-11,24.02,24.07,23.85,23.9,367014,-0.01928600738613062
2015-12-14,23.9,23.97,23.64,23.9,538309,0.0
2015-12-15,23.98,24.11,23.95,24.04,654646,0.0058577405857740406
2015-12-16,24.29,24.55,24.17,24.5,225552,0.019134775374376023
2015-12-17,24.42,24.45,24.12,24.16,210840,-0.013877551020408108
2015-12-18,24.01,24.09,23.91,23.92,295786,-0.009933774834437026
2015-12-21,23.69,23.72,23.38,23.49,467684,-0.017976588628762724
2015-12-22,23.53,23.74,23.52,23.72,346222,0.009791400595998256
2015-12-23,23.98,24.19,23.98,24.18,279478,0.019392917369308593
2015-12-24,24.11,24.24,24.11,24.2,150521,0.0008271298593878207
2015-12-28,24.05,24.17,24.0,24.05,323241,-0.00619834710743794
2015-12-29,24.19,24.36,24.18,24.27,623929,0.009147609147609037
2015-12-30,24.2,24.22,24.1,24.11,320056,-0.006592501030078246
2015-12-31,23.97,24.0,23.82,23.82,246170,-0.012028204064703396
2016-01-04,23.46,23.49,23.22,23.46,682402,-0.015113350125944613
2016-01-05,23.44,23.44,23.26,23.39,317938,-0.0029838022165388223
2016-01-06,22.92,23.03,22.85,22.98,869384,-0.01752885848653274
2016-01-07,22.54,22.75,22.46,22.46,1485518,-0.022628372497824123
2016-01-08,22.65,22.65,22.19,22.2,992149,-0.011576135351736516
2016-01-11,22.5,22.51,22.07,22.25,822288,0.0022522522522523403
2016-01-12,22.43,22.47,22.11,22.35,347274,0.004494382022471877
2016-01-13,22.47,22.56,21.94,21.99,299358,-0.016107382550335725
2016-01-14,22.13,22.44,21.95,22.31,853470,0.014552069122328426
2016-01-15,21.56,21.72,21.39,21.54,888031,-0.034513670999551715
2016-01-19,21.84,21.86,21.52,21.65,413347,0.005106778087279551
2016-01-20,21.15,21.24,20.72,21.12,671776,-0.024480369515011424
2016-01-21,21.02,21.5,20.92,21.38,310971,0.012310606060605966
2016-01-22,21.99,22.12,21.9,22.08,278702,0.032740879326473404
2016-01-25,21.89,21.91,21.65,21.65,209790,-0.019474637681159424
2016-01-26,21.88,22.15,21.84,22.15,170388,0.023094688221708903
2016-01-27,22.09,22.36,21.96,22.05,199057,-0.004514672686230181
2016-01-28,22.3,22.31,22.06,22.22,242724,0.00770975056689327
2016-01-29,22.29,22.59,22.29,22.59,250459,0.016651665166516727
2016-02-01,22.38,22.6,22.27,22.51,271512,-0.0035413899955731853
2016-02-02,22.09,22.09,21.83,21.9,204620,-0.02709906708129728
2016-02-03,22.08,22.18,21.67,22.18,223956,0.012785388127853903
2016-02-04,22.15,22.43,22.15,22.37,146588,0.008566275924256184
2016-02-05,22.26,22.31,22.0,22.04,574612,-0.014751899865891871
2016-02-08,21.73,21.78,21.52,21.69,935426,-0.01588021778584381
2016-02-09,21.2,21.47,21.19,21.36,471920,-0.015214384508990375
2016-02-10,21.38,21.52,21.2,21.23,735894,-0.006086142322097365
2016-02-11,20.96,21.0,20.77,20.95,1339240,-0.013188883655204986
2016-02-12,21.07,21.41,20.99,21.4,1172783,0.021479713603818507
2016-02-16,21.75,21.85,21.57,21.79,570276,0.018224299065420668
2016-02-17,21.97,22.32,21.93,22.28,250706,0.02248737953189539
2016-02-18,22.37,22.44,22.17,22.21,136670,-0.0031418312387792025
2016-02-19,21.98,22.11,21.91,22.08,135494,-0.005853219270598897
2016-02-22,22.29,22.44,22.29,22.39,356926,0.014039855072463858
2016-02-23,22.23,22.26,21.93,21.95,284479,-0.019651630192050074
2016-02-24,21.58,21.9,21.46,21.9,380269,-0.002277904328018221
2016-02-25,22.01,22.15,21.89,22.15,126157,0.011415525114155223
2016-02-26,22.28,22.29,22.08,22.14,119279,-0.0004514672686228849
2016-02-29,22.12,22.23,21.98,21.98,203450,-0.0072267389340560095
2016-03-01,22.39,22.64,22.32,22.61,338943,0.028662420382165488
2016-03-02,22.59,22.82,22.53,22.81,158350,0.00884564352056616
2016-03-03,22.9,23.13,22.9,23.13,176764,0.014028934677772886
2016-03-04,23.27,23.48,23.27,23.38,166585,0.01080847384349326
2016-03-07,23.12,23.44,23.12,23.38,145413,0.0
2016-03-08,23.27,23.27,23.02,23.08,271063,-0.01283147989734823
2016-03-09,23.16,23.23,23.08,23.15,118873,0.003032928942807711
2016-03-10,23.31,23.46,22.88,23.1,198146,-0.002159827213822796
2016-03-11,23.52,23.73,23.52,23.72,116645,0.026839826839826664
2016-03-14,23.67,23.7,23.58,23.66,202686,-0.002529510961214121
2016-03-15,23.37,23.4,23.29,23.37,202985,-0.012256973795435333
2016-03-16,23.27,23.68,23.27,23.66,155957,0.012409071459135612
2016-03-17,23.72,23.98,23.66,23.97,144681,0.013102282333051551
2016-03-18,23.92,24.02,23.85,23.87,143675,-0.004171881518564735
2016-03-21,23.82,23.85,23.71,23.82,330863,-0.0020946795140344143
2016-03-22,23.6,23.8,23.6,23.74,126066,-0.0033585222502099388
2016-03-23,23.67,23.67,23.4,23.44,119414,-0.012636899747261898
2016-03-24,23.08,23.26,23.08,23.26,159850,-0.007679180887371961
2016-03-28,23.41,23.5,23.34,23.41,124612,0.006448839208942347
2016-03-29,23.29,23.63,23.19,23.59,143479,0.007689021785561634
2016-03-30,23.84,23.99,23.81,23.82,163880,0.009749894022891059
2016-03-31,23.77,23.81,23.65,23.66,193015,-0.0067170445004197665
2016-04-01,23.11,23.35,23.09,23.33,150211,-0.01394759087066788
2016-04-04,23.38,23.38,23.2,23.25,132506,-0.0034290612944705146
2016-04-05,22.77,22.82,22.7,22.73,192866,-0.022365591397849438
2016-04-06,22.78,23.07,22.76,23.06,366406,0.014518257809062796
2016-04-07,22.87,22.93,22.66,22.74,174853,-0.013876843018213347
2016-04-08,23.24,23.34,23.21,23.26,167090,0.022867194371152255
2016-04-11,23.48,23.6,23.35,23.35,142596,0.0038693035253654084
2016-04-12,23.55,23.81,23.42,23.75,173705,0.017130620985010614
2016-04-13,24.1,24.2,24.03,24.14,171247,0.016421052631578892
2016-04-14,24.25,24.3,24.18,24.19,159271,0.0020712510356255542
2016-04-15,24.22,24.23,24.13,24.16,146600,-0.0012401818933444053
2016-04-18,24.1,24.39,24.06,24.38,173069,0.009105960264900625
2016-04-19,24.71,24.88,24.71,24.82,188658,0.018047579983593076
2016-04-20,24.84,25.04,24.83,24.91,198597,0.003626107977437565
2016-04-21,24.93,24.96,24.75,24.81,105717,-0.004014452027298332
2016-04-22,24.75,24.87,24.72,24.81,186316,0.0
2016-04-25,24.69,24.69,24.54,24.64,214237,-0.006852075775896749
2016-04-26,24.79,24.81,24.7,24.75,135280,0.004464285714285587
2016-04-27,24.7,24.92,24.7,24.86,206471,0.004444444444444473
2016-04-28,24.62,24.83,24.59,24.6,145101,-0.01045856798069178
2016-04-29,24.6,24.64,24.41,24.51,127777,-0.003658536585365857
2016-05-02,24.64,24.7,24.55,24.67,126882,0.006527947776417742
2016-05-03,24.41,24.41,24.14,24.16,144799,-0.020672882042967244
2016-05-04,23.96,23.96,23.75,23.82,161130,-0.01407284768211925
2016-05-05,23.83,23.92,23.72,23.8,212261,-0.0008396305625524292
2016-05-06,23.62,23.89,23.62,23.85,152858,0.0021008403361344463
2016-05-09,23.81,23.82,23.65,23.67,114051,-0.007547169811320753
2016-05-10,23.83,24.05,23.83,24.03,134752,0.015209125475285079
2016-05-11,23.87,24.02,23.85,23.86,183974,-0.007074490220557728
2016-05-12,24.15,24.15,23.75,23.87,112668,0.0004191114836546994
2016-05-13,23.65,23.79,23.55,23.6,109176,-0.011311269375785526
2016-05-16,23.75,23.94,23.75,23.92,210205,0.013559322033898313
2016-05-17,23.92,23.99,23.77,23.8,133533,-0.0050167224080267525
2016-05-18,23.82,24.02,23.72,23.79,139796,-0.0004201680672270003
2016-05-19,23.61,23.62,23.46,23.57,140321,-0.009247583018074823
2016-05-20,23.79,23.8,23.69,23.76,112696,0.008061094611794717
2016-05-23,23.65,23.72,23.58,23.63,112382,-0.005471380471380627
2016-05-24,23.83,23.99,23.78,23.97,152848,0.014388489208633004
2016-05-25,24.18,24.32,24.16,24.28,160338,0.0129328327075513
2016-05-26,24.42,24.43,24.28,24.35,128344,0.002883031301482708
2016-05-27,24.31,24.31,24.22,24.26,116766,-0.003696098562628314
2016-05-31,24.31,24.4,24.07,24.15,236357,-0.004534212695795681
2016-06-01,23.96,24.1,23.89,24.08,196556,-0.0028985507246377384
2016-06-02,23.97,24.08,23.91,24.07,139307,-0.00041528239202648365
2016-06-03,24.21,24.26,24.09,24.23,180979,0.006647278770253395
2016-06-06,24.36,24.5,24.36,24.46,108273,0.009492364836978906
2016-06-07,24.64,24.75,24.64,24.7,151791,0.009811937857726827
2016-06-08,24.85,24.9,24.79,24.82,136329,0.004858299595141835
2016-06-09,24.49,24.55,24.38,24.48,120915,-0.013698630136986245
2016-06-10,23.98,23.99,23.69,23.77,123244,-0.029003267973856217
2016-06-13,23.45,23.66,23.37,23.4,151492,-0.015565839293226746
2016-06-14,23.16,23.24,22.93,23.07,264955,-0.014102564102564052
2016-06-15,23.21,23.35,23.18,23.22,137500,0.006501950585175553
2016-06-16,22.89,23.27,22.73,23.27,330073,0.0021533161068045814
2016-06-17,23.41,23.59,23.33,23.57,123428,0.012892135797163862
2016-06-20,24.26,24.29,24.13,24.13,121405,0.02375901569792105
2016-06-21,24.3,24.5,24.2,24.31,126242,0.007459593866556036
2016-06-22,24.45,24.48,24.28,24.3,135316,-0.0004113533525297308
2016-06-23,24.8,25.0,24.68,25.0,88675,0.028806584362139898
2016-06-24,22.79,23.35,22.76,22.79,611710,-0.08840000000000003
2016-06-27,22.46,22.5,22.04,22.34,917558,-0.019745502413339167
2016-06-28,22.81,22.91,22.65,22.89,353042,0.02461951656222028
2016-06-29,23.3,23.47,23.24,23.4,226530,0.022280471821756187
2016-06-30,23.43,23.76,23.36,23.74,614682,0.014529914529914478
2016-07-01,23.79,23.86,23.75,23.8,202519,0.002527379949452513
2016-07-05,23.56,23.56,23.28,23.36,172054,-0.01848739495798324
2016-07-06,23.09,23.29,22.9,23.28,220332,-0.003424657534246478
2016-07-07,23.34,23.44,23.08,23.17,147282,-0.004725085910652904
2016-07-08,23.47,23.57,23.41,23.55,136657,0.016400517911091983
2016-07-11,23.87,23.97,23.83,23.88,133152,0.014012738853503182
2016-07-12,24.25,24.37,24.23,24.26,156438,0.01591289782244565
2016-07-13,24.39,24.42,24.23,24.26,147858,0.0
2016-07-14,24.49,24.56,24.45,24.48,122262,0.00906842539159114
2016-07-15,24.4,24.47,24.29,24.34,152459,-0.005718954248365993
2016-07-18,24.28,24.43,24.24,24.34,156881,0.0
2016-07-19,24.14,24.18,24.07,24.13,189738,-0.00862777321281849
2016-07-20,24.21,24.3,24.14,24.27,160131,0.0058019063406549165
2016-07-21,24.21,24.36,24.17,24.22,599796,-0.0020601565718995074
2016-07-22,24.31,24.31,24.2,24.24,664931,0.0008257638315440907
2016-07-25,24.23,24.24,24.1,24.15,329729,-0.003712871287128716
2016-07-26,24.18,24.29,24.14,24.21,166193,0.00248447204968949
2016-07-27,24.39,24.44,24.2,24.34,130602,0.00536968194960763
2016-07-28,24.29,24.37,24.21,24.31,271026,-0.0012325390304026573
2016-07-29,24.46,24.61,24.42,24.57,137398,0.010695187165775444
2016-08-01,24.48,24.48,24.29,24.3,184720,-0.01098901098901095
2016-08-02,24.26,24.3,24.06,24.16,197448,-0.0057613168724279795
2016-08-03,24.0,24.14,23.98,24.14,133991,-0.0008278145695364003
2016-08-04,24.23,24.32,24.23,24.3,177802,0.006628003314001596
2016-08-05,24.3,24.46,24.3,24.42,184895,0.004938271604938205
2016-08-08,24.51,24.59,24.51,24.56,147857,0.005733005733005614
2016-08-09,24.68,24.84,24.68,24.76,184376,0.008143322475570258
2016-08-10,24.92,24.92,24.79,24.8,139898,0.001615508885298933
2016-08-11,24.91,25.08,24.91,25.03,222171,0.0092741935483871
2016-08-12,25.07,25.07,24.92,24.94,367893,-0.003595685177786634
2016-08-15,25.05,25.1,25.03,25.05,172430,0.004410585404971856
2016-08-16,25.05,25.11,25.03,25.05,200972,0.0
2016-08-17,24.97,25.11,24.87,25.07,154935,0.0007984031936127955
2016-08-18,25.06,25.19,25.04,25.19,164269,0.004786597526924563
2016-08-19,24.93,25.03,24.88,25.02,138842,-0.006748709805478481
2016-08-22,24.88,25.02,24.85,25.0,177019,-0.0007993605115906854
2016-08-23,25.15,25.23,25.12,25.14,281848,0.005600000000000049
2016-08-24,25.17,25.17,25.04,25.04,164524,-0.003977724741447974
2016-08-25,24.97,25.03,24.93,24.97,206052,-0.0027955271565495154
2016-08-26,25.06,25.25,24.74,24.81,184085,-0.006407689227072466
2016-08-29,24.79,24.93,24.79,24.92,218475,0.00443369609028621
2016-08-30,24.94,24.99,24.83,24.89,190239,-0.0012038523274479074
2016-08-31,24.85,24.89,24.7,24.81,139004,-0.003214142225793526
2016-09-01,24.87,24.96,24.79,24.96,158723,0.006045949214026791
2016-09-02,25.19,25.3,25.17,25.27,153087,0.012419871794871806
2016-09-06,25.36,25.5,25.33,25.46,166990,0.007518796992481258
2016-09-07,25.58,25.59,25.46,25.5,191603,0.0015710919088767206
2016-09-08,25.5,25.57,25.44,25.49,186693,-0.00039215686274518546
2016-09-09,25.25,25.25,24.94,24.94,167602,-0.02157708905453104
2016-09-12,24.75,25.14,24.69,25.14,250999,0.00801924619085792
2016-09-13,24.78,24.78,24.44,24.52,242896,-0.024661893396976997
2016-09-14,24.46,24.59,24.42,24.49,118356,-0.0012234910277325595
2016-09-15,24.46,24.75,24.42,24.71,117862,0.0089832584728462
2016-09-16,24.41,24.41,24.26,24.32,152930,-0.015783083771752304
2016-09-19,24.63,24.64,24.46,24.49,147537,0.006990131578947345
2016-09-20,24.71,24.71,24.57,24.6,204810,0.004491629236423211
2016-09-21,24.84,25.1,24.77,25.06,156757,0.018699186991869787
2016-09-22,25.46,25.54,25.34,25.37,239247,0.012370311252992927
2016-09-23,25.18,25.24,25.13,25.14,148737,-0.009065825778478587
2016-09-26,24.94,24.97,24.86,24.89,137895,-0.00994431185361977
2016-09-27,24.79,24.97,24.75,24.94,229376,0.002008838891121023
2016-09-28,25.07,25.23,24.93,25.22,174082,0.011226944667201089
2016-09-29,25.27,25.33,24.96,25.06,123361,-0.006344171292624878
2016-09-30,25.12,25.28,25.04,25.21,146610,0.005985634477254642
2016-10-03,25.19,25.21,25.08,25.16,163720,-0.0019833399444665334
2016-10-04,25.27,25.32,25.06,25.12,197483,-0.0015898251192368873
2016-10-05,25.3,25.37,25.26,25.32,177125,0.0079617834394905
2016-10-06,25.24,25.24,25.14,25.22,141869,-0.003949447077409185
2016-10-07,25.17,25.17,24.92,25.09,154202,-0.005154639175257714
2016-10-10,25.2,25.3,25.2,25.24,148942,0.005978477481068056
2016-10-11,25.17,25.17,24.83,24.9,167098,-0.01347068145800312
2016-10-12,24.87,24.92,24.8,24.87,176685,-0.00120481927710836
2016-10-13,24.55,24.8,24.5,24.75,188594,-0.004825090470446325
2016-10-14,24.98,25.04,24.81,24.84,146366,0.0036363636363636598
2016-10-17,24.78,24.84,24.73,24.76,144939,-0.0032206119162639935
2016-10-18,25.1,25.11,25.0,25.07,215090,0.012520193861066176
2016-10-19,25.12,25.21,25.08,25.16,180525,0.0035899481451935333
2016-10-20,25.14,25.24,25.09,25.2,181153,0.0015898251192367763
2016-10-21,25.04,25.16,25.0,25.16,127243,-0.0015873015873015817
2016-10-24,25.25,25.28,25.09,25.18,338352,0.0007949125596184992
2016-10-25,25.18,25.22,25.11,25.18,402623,0.0
2016-10-26,25.06,25.14,25.02,25.08,163608,-0.003971405877680745
2016-10-27,25.16,25.16,25.03,25.07,171034,-0.00039872408293450956
2016-10-28,25.07,25.16,25.03,25.09,170323,0.0007977662544873532
2016-10-31,25.09,25.12,24.98,25.09,505475,0.0
2016-11-01,25.2,25.2,24.86,24.97,310130,-0.0047827819848546005
2016-11-02,24.92,24.94,24.73,24.76,336078,-0.008410092110532563
2016-11-03,24.85,24.87,24.73,24.77,194851,0.0004038772213246222
2016-11-04,24.58,24.64,24.48,24.49,226277,-0.011303996770286706
2016-11-07,24.77,24.88,24.77,24.88,557230,0.015924867292772538
2016-11-08,24.79,25.06,24.79,24.99,194916,0.004421221864951752
2016-11-09,24.72,25.1,24.72,25.02,355439,0.0012004801920768582
2016-11-10,25.06,25.13,24.88,24.98,230760,-0.0015987210231813709
2016-11-11,24.9,24.9,24.69,24.8,172682,-0.007205764611689314
2016-11-14,24.62,24.71,24.57,24.69,189101,-0.004435483870967705
2016-11-15,24.67,24.87,24.63,24.86,271031,0.0068853786958282814
2016-11-16,24.6,24.7,24.58,24.61,212049,-0.010056315366049895
2016-11-17,24.7,24.79,24.68,24.75,384130,0.005688744412840396
2016-11-18,24.54,24.55,24.41,24.47,261001,-0.011313131313131386
2016-11-21,24.65,24.76,24.63,24.76,372814,0.011851246424193107
2016-11-22,24.8,24.88,24.77,24.88,256135,0.004846526655896577
2016-11-23,24.59,24.81,24.58,24.79,211741,-0.003617363344051494
2016-11-25,24.88,24.88,24.8,24.83,137110,0.0016135538523598392
2016-11-28,24.78,24.79,24.68,24.68,276235,-0.006041079339508593
2016-11-29,24.67,24.86,24.63,24.81,247953,0.005267423014586603
2016-11-30,24.91,24.92,24.83,24.86,187584,0.002015316404675671
2016-12-01,24.93,24.99,24.86,24.88,300380,0.0008045052292839916
2016-12-02,24.86,25.01,24.84,24.95,255588,0.002813504823151236
2016-12-05,25.13,25.28,25.09,25.23,222372,0.011222444889779526
2016-12-06,25.31,25.48,25.27,25.47,365361,0.009512485136741855
2016-12-07,25.55,25.91,25.55,25.86,384591,0.01531213191990588
2016-12-08,25.91,25.96,25.84,25.91,500480,0.0019334880123742515
2016-12-09,25.93,25.97,25.87,25.95,341996,0.0015438054805094747
2016-12-12,25.95,26.05,25.89,25.92,277090,-0.0011560693641617936
2016-12-13,26.1,26.23,26.09,26.16,283199,0.0092592592592593
2016-12-14,26.13,26.13,25.69,25.74,238688,-0.016055045871559703
2016-12-15,25.65,25.72,25.59,25.7,391837,-0.0015540015540015384
2016-12-16,25.71,25.79,25.66,25.67,303439,-0.001167315175097161
2016-12-19,25.11,25.13,25.01,25.03,357951,-0.02493182703544994
2016-12-20,25.11,25.16,25.06,25.16,427287,0.005193767479025224
2016-12-21,25.16,25.16,25.1,25.14,378532,-0.0007949125596183881
2016-12-22,25.15,25.15,25.06,25.08,700842,-0.0023866348448687846
2016-12-23,25.11,25.12,25.05,25.11,366917,0.0011961722488038617
2016-12-27,25.12,25.12,25.06,25.08,730450,-0.0011947431302270495
2016-12-28,25.09,25.09,24.93,24.98,392928,-0.003987240829345984
2016-12-29,25.04,25.08,25.0,25.04,379856,0.0024019215372297342
2016-12-30,25.23,25.23,25.04,25.1,456245,0.0023961661341853624
2017-01-03,25.26,25.3,25.2,25.29,487064,0.007569721115537664
2017-01-04,25.43,25.6,25.42,25.6,299246,0.01225780941083432
2017-01-05,25.67,25.82,25.67,25.8,364249,0.0078125
2017-01-06,25.69,25.72,25.63,25.68,306784,-0.0046511627906976605
2017-01-09,25.59,25.62,25.5,25.61,497805,-0.002725856697819329
2017-01-10,25.66,25.7,25.6,25.63,599099,0.0007809449433815452
2017-01-11,25.65,25.85,25.59,25.84,346597,0.008193523214982568
2017-01-12,25.94,25.94,25.76,25.88,311154,0.001547987616099089
2017-01-13,25.94,25.98,25.87,25.98,286067,0.003863987635239541
2017-01-17,25.95,25.96,25.86,25.9,837626,-0.003079291762894565
2017-01-18,25.85,25.88,25.74,25.8,438260,-0.0038610038610037423
2017-01-19,25.81,25.81,25.67,25.76,591299,-0.0015503875968991832
2017-01-20,25.86,25.91,25.82,25.91,320590,0.005822981366459645
2017-01-23,25.87,25.95,25.8,25.95,281927,0.0015438054805094747
2017-01-24,25.93,26.1,25.93,26.08,327155,0.005009633911367883
2017-01-25,26.26,26.38,26.24,26.38,310197,0.011503067484662566
2017-01-26,26.25,26.29,26.17,26.22,419779,-0.006065200909780133
2017-01-27,26.2,26.2,26.1,26.13,445953,-0.003432494279176246
2017-01-30,25.91,25.91,25.77,25.91,400986,-0.008419441255262061
2017-01-31,25.93,25.96,25.8,25.93,387267,0.0007719027402546264
2017-02-01,26.05,26.08,25.93,26.03,340234,0.0038565368299268155
2017-02-02,26.04,26.06,25.95,26.04,562787,0.00038417210910490773
2017-02-03,26.05,26.12,26.0,26.08,337512,0.001536098310291889
2017-02-06,25.84,25.87,25.77,25.86,421435,-0.008435582822085896
2017-02-07,25.8,25.81,25.75,25.79,482607,-0.002706883217324041
2017-02-08,25.77,25.85,25.68,25.84,406428,0.0019387359441644936
2017-02-09,25.9,25.96,25.83,25.93,301866,0.0034829721362228394
2017-02-10,25.96,26.06,25.96,26.04,266681,0.004242190512919297
2017-02-13,26.23,26.24,26.14,26.21,318839,0.006528417818740362
2017-02-14,26.18,26.2,26.02,26.2,332570,-0.00038153376573835107
2017-02-15,26.1,26.27,26.08,26.26,341247,0.0022900763358779663
2017-02-16,26.3,26.32,26.23,26.32,316887,0.0022848438690021844
2017-02-17,26.1,26.17,26.05,26.15,417159,-0.006458966565349611
2017-02-21,26.2,26.3,26.15,26.26,373984,0.00420650095602304
2017-02-22,26.16,26.27,26.11,26.26,360849,0.0
2017-02-23,26.38,26.38,26.22,26.26,257691,0.0
2017-02-24,25.98,26.05,25.94,26.04,340291,-0.008377760853008454
2017-02-27,25.98,26.05,25.93,26.04,449335,0.0
2017-02-28,26.03,26.08,25.95,26.01,312729,-0.0011520737327187502
2017-03-01,26.2,26.35,26.2,26.3,434794,0.011149557862360604
2017-03-02,26.23,26.24,26.1,26.12,480740,-0.006844106463878341
2017-03-03,26.21,26.34,26.14,26.31,264362,0.0072741194486982685
2017-03-06,26.22,26.22,26.12,26.2,318034,-0.004180919802356464
2017-03-07,26.09,26.15,26.05,26.11,289361,-0.0034351145038168385
2017-03-08,26.09,26.12,25.96,25.96,256504,-0.005744925315970817
2017-03-09,26.03,26.07,25.97,26.06,421319,0.0038520801232664326
2017-03-10,26.26,26.28,26.18,26.26,304383,0.007674597083653145
2017-03-13,26.33,26.38,26.3,26.37,363314,0.004188880426504227
2017-03-14,26.21,26.21,26.08,26.14,546424,-0.008722032612817565
2017-03-15,26.19,26.55,26.19,26.53,337846,0.014919663351185886
2017-03-16,26.72,26.74,26.66,26.71,277515,0.0067847719562759146
2017-03-17,26.77,26.78,26.67,26.73,250826,0.0007487832272556894
2017-03-20,26.72,26.75,26.61,26.66,273245,-0.0026187803965581624
2017-03-21,26.88,26.91,26.5,26.5,357426,-0.006001500375093727
2017-03-22,26.4,26.53,26.39,26.51,316306,0.0003773584905661931
2017-03-23,26.48,26.65,26.47,26.57,397872,0.0022632968691058686
2017-03-24,26.63,26.68,26.58,26.66,456986,0.0033872788859616865
2017-03-27,26.62,26.74,26.55,26.71,385957,0.0018754688672169006
2017-03-28,26.78,26.89,26.75,26.88,247772,0.0063646574316733595
2017-03-29,26.73,26.89,26.73,26.87,219655,-0.00037202380952372494
2017-03-30,26.85,26.92,26.81,26.83,228941,-0.0014886490509863348
2017-03-31,26.71,26.83,26.69,26.8,252658,-0.001118151323145633
2017-04-03,26.76,26.77,26.48,26.67,496981,-0.004850746268656669
2017-04-04,26.57,26.67,26.5,26.67,496237,0.0
2017-04-05,26.69,26.73,26.51,26.51,453706,-0.005999250093738251
2017-04-06,26.56,26.6,26.51,26.57,357186,0.0022632968691058686
2017-04-07,26.51,26.56,26.51,26.52,460379,-0.0018818216033120727
2017-04-10,26.5,26.55,26.47,26.53,243290,0.00037707390648566985
2017-04-11,26.64,26.65,26.42,26.65,451261,0.004523181304183943
2017-04-12,26.57,26.58,26.47,26.57,257641,-0.0030018761726078314
2017-04-13,26.41,26.42,26.3,26.3,256580,-0.010161836657884837
2017-04-17,26.46,26.55,26.42,26.55,342815,0.009505703422053147
2017-04-18,26.29,26.34,26.19,26.32,426228,-0.008662900188323941
2017-04-19,26.37,26.39,26.2,26.23,333421,-0.003419452887537977
2017-04-20,26.42,26.48,26.41,26.41,261822,0.0068623713305375755
2017-04-21,26.43,26.45,26.35,26.45,408192,0.0015145778114349362
2017-04-24,27.09,27.15,27.05,27.13,365912,0.025708884688090627
2017-04-25,27.24,27.33,27.22,27.29,333531,0.005897530409141094
2017-04-26,27.22,27.31,27.21,27.22,420719,-0.002565042139977991
2017-04-27,27.2,27.2,27.06,27.12,338374,-0.0036737692872886862
2017-04-28,27.13,27.16,27.1,27.11,256069,-0.00036873156342187574
2017-05-01,27.24,27.26,27.16,27.25,286069,0.005164146071560349
2017-05-02,27.28,27.35,27.24,27.33,400902,0.0029357798165137172
2017-05-03,27.22,27.26,27.17,27.24,299100,-0.003293084522502765
2017-05-04,27.33,27.43,27.27,27.42,241776,0.006607929515418665
2017-05-05,27.51,27.81,27.5,27.81,325053,0.014223194748358647
2017-05-08,27.62,27.62,27.53,27.6,272514,-0.007551240560949246
2017-05-09,27.57,27.58,27.45,27.52,867971,-0.0028985507246377384
2017-05-10,27.58,27.6,27.53,27.6,1819930,0.0029069767441860517
2017-05-11,27.47,27.5,27.38,27.5,555896,-0.0036231884057971175
2017-05-12,27.48,27.6,27.48,27.59,344934,0.003272727272727316
2017-05-15,27.76,27.81,27.73,27.81,538191,0.00797390358825667
2017-05-16,28.0,28.02,27.96,28.0,460468,0.006832074793239995
2017-05-17,27.87,27.87,27.64,27.67,340380,-0.011785714285714177
2017-05-18,27.54,27.71,27.51,27.67,270190,0.0
2017-05-19,27.9,28.06,27.9,28.04,223763,0.013371882905673926
2017-05-22,28.13,28.15,28.06,28.12,252447,0.0028530670470756636
2017-05-23,28.18,28.18,28.06,28.08,270141,-0.0014224751066856944
2017-05-24,28.03,28.1,27.98,28.09,219679,0.0003561253561255029
2017-05-25,28.12,28.14,28.01,28.06,256711,-0.0010679957280170793
2017-05-26,27.89,27.97,27.88,27.97,306553,-0.0032074126870991204
2017-05-30,27.87,27.93,27.87,27.9,246055,-0.0025026814444046863
2017-05-31,28.04,28.05,27.9,27.94,373044,0.0014336917562725038
2017-06-01,28.0,28.11,27.97,28.08,382185,0.00501073729420165
2017-06-02,28.29,28.34,28.2,28.34,284141,0.0092592592592593
2017-06-05,28.21,28.21,28.12,28.2,224424,-0.004940014114326097
2017-06-06,28.07,28.14,28.05,28.14,279277,-0.0021276595744680327
2017-06-07,28.17,28.23,28.01,28.08,248461,-0.002132196162046962
2017-06-08,28.04,28.12,28.0,28.12,254008,0.0014245014245015675
2017-06-09,27.96,28.11,27.92,28.03,252132,-0.003200568990042618
2017-06-12,28.01,28.04,27.9,28.01,230796,-0.0007135212272565417
2017-06-13,28.19,28.21,28.12,28.21,263418,0.007140307033202342
2017-06-14,28.35,28.35,28.01,28.1,265253,-0.0038993264799715988
2017-06-15,27.65,27.78,27.6,27.78,905930,-0.011387900355871894
2017-06-16,27.9,28.0,27.82,28.0,212794,0.007919366450683807
2017-06-19,28.08,28.14,28.06,28.12,220497,0.004285714285714226
2017-06-20,27.99,27.99,27.74,27.8,371519,-0.011379800853485111
2017-06-21,27.78,27.82,27.71,27.81,256540,0.0003597122302156919
2017-06-22,27.77,27.84,27.72,27.78,254442,-0.0010787486515640987
2017-06-23,27.78,27.87,27.73,27.85,189633,0.002519798416126706
2017-06-26,28.04,28.04,27.87,27.9,441154,0.0017953321364452268
2017-06-27,27.92,28.01,27.87,27.94,230607,0.0014336917562725038
2017-06-28,28.04,28.26,28.04,28.21,266227,0.00966356478167496
2017-06-29,28.16,28.16,27.89,27.99,253615,-0.0077986529599434196
2017-06-30,28.07,28.07,27.86,28.01,203259,0.0007145409074671427
2017-07-03,28.03,28.11,28.03,28.09,210100,0.002856122813280848
2017-07-05,28.01,28.05,27.9,28.05,248146,-0.0014239943040227354
2017-07-06,27.9,27.98,27.86,27.96,345452,-0.0032085561497325887
2017-07-07,27.87,27.96,27.81,27.92,194533,-0.0014306151645206988
2017-07-10,27.9,28.02,27.89,28.02,185489,0.003581661891117305
2017-07-11,27.97,28.1,27.9,28.1,224529,0.002855103497501954
2017-07-12,28.24,28.36,28.24,28.3,256065,0.007117437722419906
2017-07-13,28.36,28.42,28.32,28.41,293632,0.003886925795052898
2017-07-14,28.51,28.62,28.48,28.62,219944,0.007391763463569179
2017-07-17,28.58,28.59,28.51,28.57,257250,-0.0017470300489168533
2017-07-18,28.54,28.57,28.5,28.55,254403,-0.0007000350017500878
2017-07-19,28.62,28.71,28.6,28.68,216335,0.004553415061296029
2017-07-20,28.79,28.82,28.71,28.82,201396,0.004881450488145145
2017-07-21,28.67,28.74,28.53,28.74,249271,-0.002775850104094424
2017-07-24,28.59,28.6,28.47,28.6,413400,-0.004871259568545505
2017-07-25,28.78,28.78,28.66,28.69,206123,0.0031468531468530347
2017-07-26,28.74,28.9,28.73,28.84,435781,0.005228302544440622
2017-07-27,28.91,28.91,28.67,28.78,249150,-0.0020804438280166426
2017-07-28,28.74,28.84,28.71,28.83,214576,0.0017373175816537412
2017-07-31,,28.97,,28.96,204468,0.004509191814082714
2017-08-01,29.13,29.2,29.09,29.09,348004,0.0044889502762430755
2017-08-02,29.12,29.14,29.03,29.13,310097,0.0013750429700927214
2017-08-03,29.12,29.18,29.09,29.14,308108,0.000343288705801692
2017-08-04,29.16,29.2,29.07,29.15,282418,0.00034317089910773646
2017-08-07,29.16,29.22,29.13,29.22,264117,0.002401372212692987
2017-08-08,29.18,29.19,29.05,29.09,270154,-0.00444900752908961
2017-08-09,28.93,29.02,28.87,29.01,268620,-0.0027500859401855537
2017-08-10,28.86,28.86,28.57,28.61,269856,-0.01378834884522584
2017-08-11,28.57,28.62,28.5,28.57,233199,-0.0013981125480601042
2017-08-14,28.72,28.83,28.72,28.74,250342,0.005950297514875746
2017-08-15,28.67,28.72,28.61,28.72,253768,-0.0006958942240778976
2017-08-16,28.82,28.92,28.81,28.87,310345,0.005222841225626773
2017-08-17,28.79,28.8,28.57,28.57,279494,-0.010391409767925186
2017-08-18,28.57,28.7,28.55,28.63,469669,0.0021001050052502634
2017-08-21,28.63,28.67,28.57,28.62,211996,-0.00034928396786582105
2017-08-22,28.71,28.8,28.71,28.8,508041,0.0062893081761006275
2017-08-23,28.72,28.82,28.71,28.81,186375,0.00034722222222205446
2017-08-24,28.84,28.87,28.75,28.76,198356,-0.001735508503991623
2017-08-25,28.89,29.0,28.85,28.95,230101,0.006606397774687078
2017-08-28,29.01,29.01,28.91,28.94,228490,-0.0003454231433505095
2017-08-29,28.75,28.86,28.72,28.83,431841,-0.0038009675190049386
2017-08-30,28.77,28.8,28.73,28.78,224356,-0.001734304543877796
2017-08-31,28.86,29.02,28.86,28.98,213330,0.006949270326615631
2017-09-01,29.13,29.13,29.03,29.08,205354,0.003450655624568588
2017-09-05,29.03,29.04,28.78,28.9,240741,-0.0061898211829436445
2017-09-06,29.01,29.16,29.01,29.12,252386,0.007612456747404961
2017-09-07,29.36,29.36,29.27,29.34,181307,0.007554945054945028
2017-09-08,29.35,29.39,29.29,29.31,265607,-0.0010224948875255935
2017-09-11,29.49,29.58,29.47,29.53,223577,0.007505970658478356
2017-09-12,29.63,29.65,29.59,29.64,246485,0.0037250253979004277
2017-09-13,29.58,29.59,29.46,29.5,260393,-0.004723346828609976
2017-09-14,29.44,29.56,29.44,29.56,191511,0.0020338983050847137
2017-09-15,29.59,29.59,29.49,29.58,269224,0.0006765899864682456
2017-09-18,29.65,29.68,29.55,29.62,249467,0.0013522650439488082
2017-09-19,29.75,29.78,29.68,29.78,236076,0.005401755570560329
2017-09-20,29.81,29.88,29.61,29.77,359435,-0.000335795836131636
2017-09-21,29.7,29.76,29.65,29.73,258819,-0.0013436345314074005
2017-09-22,29.81,29.86,29.78,29.82,232412,0.003027245206861817
2017-09-25,29.74,29.78,29.6,29.69,281582,-0.004359490274983169
2017-09-26,29.64,29.65,29.54,29.62,248701,-0.0023576961940047214
2017-09-27,29.56,29.69,29.56,29.62,334130,0.0
2017-09-28,29.62,29.75,29.62,29.72,215913,0.0033760972316001503
2017-09-29,29.78,29.89,29.74,29.87,317197,0.005047106325706707
2017-10-02,29.76,29.85,29.74,29.84,284642,-0.001004352192835678
2017-10-03,29.85,29.93,29.84,29.93,303371,0.0030160857908847483
2017-10-04,29.84,29.85,29.8,29.83,515212,-0.003341129301704049
2017-10-05,29.8,29.85,29.79,29.84,204181,0.0003352329869259485
2017-10-06,29.72,29.8,29.68,29.8,384135,-0.0013404825737265424
2017-10-09,29.85,29.85,29.76,29.77,241843,-0.0010067114093960106
2017-10-10,29.96,30.04,29.92,30.03,188153,0.008733624454148492
2017-10-11,30.09,30.09,30.06,30.06,11332,0.0009990009990008542
2017-10-12,30.07,30.15,30.04,30.07,239980,0.00033266799733877583
2017-10-13,30.28,30.3,30.23,30.25,264493,0.005986032590621804
2017-10-16,30.28,30.28,30.21,30.25,251119,0.0
2017-10-17,30.18,30.19,30.11,30.19,418861,-0.0019834710743801276
2017-10-18,30.22,30.27,30.18,30.25,283547,0.0019874130506789545
2017-10-19,30.11,30.22,30.11,30.21,197007,-0.0013223140495867147
2017-10-20,30.21,30.22,30.15,30.2,225571,-0.0003310162197948108
2017-10-23,30.21,30.23,30.11,30.13,338819,-0.0023178807947019653
2017-10-24,30.2,30.27,30.15,30.22,294475,0.002987056090275386
2017-10-25,30.21,30.21,29.96,30.08,416154,-0.0046326935804102964
2017-10-26,30.15,30.15,30.06,30.06,233967,-0.0006648936170212671
2017-10-27,30.02,30.1,29.92,30.1,427941,0.0013306719893546592
2017-10-30,30.17,30.22,30.15,30.22,323564,0.003986710963455042
2017-10-31,30.28,30.35,30.21,30.28,333642,0.0019854401058903015
2017-11-01,30.49,30.53,30.39,30.43,361935,0.004953764861294507
2017-11-02,30.42,30.53,30.39,30.53,258466,0.0032862306933947316
2017-11-03,30.48,30.48,30.32,30.46,516818,-0.0022928267278087278
2017-11-06,30.39,30.54,30.39,30.53,249068,0.0022980958634275517
2017-11-07,30.49,30.52,30.36,30.46,355729,-0.0022928267278087278
2017-11-08,30.5,30.57,30.44,30.56,264137,0.0032829940906105026
2017-11-09,30.31,30.39,30.19,30.39,248240,-0.005562827225130795
2017-11-10,30.24,30.28,30.17,30.23,242546,-0.005264889766370517
2017-11-13,29.96,30.11,29.93,30.1,324773,-0.004300363876943436
2017-11-14,30.02,30.07,29.94,30.04,312734,-0.0019933554817276322
2017-11-15,29.74,29.92,29.73,29.86,342878,-0.005992010652463353
2017-11-16,30.04,30.1,30.0,30.08,274275,0.007367716008037428
2017-11-17,29.97,30.01,29.92,29.98,389754,-0.0033244680851063357
2017-11-20,30.06,30.09,30.01,30.03,269650,0.0016677785190126748
2017-11-21,30.23,30.27,30.2,30.24,306271,0.006993006993006867
2017-11-22,30.36,30.4,30.25,30.33,281083,0.0029761904761904656
2017-11-24,30.56,30.61,30.54,30.58,293903,0.00824266402901408
2017-11-27,30.55,30.55,30.38,30.4,274210,-0.005886200130804431
2017-11-28,30.48,30.55,30.42,30.55,384708,0.00493421052631593
2017-11-29,30.6,30.63,30.45,30.52,258854,-0.0009819967266776475
2017-11-30,30.65,30.69,30.53,30.56,208814,0.001310615989515096
2017-12-01,30.5,30.55,30.35,30.52,670571,-0.0013089005235601414
