Date,Open,High,Low,Close,Volume,FNDX Percent Change
2013-08-15,24.98,24.98,24.56,24.6,12893,
2013-08-16,24.7,24.7,24.44,24.5,23520,-0.004065040650406582
2013-08-19,24.48,24.48,24.34,24.34,10145,-0.0065306122448979265
2013-08-20,24.33,24.5,24.3,24.42,24411,0.0032867707477404196
2013-08-21,24.36,24.41,24.25,24.25,18276,-0.006961506961506991
2013-08-22,24.27,24.46,24.27,24.42,14718,0.007010309278350668
2013-08-23,24.48,24.52,24.47,24.52,10910,0.004095004095004073
2013-08-26,24.56,24.58,24.44,24.44,5729,-0.0032626427406198255
2013-08-27,24.24,24.26,24.03,24.08,49829,-0.014729950900163824
2013-08-28,24.06,24.23,24.06,24.16,20750,0.0033222591362127574
2013-08-29,24.14,24.29,24.1,24.19,5292,0.0012417218543046005
2013-08-30,24.22,24.22,24.04,24.13,15524,-0.0024803637866888106
2013-09-03,24.39,24.39,24.11,24.12,23812,-0.0004144218814752243
2013-09-04,24.29,24.4,24.29,24.36,11997,0.00995024875621886
2013-09-05,24.34,24.46,24.34,24.4,6030,0.0016420361247946325
2013-09-06,24.48,24.52,24.25,24.41,40231,0.0004098360655737654
2013-09-09,24.44,24.64,24.4,24.62,9680,0.008603031544448969
2013-09-10,24.76,24.8,24.71,24.8,28844,0.007311129163281915
2013-09-11,24.82,24.92,24.79,24.92,8012,0.004838709677419395
2013-09-12,24.91,24.95,24.82,24.83,16556,-0.003611556982343611
2013-09-13,24.9,24.94,24.86,24.94,24608,0.004430124848973094
2013-09-16,25.21,25.21,25.03,25.03,135680,0.003608660785886064
2013-09-17,25.13,25.2,25.13,25.2,11958,0.0067918497802637035
2013-09-18,25.19,25.52,25.06,25.46,184688,0.01031746031746028
2013-09-19,25.48,25.52,25.38,25.39,52387,-0.00274941084053415
2013-09-20,25.45,25.75,25.2,25.22,10071,-0.006695549428909042
2013-09-23,25.13,25.3,25.0,25.07,20010,-0.0059476605868358234
2013-09-24,25.06,25.18,24.99,25.03,38346,-0.0015955325089748174
2013-09-25,25.0,25.09,24.92,24.96,19030,-0.0027966440271673942
2013-09-26,25.11,25.11,24.95,25.02,15505,0.0024038461538460343
2013-09-27,24.92,24.94,24.84,24.91,25195,-0.0043964828137489365
2013-09-30,24.71,24.81,24.6,24.77,15560,-0.005620232838217554
2013-10-01,24.94,25.65,24.87,24.88,5065,0.004440855874041194
2013-10-02,24.82,24.94,24.77,24.94,7440,0.002411575562700996
2013-10-03,24.76,24.79,24.61,24.77,16127,-0.006816359262229454
2013-10-04,24.74,24.92,24.71,24.89,30936,0.004844570044408636
2013-10-07,24.69,24.83,24.69,24.72,31130,-0.0068300522298112565
2013-10-08,24.63,24.69,24.42,24.45,22006,-0.010922330097087318
2013-10-09,24.48,24.62,24.34,24.5,39699,0.002044989775051187
2013-10-10,24.88,25.0,24.73,25.0,72269,0.020408163265306145
2013-10-11,24.96,25.2,24.96,25.17,43395,0.006800000000000139
2013-10-14,25.03,25.31,25.03,25.27,25142,0.003972983710766709
2013-10-15,25.21,25.45,25.05,25.1,54308,-0.006727344677483149
2013-10-16,25.27,25.53,25.21,25.43,52409,0.013147410358565592
2013-10-17,25.51,25.62,25.34,25.6,59440,0.006685017695635231
2013-10-18,25.9,25.9,25.6,25.69,54386,0.003515624999999911
2013-10-21,25.7,25.74,25.64,25.68,22839,-0.0003892565200467324
2013-10-22,25.78,25.89,25.75,25.86,32367,0.007009345794392496
2013-10-23,25.81,25.81,25.66,25.75,48662,-0.004253673627223509
2013-10-24,25.81,25.82,25.72,25.8,48735,0.001941747572815622
2013-10-25,25.83,25.93,25.79,25.93,35558,0.005038759689922401
2013-10-28,25.95,26.02,25.89,25.96,26118,0.0011569610489781113
2013-10-29,26.05,26.11,26.01,26.11,27956,0.005778120184899871
2013-10-30,26.13,26.13,25.88,26.02,31724,-0.00344695518958249
2013-10-31,26.01,26.1,25.9,25.97,27913,-0.0019215987701768356
2013-11-01,26.01,26.04,25.87,26.04,9948,0.0026954177897573484
2013-11-04,26.12,26.16,26.03,26.15,39049,0.004224270353302639
2013-11-05,26.08,26.12,26.0,26.07,12476,-0.00305927342256207
2013-11-06,26.21,26.23,26.12,26.2,19390,0.004986574606827832
2013-11-07,26.31,26.31,25.86,25.87,31754,-0.012595419847328149
2013-11-08,25.89,26.19,25.87,26.19,122045,0.01236954000773105
2013-11-11,26.22,26.26,26.2,26.24,16929,0.0019091256204657459
2013-11-12,26.2,26.23,26.13,26.2,41262,-0.0015243902439023849
2013-11-13,26.09,26.4,26.09,26.4,24696,0.007633587786259444
2013-11-14,26.43,26.53,26.36,26.52,28154,0.00454545454545463
2013-11-15,26.57,26.59,26.5,26.57,30331,0.0018853695324283493
2013-11-18,26.67,26.67,26.47,26.49,27980,-0.0030109145652992275
2013-11-19,26.47,26.57,26.43,26.49,14221,0.0
2013-11-20,26.48,26.55,26.31,26.36,37262,-0.004907512268780612
2013-11-21,26.48,26.61,26.48,26.6,22625,0.009104704097116834
2013-11-22,26.6,26.73,26.56,26.71,37681,0.004135338345864659
2013-11-25,26.79,26.79,26.67,26.67,26331,-0.0014975664545113787
2013-11-26,26.71,26.76,26.67,26.69,23306,0.0007499062617173369
2013-11-27,26.72,26.78,26.68,26.74,58595,0.0018733608092917908
2013-11-29,26.78,26.82,26.66,26.67,23848,-0.002617801047120283
2013-12-02,26.7,26.8,26.64,26.65,15229,-0.0007499062617174479
2013-12-03,26.59,26.63,26.47,26.56,17391,-0.0033771106941838935
2013-12-04,26.48,26.68,26.39,26.57,21511,0.0003765060240963347
2013-12-05,26.5,26.5,26.35,26.37,28672,-0.007527286413247958
2013-12-06,26.59,26.7,26.58,26.59,18424,0.008342813803564608
2013-12-09,26.84,26.84,26.71,26.73,18694,0.005265137269650166
2013-12-10,26.7,26.72,26.63,26.67,16010,-0.002244668911335568
2013-12-11,26.67,26.81,26.33,26.35,10966,-0.011998500187476613
2013-12-12,26.31,26.35,26.22,26.27,27128,-0.0030360531309299166
2013-12-13,26.32,26.35,26.19,26.29,9143,0.0007613247049866878
2013-12-16,26.39,26.47,26.39,26.42,16087,0.004944845949030219
2013-12-17,26.41,26.41,26.27,26.34,9931,-0.003028009084027339
2013-12-18,26.4,26.79,26.26,26.79,15251,0.017084282460136713
2013-12-19,26.73,26.79,26.7,26.78,22268,-0.0003732736095557465
2013-12-20,26.82,26.97,26.82,26.91,17669,0.004854368932038833
2013-12-23,26.97,26.97,26.85,26.92,39273,0.0003716090672611916
2013-12-24,26.89,27.01,26.89,27.0,23410,0.002971768202080227
2013-12-26,27.07,27.18,27.07,27.16,48960,0.00592592592592589
2013-12-27,27.2,27.2,27.12,27.17,17616,0.0003681885125184081
2013-12-30,27.19,27.19,27.11,27.18,14544,0.0003680529996319404
2013-12-31,27.22,27.3,27.21,27.24,31989,0.002207505518763808
2014-01-02,27.19,27.19,27.0,27.04,27079,-0.007342143906020504
2014-01-03,27.06,27.12,26.99,26.99,57702,-0.0018491124260355818
2014-01-06,27.14,27.14,26.92,26.97,25067,-0.0007410151908113782
2014-01-07,27.07,27.15,27.07,27.1,52950,0.004820170559881376
2014-01-08,27.11,27.11,27.0,27.08,98384,-0.0007380073800739018
2014-01-09,27.14,27.14,26.97,27.11,58159,0.0011078286558345862
2014-01-10,27.16,27.16,27.01,27.15,33391,0.0014754703061601315
2014-01-13,27.1,27.13,26.76,26.8,27007,-0.012891344383057057
2014-01-14,26.89,27.06,26.89,27.04,29350,0.008955223880596996
2014-01-15,27.12,27.19,27.11,27.15,31138,0.004068047337278058
2014-01-16,27.1,27.1,27.02,27.1,20496,-0.0018416206261508972
2014-01-17,27.09,27.11,26.95,26.97,31460,-0.004797047970479751
2014-01-21,27.09,27.13,26.9,27.01,36981,0.0014831294030404063
2014-01-22,27.09,27.09,26.96,27.05,26708,0.0014809329877822908
2014-01-23,26.91,26.91,26.67,26.8,25346,-0.009242144177449174
2014-01-24,26.66,26.66,26.3,26.33,53516,-0.017537313432835933
2014-01-27,26.28,26.47,26.03,26.17,64924,-0.006076718571971007
2014-01-28,26.23,26.39,26.23,26.36,159462,0.00726022162781792
2014-01-29,26.15,26.3,26.07,26.11,25362,-0.00948406676783009
2014-01-30,26.29,26.41,26.19,26.34,45902,0.008808885484488771
2014-01-31,26.03,26.32,26.01,26.17,36173,-0.006454062262718274
2014-02-03,26.13,26.13,25.51,25.55,73647,-0.023691249522353908
2014-02-04,25.67,25.71,25.53,25.67,42065,0.004696673189823919
2014-02-05,25.59,25.68,25.5,25.64,31278,-0.001168679392286709
2014-02-06,25.69,25.97,25.69,25.96,34197,0.012480499219968744
2014-02-07,26.08,26.26,25.97,26.25,36249,0.011171032357472965
2014-02-10,26.24,26.26,26.14,26.25,49428,0.0
2014-02-11,26.29,26.6,26.29,26.51,62053,0.00990476190476186
2014-02-12,26.61,26.69,26.53,26.58,39799,0.0026405130139568467
2014-02-13,26.4,26.74,26.4,26.72,39370,0.005267118133935211
2014-02-14,26.69,26.93,26.66,26.91,32493,0.007110778443113919
2014-02-18,26.95,26.96,26.87,26.93,80937,0.0007432181345223832
2014-02-19,26.85,27.04,26.78,26.79,42415,-0.00519866320089124
2014-02-20,26.82,27.01,26.79,27.01,36482,0.008212019410227756
2014-02-21,27.01,27.05,26.96,26.96,15723,-0.001851166234727919
2014-02-24,27.0,27.27,27.0,27.11,26010,0.005563798219584415
2014-02-25,27.08,27.15,26.99,27.06,23664,-0.001844337882700109
2014-02-26,27.11,27.16,27.03,27.09,45142,0.0011086474501109667
2014-02-27,27.04,27.19,27.01,27.18,32536,0.0033222591362125353
2014-02-28,27.18,27.41,27.18,27.26,28614,0.0029433406916852256
2014-03-03,27.03,27.13,26.94,27.07,34415,-0.006969919295671367
2014-03-04,27.36,27.56,27.36,27.49,75627,0.015515330624307211
2014-03-05,27.71,27.71,27.41,27.44,32179,-0.0018188432157146828
2014-03-06,27.51,27.55,27.5,27.52,7358,0.002915451895043608
2014-03-07,27.65,27.65,27.49,27.54,285528,0.0007267441860465684
2014-03-10,27.52,27.54,27.41,27.54,18355,0.0
2014-03-11,27.59,27.6,27.36,27.41,14911,-0.004720406681191003
2014-03-12,27.27,27.4,27.27,27.31,19347,-0.0036483035388544804
2014-03-13,27.5,27.5,27.09,27.15,35767,-0.0058586598315635285
2014-03-14,27.1,27.22,27.08,27.11,15552,-0.0014732965009207621
2014-03-17,27.22,27.37,27.22,27.32,18868,0.007746219107340524
2014-03-18,27.41,27.56,27.41,27.54,29639,0.008052708638360162
2014-03-19,27.56,27.6,27.27,27.44,39678,-0.0036310820624545492
2014-03-20,27.36,27.61,27.36,27.61,20922,0.006195335276967917
2014-03-21,27.73,27.79,27.56,27.57,31687,-0.0014487504527345152
2014-03-24,27.65,27.66,27.38,27.54,18883,-0.0010881392818281599
2014-03-25,27.54,27.64,27.48,27.62,32994,0.002904865649963728
2014-03-26,27.73,27.73,27.48,27.48,38160,-0.005068790731354134
2014-03-27,27.45,27.5,27.32,27.44,34716,-0.0014556040756913413
2014-03-28,27.51,27.67,27.51,27.6,22051,0.005830903790087438
2014-03-31,27.79,27.8,27.64,27.73,56589,0.004710144927536186
2014-04-01,27.82,27.85,27.75,27.85,21215,0.0043274432023079346
2014-04-02,27.91,27.99,27.86,27.99,40095,0.0050269299820466795
2014-04-03,28.02,28.03,27.92,27.99,42180,0.0
2014-04-04,28.13,28.14,27.68,27.75,40308,-0.008574490889603381
2014-04-07,27.7,27.7,27.4,27.48,52302,-0.009729729729729741
2014-04-08,27.41,27.55,27.41,27.52,22664,0.0014556040756914523
2014-04-09,27.62,27.76,27.51,27.73,22615,0.007630813953488413
2014-04-10,27.77,27.79,27.26,27.3,50569,-0.015506671474936895
2014-04-11,27.19,27.29,27.01,27.07,30999,-0.008424908424908395
2014-04-14,27.51,27.51,27.08,27.27,44329,0.007388252678241614
2014-04-15,27.33,27.46,27.12,27.4,17862,0.0047671433810048125
2014-04-16,27.57,27.68,27.54,27.68,26183,0.010218978102189746
2014-04-17,27.68,27.78,27.65,27.77,32972,0.0032514450867051625
2014-04-21,27.77,27.82,27.69,27.8,25181,0.0010803024846957054
2014-04-22,27.85,27.96,27.77,27.9,69819,0.003597122302158251
2014-04-23,27.81,27.91,27.81,27.89,29837,-0.00035842293906807043
2014-04-24,27.94,27.95,27.81,27.89,18664,0.0
2014-04-25,27.86,27.86,27.67,27.74,70587,-0.0053782717820007875
2014-04-28,27.85,27.9,27.61,27.86,72140,0.00432588320115368
2014-04-29,27.96,27.96,27.88,27.94,25918,0.002871500358937684
2014-04-30,27.93,28.03,27.88,28.02,48611,0.0028632784538296097
2014-05-01,28.01,28.02,27.94,27.98,25874,-0.001427551748750866
2014-05-02,27.98,28.09,27.97,27.99,26449,0.00035739814152968563
2014-05-05,27.88,28.01,27.78,28.01,26830,0.0007145409074671427
2014-05-06,27.89,27.93,27.81,27.83,35424,-0.006426276329882352
2014-05-07,27.94,28.02,27.77,28.01,35915,0.0064678404599354256
2014-05-08,28.0,28.17,27.88,27.93,24329,-0.00285612281328107
2014-05-09,27.98,28.01,27.87,27.96,44270,0.0010741138560688146
2014-05-12,28.08,28.26,28.08,28.26,20715,0.010729613733905685
2014-05-13,28.29,28.33,28.24,28.28,30675,0.0007077140835103357
2014-05-14,28.28,28.28,28.12,28.15,49251,-0.004596888260254728
2014-05-15,28.1,28.1,27.77,27.9,41156,-0.008880994671403242
2014-05-16,27.95,27.98,27.83,27.98,24471,0.0028673835125447855
2014-05-19,27.94,28.07,27.94,28.07,18170,0.0032165832737669486
2014-05-20,28.04,28.04,27.8,27.88,27994,-0.006768792304951976
2014-05-21,27.95,28.06,27.9,28.06,23409,0.0064562410329984665
2014-05-22,28.11,28.16,28.06,28.13,24646,0.0024946543121882048
2014-05-23,28.15,28.23,28.13,28.23,98744,0.00355492356914322
2014-05-27,28.34,28.35,28.26,28.34,24371,0.0038965639390717843
2014-05-28,28.37,28.4,28.28,28.36,27649,0.0007057163020465218
2014-05-29,28.41,28.47,28.31,28.47,30200,0.00387870239774335
2014-05-30,28.48,28.59,28.42,28.56,52168,0.0031612223393044925
2014-06-02,28.6,28.6,28.48,28.56,58278,0.0
2014-06-03,28.54,28.57,28.49,28.56,32568,0.0
2014-06-04,28.51,28.62,28.49,28.6,77416,0.0014005602240896309
2014-06-05,28.66,28.8,28.55,28.79,21281,0.006643356643356579
2014-06-06,28.84,28.92,28.84,28.91,20698,0.004168113928447514
2014-06-09,28.91,29.0,28.87,28.93,72780,0.0006918021445865286
2014-06-10,28.93,28.94,28.83,28.91,39381,-0.0006913238852401804
2014-06-11,28.85,28.85,28.76,28.82,84281,-0.0031131096506399336
2014-06-12,28.87,28.87,28.59,28.65,42137,-0.005898681471200651
2014-06-13,28.73,28.8,28.65,28.73,23547,0.002792321116928509
2014-06-16,28.75,28.85,28.72,28.81,21882,0.002784545770970981
2014-06-17,28.77,28.9,28.75,28.88,53047,0.002429711905588272
2014-06-18,28.89,29.02,28.82,29.02,12783,0.00484764542936289
2014-06-19,29.12,29.14,29.07,29.14,25291,0.004135079255685792
2014-06-20,29.23,29.25,29.11,29.22,49051,0.0027453671928618917
2014-06-23,29.26,29.26,29.16,29.2,34133,-0.000684462696783017
2014-06-24,29.19,29.25,28.99,29.03,35765,-0.005821917808219168
2014-06-25,28.95,29.11,28.9,29.11,41580,0.0027557698932139107
2014-06-26,29.13,29.13,28.9,29.07,32607,-0.0013740982480247022
2014-06-27,29.03,29.1,28.98,29.1,22036,0.0010319917440659854
2014-06-30,29.0,29.01,28.94,28.95,14578,-0.005154639175257825
2014-07-01,29.04,29.2,29.04,29.13,27159,0.006217616580310947
2014-07-02,29.16,29.16,29.1,29.15,26748,0.000686577411603162
2014-07-03,29.26,29.32,29.22,29.31,19438,0.005488850771869558
2014-07-07,29.24,29.24,29.15,29.2,19473,-0.003752985329239178
2014-07-08,29.19,29.19,29.0,29.03,52082,-0.005821917808219168
2014-07-09,29.12,29.17,29.05,29.14,23447,0.003789183603169155
2014-07-10,28.85,29.08,28.85,29.07,19933,-0.0024021962937542662
2014-07-11,29.06,29.06,28.97,29.02,16999,-0.0017199862401100496
2014-07-14,29.21,29.23,29.16,29.19,22166,0.005858028945554761
2014-07-15,29.22,29.25,29.04,29.16,22130,-0.0010277492291881352
2014-07-16,29.29,29.35,29.25,29.35,33633,0.0065157750342936804
2014-07-17,29.29,29.37,29.01,29.04,27730,-0.01056218057921643
2014-07-18,29.11,29.35,29.1,29.29,311272,0.008608815426997207
2014-07-21,29.19,29.25,29.08,29.25,34016,-0.0013656538067599033
2014-07-22,29.28,29.4,29.28,29.38,20285,0.004444444444444473
2014-07-23,29.38,29.41,29.33,29.4,52531,0.000680735194009463
2014-07-24,29.42,29.47,29.39,29.43,29265,0.0010204081632654294
2014-07-25,29.3,29.31,29.24,29.28,24640,-0.0050968399592252744
2014-07-28,29.28,29.34,29.12,29.29,37140,0.0003415300546447675
2014-07-29,29.4,29.41,29.16,29.2,26577,-0.003072721065209949
2014-07-30,29.31,29.31,29.04,29.16,35553,-0.001369863013698569
2014-07-31,28.98,28.99,28.61,28.61,46128,-0.018861454046639303
2014-08-01,28.47,28.68,28.35,28.54,61729,-0.0024466969591052656
2014-08-04,28.58,28.76,28.46,28.73,34323,0.006657323055361042
2014-08-05,28.61,28.62,28.32,28.42,31258,-0.010790114862513023
2014-08-06,28.3,28.51,28.23,28.42,83904,0.0
2014-08-07,28.57,28.57,28.17,28.24,23016,-0.006333567909922677
2014-08-08,28.32,28.61,28.27,28.59,12897,0.012393767705382475
2014-08-11,28.7,28.74,28.65,28.66,24872,0.0024484085344527173
2014-08-12,28.65,28.65,28.56,28.64,25153,-0.0006978367062107083
2014-08-13,28.76,28.8,28.68,28.8,55075,0.005586592178770999
2014-08-14,28.84,28.91,28.81,28.91,31483,0.0038194444444443754
2014-08-15,29.01,29.02,28.69,28.91,24898,0.0
2014-08-18,28.99,29.09,28.98,29.09,24388,0.006226219301279867
2014-08-19,29.2,29.28,29.16,29.28,56021,0.0065314541079408706
2014-08-20,29.18,29.34,29.18,29.34,21788,0.002049180327868827
2014-08-21,29.38,29.49,29.32,29.45,35836,0.003749147920927065
2014-08-22,29.43,29.43,29.32,29.36,20350,-0.0030560271646858927
2014-08-25,29.51,29.53,29.45,29.5,20692,0.004768392370572139
2014-08-26,29.55,29.61,29.52,29.54,31218,0.0013559322033898091
2014-08-27,29.55,29.57,29.48,29.56,39747,0.0006770480704130222
2014-08-28,29.49,29.56,29.38,29.54,42859,-0.0006765899864681346
2014-08-29,29.61,29.61,29.51,29.61,31637,0.0023696682464455776
2014-09-02,29.69,29.69,29.45,29.57,84174,-0.001350894967916183
2014-09-03,29.72,29.72,29.57,29.6,42080,0.00101454176530269
2014-09-04,29.67,29.74,29.48,29.52,39984,-0.002702702702702786
2014-09-05,29.59,29.68,29.5,29.67,18027,0.005081300813008172
2014-09-08,29.68,29.68,29.54,29.61,15847,-0.002022244691607722
2014-09-09,29.6,29.6,29.36,29.42,35824,-0.006416751097602091
2014-09-10,29.46,29.5,29.3,29.46,16611,0.0013596193065941176
2014-09-11,29.39,29.54,29.3,29.52,65778,0.0020366598778003286
2014-09-12,29.54,29.54,29.29,29.34,23672,-0.0060975609756097615
2014-09-15,29.37,29.4,29.31,29.38,39558,0.0013633265167007913
2014-09-16,29.29,29.66,29.29,29.62,79729,0.008168822328114445
2014-09-17,29.68,29.74,29.48,29.62,179717,0.0
2014-09-18,29.73,29.74,29.66,29.74,24042,0.004051316677920136
2014-09-19,29.84,29.86,29.67,29.76,26601,0.0006724949562879612
2014-09-22,29.71,29.71,29.42,29.45,55294,-0.01041666666666674
2014-09-23,29.42,29.44,29.28,29.29,24664,-0.005432937181663822
2014-09-24,29.32,29.5,29.2,29.49,120251,0.006828269033799961
2014-09-25,29.43,29.43,28.99,29.08,46475,-0.013903017972193954
2014-09-26,29.11,29.29,29.07,29.24,57785,0.005502063273727709
2014-09-29,28.84,29.06,28.84,29.04,35974,-0.0068399452804377425
2014-09-30,29.08,29.13,28.89,29.01,124677,-0.0010330578512396382
2014-10-01,29.3,29.3,28.51,28.58,64030,-0.014822475008617775
2014-10-02,28.49,28.65,28.28,28.54,64269,-0.0013995801259621965
2014-10-03,28.77,28.9,28.67,28.9,36521,0.01261387526278912
2014-10-06,29.0,29.02,28.7,28.86,102384,-0.0013840830449827202
2014-10-07,28.81,28.81,28.42,28.42,39984,-0.01524601524601521
2014-10-08,28.45,28.85,28.3,28.85,16616,0.015130190007037303
2014-10-09,28.85,28.85,28.26,28.28,107405,-0.019757365684575423
2014-10-10,28.29,28.34,27.96,27.99,88780,-0.010254596888260359
2014-10-13,27.99,28.05,27.57,27.57,69916,-0.01500535905680589
2014-10-14,27.7,27.8,27.42,27.58,35046,0.0003627130939425349
2014-10-15,27.28,27.43,26.74,27.33,120794,-0.0090645395213923
2014-10-16,26.99,27.56,26.99,27.38,66504,0.0018294914013905483
2014-10-17,27.68,27.88,27.58,27.77,68591,0.014243973703433221
2014-10-20,27.67,27.95,27.67,27.91,34156,0.005041411595246625
2014-10-21,28.15,28.5,28.14,28.47,53325,0.020064493013256746
2014-10-22,28.57,28.64,28.29,28.29,82018,-0.006322444678609096
2014-10-23,28.58,28.71,28.48,28.61,98782,0.011311417462000817
2014-10-24,28.65,28.77,28.49,28.77,290214,0.005592450192240417
2014-10-27,28.67,28.75,28.64,28.72,68193,-0.001737921445950641
2014-10-28,28.84,29.02,28.78,28.98,131649,0.009052924791086436
2014-10-29,29.09,29.16,28.82,29.0,33002,0.0006901311249136732
2014-10-30,28.95,29.3,28.87,29.17,108132,0.005862068965517331
2014-10-31,29.56,29.56,29.35,29.44,71733,0.009256085018854998
2014-11-03,29.56,29.61,29.43,29.46,138876,0.0006793478260869179
2014-11-04,29.43,29.43,29.28,29.38,65607,-0.0027155465037339566
2014-11-05,29.59,29.6,29.44,29.57,17846,0.006466984343090676
2014-11-06,29.62,29.69,29.48,29.67,36495,0.003381805884342226
2014-11-07,29.73,29.81,29.66,29.72,61163,0.001685203909673083
2014-11-10,29.8,29.84,29.75,29.79,22994,0.0023553162853298115
2014-11-11,29.87,29.87,29.78,29.79,26938,0.0
2014-11-12,29.72,29.84,29.72,29.82,45145,0.001007049345417954
2014-11-13,29.86,29.88,29.7,29.76,27587,-0.002012072434607548
2014-11-14,29.84,29.91,29.78,29.8,261636,0.0013440860215052641
2014-11-17,29.8,29.92,29.76,29.88,25812,0.0026845637583892135
2014-11-18,29.93,30.08,29.93,30.01,29438,0.004350736278447176
2014-11-19,30.01,30.04,29.89,30.02,46755,0.0003332222592469236
2014-11-20,29.95,30.09,29.92,30.06,60416,0.0013324450366423157
2014-11-21,30.33,30.37,30.19,30.25,27557,0.00632069194943452
2014-11-24,30.35,30.35,30.23,30.31,74767,0.0019834710743800166
2014-11-25,30.37,30.37,30.19,30.28,54929,-0.0009897723523588642
2014-11-26,30.32,30.32,30.25,30.31,21351,0.0009907529722588126
2014-11-28,30.25,30.25,30.13,30.13,5301,-0.00593863411415374
2014-12-01,30.1,30.1,29.95,30.05,294731,-0.002655160969133652
2014-12-02,30.05,30.25,30.05,30.21,125561,0.0053244592346088915
2014-12-03,30.24,30.4,30.24,30.35,64220,0.004634227077126907
2014-12-04,30.27,30.34,30.16,30.28,31684,-0.0023064250411861664
2014-12-05,30.34,30.38,30.26,30.26,54050,-0.0006605019815059121
2014-12-08,30.28,30.29,29.98,30.07,49564,-0.006278916060806439
2014-12-09,29.78,30.04,29.5,30.04,55196,-0.0009976720984370413
2014-12-10,29.89,29.89,29.5,29.5,202264,-0.01797603195739017
2014-12-11,29.65,29.96,29.64,29.64,38440,0.004745762711864332
2014-12-12,29.51,29.56,29.2,29.22,43666,-0.014170040485830038
2014-12-15,29.37,29.41,28.95,29.03,59291,-0.006502395619438661
2014-12-16,28.95,29.49,28.93,28.95,49763,-0.0027557698932140218
2014-12-17,29.15,29.47,28.98,29.47,25775,0.01796200345423138
2014-12-18,29.93,30.11,29.68,30.11,41350,0.021717000339328107
2014-12-19,30.33,30.4,30.14,30.32,68094,0.00697442710063112
2014-12-22,30.18,30.31,30.13,30.27,58141,-0.0016490765171504052
2014-12-23,30.44,30.51,30.38,30.43,48170,0.005285761480013251
2014-12-24,30.51,30.51,30.44,30.5,20090,0.0023003614853762677
2014-12-26,30.53,30.55,30.48,30.49,17718,-0.0003278688524590567
2014-12-29,30.47,30.57,30.45,30.51,25370,0.0006559527714005142
2014-12-30,30.49,30.49,30.39,30.43,39740,-0.0026220911176664252
2014-12-31,30.46,30.46,30.12,30.12,20670,-0.010187315149523424
2015-01-02,30.24,30.24,29.9,30.12,32153,0.0
2015-01-05,29.93,29.93,29.45,29.48,33824,-0.021248339973439556
2015-01-06,29.58,29.62,29.16,29.33,285158,-0.0050881953867029095
2015-01-07,29.53,29.64,29.44,29.6,116875,0.00920559154449374
2015-01-08,29.93,30.16,29.87,30.15,73083,0.01858108108108092
2015-01-09,30.24,30.24,29.8,29.9,44189,-0.008291873963515717
2015-01-12,29.93,29.95,29.58,29.65,62780,-0.00836120401337792
2015-01-13,29.89,30.01,29.37,29.54,39320,-0.003709949409780755
2015-01-14,29.24,29.38,29.0,29.36,1042897,-0.0060934326337169775
2015-01-15,29.49,29.49,29.11,29.15,209583,-0.007152588555858319
2015-01-16,29.08,29.55,28.88,29.55,75862,0.013722126929674117
2015-01-20,29.63,29.63,29.3,29.52,44168,-0.0010152284263960087
2015-01-21,29.53,29.74,29.5,29.69,54655,0.005758807588075898
2015-01-22,29.89,30.14,29.67,30.14,195715,0.015156618390030241
2015-01-23,30.1,30.1,29.89,29.89,27705,-0.008294625082946205
2015-01-26,29.94,30.0,29.81,29.96,47838,0.0023419203747072626
2015-01-27,29.75,29.84,29.53,29.68,43391,-0.009345794392523366
2015-01-28,29.86,29.86,29.2,29.2,29861,-0.016172506738544534
2015-01-29,29.31,29.48,29.0,29.44,41669,0.008219178082191858
2015-01-30,29.28,29.41,29.04,29.04,269831,-0.013586956521739246
2015-02-02,29.19,29.4,28.9,29.37,34022,0.011363636363636465
2015-02-03,29.6,29.94,29.6,29.94,65450,0.019407558733401498
2015-02-04,29.86,29.95,29.78,29.8,67153,-0.004676018704074858
2015-02-05,30.01,30.1,29.98,30.1,50042,0.010067114093959662
2015-02-06,30.12,30.27,29.95,30.02,33811,-0.0026578073089701393
2015-02-09,29.88,30.07,29.88,29.92,33460,-0.0033311125916055673
2015-02-10,30.16,30.26,29.94,30.26,39038,0.011363636363636465
2015-02-11,30.22,30.28,30.03,30.21,378082,-0.0016523463317911213
2015-02-12,30.26,30.49,30.26,30.49,379603,0.00926845415425337
2015-02-13,30.54,30.62,30.44,30.62,62418,0.00426369301410312
2015-02-17,30.55,30.66,30.48,30.64,45805,0.0006531678641410466
2015-02-18,30.6,30.63,30.5,30.59,30390,-0.0016318537859008053
2015-02-19,30.51,30.6,30.45,30.48,47171,-0.0035959463877084374
2015-02-20,30.45,30.69,30.33,30.68,45933,0.006561679790026309
2015-02-23,30.67,30.69,30.57,30.69,55890,0.00032594524119944346
2015-02-24,30.7,30.81,30.66,30.8,36769,0.0035842293906809264
2015-02-25,30.79,30.8,30.67,30.69,45734,-0.0035714285714285587
2015-02-26,30.7,30.7,30.54,30.64,40896,-0.00162919517758231
2015-02-27,30.56,30.66,30.56,30.59,40915,-0.0016318537859008053
2015-03-02,30.53,30.67,30.51,30.67,34123,0.002615233736515288
2015-03-03,30.64,30.64,30.46,30.56,38201,-0.003586566677535097
2015-03-04,30.51,30.51,30.26,30.4,37420,-0.005235602094240788
2015-03-05,30.52,30.52,30.34,30.47,104934,0.0023026315789473895
2015-03-06,30.31,30.31,29.96,30.0,54848,-0.015425008204791535
2015-03-09,30.06,30.18,30.03,30.13,41829,0.0043333333333333
2015-03-10,29.94,29.94,29.67,29.67,145275,-0.015267175572518998
2015-03-11,29.74,29.74,29.58,29.61,167411,-0.002022244691607722
2015-03-12,29.69,29.95,29.69,29.95,176131,0.011482607227288
2015-03-13,29.94,29.94,29.58,29.8,217486,-0.005008347245408995
2015-03-16,29.85,30.15,29.85,30.11,317839,0.010402684563758369
2015-03-17,29.96,30.1,29.9,30.04,308331,-0.0023248090335437066
2015-03-18,29.93,30.57,29.9,30.4,407122,0.011984021304926706
2015-03-19,30.39,30.39,30.19,30.27,228192,-0.004276315789473628
2015-03-20,30.42,30.6,30.37,30.58,243715,0.010241162867525633
2015-03-23,30.5,30.67,30.5,30.51,222795,-0.002289077828646069
2015-03-24,30.52,30.53,30.3,30.35,260938,-0.005244182235332628
2015-03-25,30.42,30.42,29.95,29.99,341982,-0.011861614497528983
2015-03-26,29.9,29.98,29.75,29.89,388808,-0.0033344448149382755
2015-03-27,29.81,29.94,29.8,29.91,231410,0.0006691201070592179
2015-03-30,29.94,30.25,29.94,30.2,175751,0.0096957539284519
2015-03-31,29.99,30.16,29.91,30.0,260430,-0.0066225165562913135
2015-04-01,29.92,29.92,29.75,29.83,240409,-0.005666666666666709
2015-04-02,29.87,30.05,29.86,30.0,256958,0.00569896077774068
2015-04-06,29.85,30.29,29.85,30.21,246465,0.007000000000000117
2015-04-07,30.24,30.31,30.13,30.13,282722,-0.002648129758358264
2015-04-08,30.16,30.26,30.05,30.13,206439,0.0
2015-04-09,30.08,30.32,30.08,30.28,200458,0.004978426817125792
2015-04-10,30.3,30.45,30.3,30.45,200147,0.0056142668428005305
2015-04-13,30.44,30.5,30.31,30.33,169571,-0.003940886699507429
2015-04-14,30.29,30.42,30.22,30.39,205553,0.001978239366963397
2015-04-15,30.54,30.65,30.52,30.56,278824,0.005593945376768605
2015-04-16,30.48,30.63,30.46,30.54,224222,-0.0006544502617801262
2015-04-17,30.34,30.35,30.07,30.19,234234,-0.01146037982973147
2015-04-20,30.37,30.52,30.37,30.46,232108,0.008943358728055628
2015-04-21,30.52,30.52,30.32,30.37,291048,-0.002954694681549519
2015-04-22,30.46,30.5,30.26,30.49,209548,0.003951267698386385
2015-04-23,30.4,30.68,30.4,30.62,242724,0.00426369301410312
2015-04-24,30.68,30.68,30.57,30.63,234004,0.0003265839320705233
2015-04-27,30.75,30.75,30.48,30.48,419434,-0.004897159647404448
2015-04-28,30.62,30.67,30.36,30.67,355030,0.006233595800525071
2015-04-29,30.5,30.61,30.43,30.56,245717,-0.003586566677535097
2015-04-30,30.5,30.5,30.22,30.26,168695,-0.00981675392670145
2015-05-01,30.43,30.57,30.37,30.55,172190,0.00958360872438857
2015-05-04,30.66,30.71,30.65,30.66,227712,0.0036006546644844484
2015-05-05,30.68,30.68,30.3,30.33,219508,-0.010763209393346407
2015-05-06,30.46,30.46,30.06,30.2,189875,-0.004286185295087286
2015-05-07,30.21,30.37,30.13,30.3,146408,0.0033112582781458233
2015-05-08,30.52,30.67,30.52,30.67,335957,0.012211221122112148
2015-05-11,30.67,30.67,30.48,30.49,257892,-0.005868927290512027
2015-05-12,30.4,30.5,30.26,30.42,171501,-0.0022958346999014667
2015-05-13,30.45,30.6,30.42,30.43,139457,0.00032873109796183186
2015-05-14,30.57,30.71,30.57,30.68,431190,0.008215576733486607
2015-05-15,30.76,30.77,30.68,30.74,218729,0.001955671447196883
2015-05-18,30.8,30.88,30.73,30.86,182581,0.0039037085230970714
2015-05-19,30.83,30.87,30.75,30.81,172035,-0.0016202203499676715
2015-05-20,30.8,30.88,30.74,30.82,219547,0.0003245699448231054
2015-05-21,30.81,30.93,30.74,30.88,180988,0.0019467878001298011
2015-05-22,30.87,30.87,30.79,30.8,179757,-0.002590673575129432
2015-05-26,30.68,30.68,30.41,30.51,201861,-0.009415584415584433
2015-05-27,30.53,30.73,30.53,30.73,207892,0.007210750573582336
2015-05-28,30.68,30.7,30.58,30.67,150253,-0.001952489424015602
2015-05-29,30.71,30.73,30.48,30.56,423719,-0.003586566677535097
2015-06-01,30.58,30.66,30.47,30.54,881309,-0.0006544502617801262
2015-06-02,30.49,30.63,30.42,30.55,296693,0.0003274394237067213
2015-06-03,30.64,30.69,30.54,30.58,331448,0.0009819967266775365
2015-06-04,30.5,30.55,30.28,30.31,286226,-0.008829300196206646
2015-06-05,30.28,30.38,30.18,30.25,166947,-0.0019795447047178394
2015-06-08,30.19,30.25,30.11,30.11,276905,-0.004628099173553779
2015-06-09,30.07,30.18,30.04,30.11,150519,0.0
2015-06-10,30.23,30.49,30.23,30.47,167489,0.011956160743938904
2015-06-11,30.49,30.56,30.49,30.51,142461,0.0013127666557271045
2015-06-12,30.4,30.4,30.26,30.3,141652,-0.0068829891838742
2015-06-15,30.08,30.21,30.03,30.14,227176,-0.005280528052805322
2015-06-16,30.12,30.35,30.12,30.33,145497,0.006303915063039067
2015-06-17,30.35,30.46,30.24,30.39,181342,0.001978239366963397
2015-06-18,30.48,30.73,30.48,30.64,137357,0.008226390259953975
2015-06-19,30.62,30.65,30.53,30.54,212405,-0.0032637075718016106
2015-06-22,30.66,30.76,30.63,30.65,265998,0.003601833660772824
2015-06-23,30.73,30.73,30.62,30.7,287172,0.0016313213703100793
2015-06-24,30.63,30.67,30.48,30.49,170464,-0.006840390879478853
2015-06-25,30.53,30.55,30.36,30.36,176190,-0.004263693014102898
2015-06-26,30.38,30.44,30.3,30.39,152020,0.000988142292490224
2015-06-29,30.0,30.04,29.66,29.66,230950,-0.024021059559065527
2015-06-30,29.86,29.86,29.6,29.75,211981,0.0030343897505056283
2015-07-01,29.93,29.93,29.76,29.86,293109,0.00369747899159667
2015-07-02,29.92,29.98,29.81,29.89,149489,0.0010046885465506694
2015-07-06,29.69,29.85,29.61,29.72,302572,-0.005687520910003352
2015-07-07,29.74,29.94,29.4,29.94,345902,0.007402422611036519
2015-07-08,29.7,29.74,29.44,29.46,203518,-0.01603206412825653
2015-07-09,29.79,29.84,29.52,29.52,217625,0.0020366598778003286
2015-07-10,29.8,29.89,29.73,29.85,130210,0.011178861788617933
2015-07-13,30.01,30.13,30.01,30.13,177591,0.009380234505862672
2015-07-14,30.13,30.27,30.12,30.25,186129,0.003982741453700589
2015-07-15,30.22,30.25,30.1,30.15,171398,-0.0033057851239669533
2015-07-16,30.29,30.35,30.28,30.34,161823,0.0063018242122721
2015-07-17,30.31,30.31,30.17,30.24,138501,-0.0032959789057350752
2015-07-20,30.26,30.26,30.15,30.2,416449,-0.001322751322751281
2015-07-21,30.14,30.18,29.97,30.02,350556,-0.00596026490066226
2015-07-22,29.93,30.04,29.93,29.99,204078,-0.0009993337774817368
2015-07-23,30.03,30.03,29.77,29.82,198881,-0.0056685561853950794
2015-07-24,29.83,29.83,29.46,29.5,161668,-0.010731052984574108
2015-07-27,29.31,29.4,29.23,29.32,748783,-0.006101694915254252
2015-07-28,29.45,29.72,29.36,29.7,184939,0.012960436562073685
2015-07-29,29.7,29.97,29.7,29.95,175024,0.008417508417508435
2015-07-30,29.91,29.97,29.79,29.96,295631,0.0003338898163607329
2015-07-31,29.96,29.99,29.82,29.85,273836,-0.003671562082776969
2015-08-03,29.81,29.81,29.57,29.68,398251,-0.0056951423785595034
2015-08-04,29.68,29.76,29.55,29.6,170467,-0.0026954177897573484
2015-08-05,29.76,29.9,29.66,29.69,154488,0.0030405405405404817
2015-08-06,29.69,29.69,29.45,29.58,116944,-0.0037049511620075304
2015-08-07,29.5,29.54,29.33,29.41,201965,-0.005747126436781547
2015-08-10,29.62,29.86,29.62,29.85,143721,0.014960897653859329
2015-08-11,29.61,29.64,29.48,29.61,185901,-0.008040201005025227
2015-08-12,29.39,29.66,29.2,29.65,322922,0.001350894967916183
2015-08-13,29.69,29.71,29.54,29.58,165850,-0.0023608768971332683
2015-08-14,29.59,29.67,29.56,29.66,143114,0.0027045300878973944
2015-08-17,29.57,29.79,29.48,29.79,153056,0.004383007417397167
2015-08-18,29.74,29.8,29.68,29.71,176531,-0.0026854649211144332
2015-08-19,29.61,29.62,29.3,29.43,159896,-0.009424436216762033
2015-08-20,29.25,29.25,28.91,28.91,386826,-0.01766904519198098
2015-08-21,28.61,28.74,28.07,28.08,1824906,-0.02870978900034593
2015-08-24,27.52,27.9,25.43,26.96,1514915,-0.03988603988603978
2015-08-25,27.5,27.87,26.51,26.51,470073,-0.01669139465875369
2015-08-26,27.04,27.52,26.72,27.5,514390,0.03734439834024883
2015-08-27,27.83,28.2,27.67,28.16,631757,0.02400000000000002
2015-08-28,28.07,28.3,28.07,28.22,180539,0.0021306818181818787
2015-08-31,28.1,28.24,27.97,28.13,152253,-0.003189227498228253
2015-09-01,27.38,27.6,27.17,27.31,427914,-0.029150373266974783
2015-09-02,27.65,27.67,27.34,27.67,135004,0.013181984621018161
2015-09-03,27.83,28.13,27.74,27.9,185691,0.008312251535959492
2015-09-04,27.5,27.54,27.26,27.4,1099339,-0.017921146953404965
2015-09-08,27.81,28.05,27.75,28.05,151785,0.023722627737226443
2015-09-09,28.29,28.3,27.63,27.63,185701,-0.0149732620320856
2015-09-10,27.64,27.94,27.6,27.77,175073,0.005066956207021356
2015-09-11,27.69,27.84,27.61,27.84,136308,0.0025207057976233127
2015-09-14,27.86,27.86,27.69,27.73,287324,-0.0039511494252872925
2015-09-15,27.82,28.15,27.79,28.07,187024,0.012261089073206
2015-09-16,28.17,28.4,28.12,28.37,104648,0.010687566797292547
2015-09-17,28.33,28.71,28.26,28.26,140929,-0.0038773352132533967
2015-09-18,27.94,28.09,27.74,27.76,181049,-0.017692852087756505
2015-09-21,27.96,28.09,27.84,27.94,353001,0.006484149855907839
2015-09-22,27.59,27.66,27.46,27.6,457311,-0.012168933428775897
2015-09-23,27.63,27.67,27.46,27.55,115880,-0.0018115942028985588
2015-09-24,27.32,27.52,27.18,27.49,1092347,-0.0021778584392014855
2015-09-25,27.73,27.76,27.41,27.55,188904,0.00218261185885793
2015-09-28,27.23,27.23,26.72,26.76,708145,-0.028675136116152466
2015-09-29,26.8,26.96,26.65,26.82,310134,0.0022421524663676085
2015-09-30,27.06,27.3,27.01,27.27,182887,0.016778523489932917
2015-10-01,27.36,27.36,27.01,27.29,151804,0.0007334066740007916
2015-10-02,26.98,27.7,26.93,27.7,180590,0.015023818248442566
2015-10-05,27.94,28.32,27.92,28.29,415411,0.021299638989169756
2015-10-06,28.3,28.42,28.22,28.33,267886,0.0014139271827500188
2015-10-07,28.49,28.64,28.3,28.58,215087,0.008824567596187771
2015-10-08,28.5,28.94,28.5,28.91,136732,0.011546536039188204
2015-10-09,28.92,28.96,28.78,28.87,107077,-0.0013836042891732792
2015-10-12,28.87,28.87,28.78,28.85,178281,-0.0006927606511949458
2015-10-13,28.68,28.9,28.66,28.68,101865,-0.0058925476603119975
2015-10-14,28.64,28.74,28.5,28.54,259477,-0.004881450488145034
2015-10-15,28.61,28.92,28.55,28.92,263572,0.013314646110721862
2015-10-16,28.98,29.04,28.85,29.04,118608,0.004149377593360981
2015-10-19,28.89,28.97,28.86,28.96,335788,-0.0027548209366390353
2015-10-20,28.9,29.04,28.89,28.93,117616,-0.001035911602209949
2015-10-21,28.98,29.01,28.82,28.84,180981,-0.003110957483581034
2015-10-22,28.9,29.27,28.9,29.24,224767,0.01386962552011095
2015-10-23,29.47,29.47,29.31,29.44,92462,0.006839945280437965
2015-10-26,29.4,29.4,29.29,29.32,210021,-0.0040760869565217295
2015-10-27,29.21,29.24,29.07,29.17,194632,-0.005115961800818525
2015-10-28,29.2,29.47,29.15,29.47,138144,0.010284538909838714
2015-10-29,29.44,29.54,29.39,29.5,203391,0.001017984390905946
2015-10-30,29.52,29.6,29.42,29.42,139112,-0.0027118644067796183
2015-11-02,29.42,29.83,29.42,29.79,265513,0.012576478585995865
2015-11-03,29.73,30.0,29.73,29.92,231849,0.0043638804968111344
2015-11-04,29.96,29.96,29.69,29.78,188626,-0.004679144385026812
2015-11-05,29.76,29.8,29.59,29.74,154418,-0.001343183344526655
2015-11-06,29.66,29.7,29.47,29.64,167205,-0.0033624747814390288
2015-11-09,29.59,29.59,29.23,29.37,169883,-0.009109311740890691
2015-11-10,29.31,29.47,29.3,29.41,180598,0.0013619339462036528
2015-11-11,29.49,29.49,29.29,29.3,179051,-0.0037402244134647766
2015-11-12,29.11,29.13,28.84,28.84,184146,-0.01569965870307166
2015-11-13,28.77,28.77,28.52,28.56,221031,-0.009708737864077666
2015-11-16,28.51,29.04,28.51,29.04,333087,0.01680672268907557
2015-11-17,29.08,29.23,28.92,28.98,318014,-0.0020661157024792765
2015-11-18,29.09,29.44,29.08,29.44,273731,0.015873015873015817
2015-11-19,29.37,29.41,29.32,29.37,137117,-0.0023777173913043237
2015-11-20,29.47,29.56,29.38,29.41,201342,0.0013619339462036528
2015-11-23,29.41,29.52,29.36,29.42,344081,0.0003400204012240504
2015-11-24,29.26,29.61,29.26,29.54,474245,0.004078857919782353
2015-11-25,29.51,29.56,29.45,29.5,111876,-0.0013540961408259333
2015-11-27,29.47,29.54,29.44,29.5,67306,0.0
2015-11-30,29.54,29.54,29.43,29.45,89610,-0.0016949152542372614
2015-12-01,29.52,29.69,29.5,29.69,131273,0.008149405772495788
2015-12-02,29.68,29.68,29.3,29.3,979596,-0.013135735938026305
2015-12-03,29.4,29.4,28.84,28.93,325976,-0.0126279863481229
2015-12-04,28.95,29.44,28.95,29.44,242716,0.017628759073626155
2015-12-07,29.32,29.32,29.02,29.18,155734,-0.008831521739130488
2015-12-08,28.88,29.03,28.85,28.92,730862,-0.008910212474297352
2015-12-09,28.82,29.22,28.63,28.78,266169,-0.004840940525587811
2015-12-10,28.77,29.05,28.75,28.86,323648,0.002779708130646208
2015-12-11,28.55,28.62,28.3,28.33,202672,-0.018364518364518356
2015-12-14,28.31,28.44,28.1,28.42,577764,0.0031768443346276154
2015-12-15,28.64,28.9,28.64,28.76,274854,0.011963406052075909
2015-12-16,28.92,29.2,28.82,29.14,202081,0.013212795549374157
2015-12-17,29.18,29.18,28.71,28.71,202811,-0.014756348661633445
2015-12-18,28.58,28.58,28.23,28.23,195337,-0.01671891327063746
2015-12-21,28.25,28.3,28.06,28.27,169930,0.00141693234148077
2015-12-22,28.39,28.63,28.29,28.56,339054,0.01025822426600631
2015-12-23,28.72,29.02,28.72,29.01,202947,0.01575630252100857
2015-12-24,28.97,29.03,28.9,28.95,125797,-0.0020682523267839814
2015-12-28,28.79,28.82,28.69,28.82,131480,-0.004490500863557845
2015-12-29,28.96,29.12,28.96,29.07,211368,0.008674531575294964
2015-12-30,29.01,29.05,28.85,28.87,165574,-0.0068799449604403096
2015-12-31,28.76,28.86,28.64,28.64,268761,-0.00796674748874271
2016-01-04,28.2,28.28,27.99,28.28,228140,-0.012569832402234637
2016-01-05,28.34,28.42,28.18,28.39,211639,0.0038896746817538297
2016-01-06,28.0,28.12,27.8,27.96,332939,-0.015146178231771779
2016-01-07,27.52,27.73,27.28,27.37,1308033,-0.021101573676680974
2016-01-08,27.5,27.55,26.98,27.04,447657,-0.012056996711728218
2016-01-11,27.16,27.2,26.73,27.02,532335,-0.0007396449704142327
2016-01-12,27.23,27.35,26.88,27.2,220599,0.006661732050333047
2016-01-13,27.3,27.34,26.58,26.58,238593,-0.022794117647058854
2016-01-14,26.7,27.23,26.5,27.05,1344034,0.017682468021068543
2016-01-15,26.35,26.58,26.17,26.48,1133187,-0.021072088724584104
2016-01-19,26.75,26.77,26.22,26.43,408071,-0.001888217522658664
2016-01-20,26.0,26.25,25.44,26.07,1977136,-0.01362088535754824
2016-01-21,26.07,26.5,25.91,26.24,264674,0.00652090525508231
2016-01-22,26.66,26.8,26.54,26.75,332786,0.019435975609756184
2016-01-25,26.64,26.64,26.27,26.27,261527,-0.017943925233644853
2016-01-26,26.41,26.76,26.41,26.73,171252,0.017510468214693597
2016-01-27,26.66,27.0,26.41,26.57,139689,-0.005985783763561514
2016-01-28,26.79,26.83,26.48,26.7,208092,0.004892736168611078
2016-01-29,26.85,27.38,26.85,27.38,194113,0.025468164794007375
2016-02-01,27.2,27.48,27.11,27.39,311194,0.000365230094959923
2016-02-02,27.1,27.1,26.76,26.84,273792,-0.02008032128514059
2016-02-03,26.99,27.15,26.52,27.07,167719,0.008569299552906084
2016-02-04,27.02,27.32,26.97,27.18,144495,0.004063538973032799
2016-02-05,27.1,27.1,26.74,26.84,161113,-0.012509197939661543
2016-02-08,26.55,26.64,26.23,26.51,575435,-0.012295081967213073
2016-02-09,26.25,26.64,26.24,26.45,288315,-0.0022632968691060906
2016-02-10,26.57,26.78,26.37,26.39,238889,-0.0022684310018903364
2016-02-11,25.99,26.19,25.79,26.06,504201,-0.012504736642667713
2016-02-12,26.28,26.59,26.19,26.58,179812,0.01995395241749809
2016-02-16,26.87,27.01,26.72,27.01,139261,0.016177577125658482
2016-02-17,27.18,27.5,27.18,27.44,209781,0.01592002961865968
2016-02-18,27.49,27.49,27.31,27.37,169136,-0.0025510204081632404
2016-02-19,27.25,27.31,27.13,27.3,160714,-0.002557544757033292
2016-02-22,27.56,27.75,27.56,27.72,190523,0.01538461538461533
2016-02-23,27.61,27.61,27.36,27.39,219808,-0.011904761904761862
2016-02-24,27.11,27.56,27.0,27.51,145925,0.004381161007667167
2016-02-25,27.57,27.82,27.46,27.82,107496,0.011268629589240131
2016-02-26,28.0,28.0,27.73,27.75,91548,-0.0025161754133716796
2016-02-29,27.77,27.91,27.56,27.56,195491,-0.006846846846846888
2016-03-01,27.76,28.15,27.69,28.13,545198,0.020682148040638726
2016-03-02,28.06,28.36,28.01,28.34,202849,0.007465339495200896
2016-03-03,28.34,28.55,28.28,28.54,179436,0.007057163020465662
2016-03-04,28.56,28.82,28.48,28.7,149050,0.005606166783461708
2016-03-07,28.58,28.9,28.58,28.84,166488,0.004878048780487809
2016-03-08,28.72,28.72,28.47,28.47,371098,-0.01282940360610263
2016-03-09,28.62,28.74,28.56,28.62,147623,0.005268703898841043
2016-03-10,28.71,28.82,28.36,28.63,133425,0.00034940600978328185
2016-03-11,28.95,29.11,28.94,29.1,144030,0.016416346489696254
2016-03-14,28.98,29.11,28.95,29.06,206166,-0.0013745704467355013
2016-03-15,28.83,28.99,28.82,28.99,158685,-0.002408809359944919
2016-03-16,28.92,29.26,28.92,29.21,172508,0.0075888237323216146
2016-03-17,29.21,29.55,29.17,29.49,238849,0.009585758301951408
2016-03-18,29.62,29.65,29.49,29.56,240774,0.0023736859952525613
2016-03-21,29.37,29.49,29.32,29.45,245941,-0.003721244925575129
2016-03-22,29.29,29.51,29.29,29.39,141174,-0.0020373514431238915
2016-03-23,29.32,29.32,29.11,29.15,100990,-0.008166042871725177
2016-03-24,28.92,29.16,28.89,29.16,132258,0.0003430531732420139
2016-03-28,29.2,29.26,29.1,29.18,110083,0.000685871056241405
2016-03-29,29.08,29.43,29.03,29.42,271795,0.008224811514736086
2016-03-30,29.57,29.63,29.46,29.51,132643,0.00305914343983682
2016-03-31,29.49,29.58,29.46,29.49,164200,-0.0006777363605559028
2016-04-01,29.26,29.6,29.23,29.59,109074,0.003390979993218135
2016-04-04,29.56,29.58,29.41,29.44,126050,-0.005069280162216971
2016-04-05,29.26,29.3,29.16,29.2,206289,-0.00815217391304357
2016-04-06,29.21,29.48,29.19,29.48,136764,0.009589041095890538
2016-04-07,29.29,29.33,29.0,29.1,163051,-0.012890094979647215
2016-04-08,29.32,29.41,29.19,29.26,119382,0.005498281786941561
2016-04-11,29.34,29.5,29.22,29.23,123004,-0.001025290498974707
2016-04-12,29.23,29.59,29.19,29.55,152221,0.010947656517276805
2016-04-13,29.69,29.83,29.64,29.82,258139,0.009137055837563413
2016-04-14,29.81,29.86,29.75,29.83,845158,0.0003353454057679617
2016-04-15,29.79,29.82,29.75,29.81,137654,-0.000670465973851786
2016-04-18,29.65,30.01,29.65,29.98,200920,0.005702784300570363
2016-04-19,30.05,30.22,30.05,30.17,207095,0.006337558372248253
2016-04-20,30.17,30.34,30.11,30.22,154988,0.0016572754391779299
2016-04-21,30.19,30.21,29.98,30.01,128622,-0.006949040370615389
2016-04-22,30.01,30.15,29.99,30.13,159616,0.003998667110962861
2016-04-25,30.04,30.06,29.89,30.06,179384,-0.0023232658479920287
2016-04-26,30.09,30.18,30.08,30.17,157269,0.003659347970725424
2016-04-27,30.15,30.39,30.13,30.33,171459,0.005303281405369509
2016-04-28,30.15,30.37,30.0,30.05,147118,-0.009231783712495778
2016-04-29,29.95,30.0,29.69,29.86,224646,-0.006322795341098253
2016-05-02,29.93,30.1,29.86,30.08,148545,0.007367716008037428
2016-05-03,29.86,29.86,29.64,29.76,276791,-0.010638297872340274
2016-05-04,29.61,29.74,29.48,29.58,132012,-0.006048387096774355
2016-05-05,29.63,29.74,29.48,29.53,156808,-0.0016903313049356772
2016-05-06,29.41,29.64,29.41,29.62,101104,0.0030477480528277034
2016-05-09,29.63,29.67,29.47,29.58,172660,-0.0013504388926401933
2016-05-10,29.65,29.94,29.65,29.91,145719,0.011156186612576224
2016-05-11,29.83,29.9,29.7,29.7,179635,-0.007021063189568744
2016-05-12,29.78,29.82,29.56,29.69,122303,-0.00033670033670030186
2016-05-13,29.6,29.7,29.37,29.42,120799,-0.009093971034018211
2016-05-16,29.46,29.77,29.46,29.7,187079,0.009517335146159045
2016-05-17,29.62,29.71,29.38,29.44,165350,-0.008754208754208737
2016-05-18,29.41,29.6,29.24,29.37,161933,-0.0023777173913043237
2016-05-19,29.29,29.35,29.12,29.34,176281,-0.0010214504596527396
2016-05-20,29.46,29.59,29.45,29.5,125746,0.005453306066802943
2016-05-23,29.51,29.55,29.43,29.43,164707,-0.002372881355932166
2016-05-24,29.61,29.84,29.59,29.78,142348,0.011892626571525788
2016-05-25,29.9,30.1,29.85,30.05,386203,0.00906648757555395
2016-05-26,30.11,30.14,30.01,30.03,109690,-0.0006655574043260559
2016-05-27,30.03,30.15,30.03,30.14,90985,0.00366300366300365
2016-05-31,30.19,30.26,30.01,30.14,161291,0.0
2016-06-01,30.01,30.21,29.95,30.21,303315,0.002322495023225013
2016-06-02,30.09,30.26,30.05,30.26,130518,0.0016550810989739428
2016-06-03,30.17,30.28,30.06,30.22,122164,-0.0013218770654329637
2016-06-06,30.28,30.46,30.28,30.41,114326,0.006287227001985585
2016-06-07,30.43,30.63,30.43,30.55,249460,0.0046037487668531
2016-06-08,30.55,30.68,30.55,30.63,135649,0.002618657937806912
2016-06-09,30.47,30.6,30.44,30.56,105047,-0.002285341168788757
2016-06-10,30.36,30.4,30.19,30.27,95017,-0.009489528795811442
2016-06-13,30.14,30.31,30.04,30.04,202698,-0.007598282127519007
2016-06-14,29.96,30.05,29.81,29.97,145328,-0.0023302263648469212
2016-06-15,29.99,30.12,29.99,30.0,107114,0.0010010010010010895
2016-06-16,29.79,30.05,29.61,30.01,130666,0.0003333333333332966
2016-06-17,30.04,30.09,29.92,30.05,97079,0.0013328890369876945
2016-06-20,30.32,30.46,30.23,30.25,185239,0.006655574043261225
2016-06-21,30.28,30.39,30.19,30.32,128026,0.002314049586776834
2016-06-22,30.33,30.44,30.24,30.25,254863,-0.002308707124010545
2016-06-23,30.5,30.66,30.45,30.66,170167,0.013553719008264409
2016-06-24,29.7,30.1,29.53,29.58,615975,-0.03522504892367917
2016-06-27,29.18,29.18,28.73,28.85,483668,-0.024678837052062086
2016-06-28,29.13,29.33,29.06,29.32,315051,0.016291161178509483
2016-06-29,29.54,29.91,29.54,29.86,743794,0.018417462482946734
2016-06-30,29.92,30.31,29.84,30.31,196092,0.015070328198258487
2016-07-01,30.29,30.44,30.29,30.39,202808,0.002639392939624008
2016-07-05,30.2,30.2,29.97,30.07,145627,-0.010529779532741035
2016-07-06,29.98,30.26,29.86,30.26,157352,0.006318589956767484
2016-07-07,30.27,30.42,30.06,30.17,191384,-0.002974223397224085
2016-07-08,30.38,30.69,30.38,30.66,128915,0.016241299303944245
2016-07-11,30.75,30.85,30.71,30.76,213240,0.003261578604044413
2016-07-12,30.92,31.12,30.89,31.06,219421,0.00975292587776333
2016-07-13,31.09,31.13,30.97,31.06,130841,0.0
2016-07-14,31.23,31.3,31.16,31.21,245523,0.004829362524146896
2016-07-15,31.3,31.36,31.11,31.19,146047,-0.000640820249919849
2016-07-18,31.18,31.26,31.12,31.24,201473,0.001603077909586359
2016-07-19,31.14,31.18,31.08,31.15,196661,-0.0028809218950064386
2016-07-20,31.19,31.3,31.11,31.25,266329,0.0032102728731941976
2016-07-21,31.21,31.31,31.08,31.15,555630,-0.0032000000000000917
2016-07-22,31.15,31.3,31.14,31.3,118636,0.0048154093097914075
2016-07-25,31.24,31.24,31.06,31.14,138144,-0.005111821086261958
2016-07-26,31.11,31.24,31.07,31.21,152973,0.0022479126525369875
2016-07-27,31.27,31.27,31.0,31.1,190758,-0.003524511374559447
2016-07-28,31.04,31.14,30.96,31.11,185670,0.0003215434083601032
2016-07-29,30.98,31.19,30.93,31.16,376724,0.0016072002571521082
2016-08-01,31.1,31.1,30.92,30.96,368815,-0.006418485237483895
2016-08-02,30.93,30.99,30.64,30.8,262905,-0.0051679586563307955
2016-08-03,30.76,30.97,30.76,30.97,156200,0.00551948051948048
2016-08-04,30.95,31.04,30.9,30.95,174371,-0.0006457862447529772
2016-08-05,31.05,31.22,31.05,31.2,233818,0.008077544426494443
2016-08-08,31.24,31.29,31.22,31.24,181132,0.0012820512820512775
2016-08-09,31.27,31.31,31.17,31.21,214859,-0.0009603072983354055
2016-08-10,31.23,31.25,31.08,31.13,211179,-0.002563280999679618
2016-08-11,31.24,31.35,31.23,31.33,173751,0.0064246707356248045
2016-08-12,31.27,31.35,31.26,31.29,167215,-0.0012767315671879942
2016-08-15,31.35,31.49,31.35,31.44,140605,0.004793863854266611
2016-08-16,31.36,31.38,31.28,31.28,238474,-0.0050890585241730735
2016-08-17,31.24,31.35,31.13,31.33,225700,0.0015984654731457937
2016-08-18,31.33,31.46,31.33,31.46,243774,0.004149377593360981
2016-08-19,31.35,31.41,31.29,31.39,214112,-0.002225047679593195
2016-08-22,31.3,31.35,31.23,31.33,212861,-0.0019114367633005225
2016-08-23,31.4,31.5,31.4,31.42,242905,0.002872646026173209
2016-08-24,31.37,31.4,31.21,31.26,185632,-0.005092297899427112
2016-08-25,31.18,31.3,31.16,31.22,390070,-0.001279590531030106
2016-08-26,31.23,31.4,31.0,31.12,213901,-0.0032030749519538215
2016-08-29,31.12,31.33,31.12,31.29,221767,0.005462724935732632
2016-08-30,31.29,31.33,31.15,31.22,188199,-0.0022371364653244186
2016-08-31,31.18,31.2,30.98,31.14,182664,-0.002562459961563013
2016-09-01,31.1,31.12,30.92,31.09,165198,-0.0016056518946692133
2016-09-02,31.23,31.3,31.2,31.27,171297,0.005789642972016784
2016-09-06,31.31,31.35,31.19,31.35,183250,0.002558362647905321
2016-09-07,31.34,31.38,31.28,31.37,375102,0.0006379585326954373
2016-09-08,31.34,31.41,31.3,31.38,157264,0.00031877590054185667
2016-09-09,31.15,31.15,30.59,30.59,174737,-0.02517527087316762
2016-09-12,30.48,31.07,30.43,31.03,183191,0.01438378555083375
2016-09-13,30.77,30.79,30.41,30.5,253369,-0.017080244924266852
2016-09-14,30.48,30.66,30.34,30.42,288865,-0.0026229508196721207
2016-09-15,30.37,30.77,30.36,30.72,260741,0.009861932938855844
2016-09-16,30.61,30.62,30.46,30.57,237294,-0.0048828125
2016-09-19,30.7,30.79,30.56,30.59,162736,0.0006542361792607476
2016-09-20,30.71,30.71,30.55,30.56,173521,-0.0009807126511932607
2016-09-21,30.65,30.95,30.6,30.94,150809,0.012434554973822065
2016-09-22,31.08,31.18,31.06,31.12,112473,0.005817711700064621
2016-09-23,31.04,31.1,30.92,30.95,231678,-0.005462724935732743
2016-09-26,30.83,30.85,30.67,30.69,388356,-0.008400646203554074
2016-09-27,30.66,30.85,30.66,30.84,171250,0.004887585532746819
2016-09-28,30.88,31.16,30.73,31.14,143126,0.009727626459143934
2016-09-29,31.11,31.18,30.78,30.89,286690,-0.008028259473346178
2016-09-30,31.01,31.24,31.01,31.11,243243,0.007122045969569335
2016-10-03,30.96,30.96,30.79,30.87,204343,-0.0077145612343297865
2016-10-04,30.89,30.92,30.61,30.69,249453,-0.005830903790087438
2016-10-05,30.78,30.94,30.78,30.87,186837,0.0058651026392961825
2016-10-06,30.84,30.93,30.74,30.89,286966,0.0006478781988985549
2016-10-07,30.91,30.93,30.66,30.78,245660,-0.0035610229847846675
2016-10-10,30.93,31.06,30.92,30.94,237840,0.005198180636777128
2016-10-11,30.88,30.88,30.47,30.58,334003,-0.011635423400129352
2016-10-12,30.57,30.67,30.48,30.59,197534,0.0003270111183781843
2016-10-13,30.4,30.56,30.21,30.48,307359,-0.0035959463877084374
2016-10-14,30.62,30.71,30.47,30.47,162039,-0.00032808398950134876
2016-10-17,30.45,30.49,30.33,30.37,184769,-0.003281916639317317
2016-10-18,30.59,30.59,30.47,30.53,194347,0.0052683569311819944
2016-10-19,30.57,30.7,30.51,30.62,171672,0.0029479200786111104
2016-10-20,30.57,30.65,30.43,30.56,198931,-0.0019595035924233617
2016-10-21,30.42,30.56,30.38,30.54,140211,-0.0006544502617801262
2016-10-24,30.7,30.7,30.54,30.62,196182,0.0026195153896528822
2016-10-25,30.6,30.67,30.52,30.54,200889,-0.0026126714565644082
2016-10-26,30.4,30.63,30.4,30.56,172781,0.0006548788474132206
2016-10-27,30.66,30.66,30.44,30.47,183351,-0.0029450261780105125
2016-10-28,30.4,30.57,30.26,30.37,202118,-0.003281916639317317
2016-10-31,30.39,30.44,30.34,30.37,171264,0.0
2016-11-01,30.41,30.46,29.98,30.18,209174,-0.006256173855778813
2016-11-02,30.08,30.17,29.95,30.03,281775,-0.00497017892644136
2016-11-03,30.05,30.11,29.9,29.95,282565,-0.002664002664002685
2016-11-04,29.91,30.08,29.87,29.88,396284,-0.002337228714524242
2016-11-07,30.27,30.52,30.27,30.52,279824,0.021419009370816644
2016-11-08,30.4,30.72,30.36,30.6,646803,0.002621231979030192
2016-11-09,30.28,31.19,30.28,31.06,324902,0.015032679738562038
2016-11-10,31.23,31.41,31.1,31.29,348863,0.007405022537025019
2016-11-11,31.15,31.28,31.05,31.25,188446,-0.0012783636944710963
2016-11-14,31.31,31.44,31.27,31.39,279662,0.0044800000000000395
2016-11-15,31.44,31.66,31.41,31.64,324231,0.007964319847085122
2016-11-16,31.56,31.62,31.51,31.58,242749,-0.0018963337547408532
2016-11-17,31.59,31.7,31.58,31.68,214699,0.0031665611146296513
2016-11-18,31.69,31.7,31.61,31.64,291910,-0.0012626262626261875
2016-11-21,31.79,31.91,31.78,31.9,273284,0.00821744627054355
2016-11-22,31.96,32.06,31.9,32.05,279131,0.004702194357366629
2016-11-23,31.93,32.11,31.93,32.11,229969,0.0018720748829954559
2016-11-25,32.12,32.22,32.12,32.22,238274,0.0034257240734973937
2016-11-28,32.15,32.2,32.03,32.05,165435,-0.00527622594661703
2016-11-29,31.99,32.11,31.94,32.03,209852,-0.0006240249609983373
2016-11-30,32.23,32.29,32.17,32.17,296973,0.004370902279113409
2016-12-01,32.25,32.32,32.12,32.16,349043,-0.00031084861672381336
2016-12-02,32.15,32.27,32.11,32.17,229439,0.00031094527363206836
2016-12-05,32.31,32.42,32.29,32.36,212728,0.005906123717749345
2016-12-06,32.38,32.51,32.28,32.49,360036,0.004017305315203945
2016-12-07,32.46,32.92,32.46,32.92,199865,0.01323484148968923
2016-12-08,32.96,33.14,32.88,33.01,215423,0.0027339003645199256
2016-12-09,33.06,33.2,33.05,33.2,263807,0.005755831566192304
2016-12-12,33.22,33.32,33.12,33.18,429184,-0.000602409638554291
2016-12-13,33.26,33.45,33.21,33.38,282808,0.006027727546714878
2016-12-14,33.33,33.34,32.95,33.03,225278,-0.010485320551228305
2016-12-15,33.0,33.29,33.0,33.16,254641,0.003935815924916541
2016-12-16,33.25,33.26,33.06,33.07,289432,-0.002714113389625905
2016-12-19,32.94,33.02,32.92,32.98,389207,-0.002721499848805653
2016-12-20,33.05,33.16,33.05,33.12,340196,0.004244996967859294
2016-12-21,33.11,33.13,33.03,33.04,241941,-0.0024154589371979673
2016-12-22,33.02,33.02,32.89,32.96,274341,-0.002421307506053183
2016-12-23,32.92,32.98,32.91,32.98,240260,0.0006067961165048263
2016-12-27,33.05,33.11,32.99,33.05,425619,0.002122498483929647
2016-12-28,33.13,33.13,32.76,32.77,260726,-0.008472012102874293
2016-12-29,32.76,32.84,32.69,32.76,303140,-0.0003051571559354871
2016-12-30,32.79,32.79,32.55,32.63,303420,-0.003968253968253843
2017-01-03,32.89,32.98,32.69,32.88,224155,0.007661661048115276
2017-01-04,32.95,33.12,32.95,33.09,296826,0.006386861313868675
2017-01-05,33.05,33.08,32.86,33.0,370233,-0.0027198549410699657
2017-01-06,32.99,33.1,32.92,33.03,256058,0.0009090909090909705
2017-01-09,32.93,32.95,32.82,32.82,358414,-0.006357856494096259
2017-01-10,32.83,33.0,32.8,32.82,312946,0.0
2017-01-11,32.81,32.98,32.8,32.97,250474,0.004570383912248621
2017-01-12,32.91,32.91,32.65,32.88,269365,-0.0027297543221108667
2017-01-13,32.9,32.97,32.86,32.91,239876,0.0009124087591239061
2017-01-17,32.81,32.92,32.77,32.85,290278,-0.001823154056517673
2017-01-18,32.87,32.89,32.79,32.85,315041,0.0
2017-01-19,32.91,32.91,32.68,32.74,305134,-0.0033485540334855513
2017-01-20,32.82,32.94,32.77,32.88,265333,0.004276114844227186
2017-01-23,32.78,32.85,32.62,32.74,231131,-0.0042579075425790425
2017-01-24,32.8,33.08,32.79,33.03,322890,0.008857666463042202
2017-01-25,33.13,33.26,33.13,33.26,259711,0.006963366636391077
2017-01-26,33.25,33.28,33.15,33.18,278756,-0.0024052916416115178
2017-01-27,33.21,33.21,33.06,33.11,318778,-0.002109704641350185
2017-01-30,32.99,32.99,32.72,32.89,396018,-0.006644518272425182
2017-01-31,32.83,32.89,32.68,32.89,472049,0.0
2017-02-01,32.97,33.03,32.74,32.84,292737,-0.0015202189115232079
2017-02-02,32.77,32.89,32.75,32.87,295192,0.0009135200974419444
2017-02-03,33.01,33.16,32.99,33.15,313810,0.008518405841192678
2017-02-06,33.08,33.14,32.99,33.01,324437,-0.004223227752639502
2017-02-07,33.05,33.1,32.94,32.97,352396,-0.0012117540139351402
2017-02-08,32.95,33.03,32.86,33.02,236992,0.0015165301789505925
2017-02-09,33.06,33.27,33.06,33.25,216189,0.006965475469412397
2017-02-10,33.31,33.41,33.31,33.37,245228,0.0036090225563909506
2017-02-13,33.43,33.59,33.43,33.52,300811,0.0044950554390172925
2017-02-14,33.5,33.69,33.47,33.68,342586,0.004773269689737347
2017-02-15,33.66,33.85,33.63,33.82,284219,0.004156769596199483
2017-02-16,33.84,33.84,33.68,33.75,387292,-0.0020697811945594724
2017-02-17,33.67,33.75,33.61,33.75,378673,0.0
2017-02-21,33.87,34.02,33.87,33.97,301244,0.00651851851851859
2017-02-22,33.95,33.96,33.88,33.93,292139,-0.0011775095672652558
2017-02-23,34.01,34.02,33.85,33.92,335984,-0.00029472443265543546
2017-02-24,33.78,33.96,33.78,33.96,309386,0.001179245283018826
2017-02-27,33.99,34.07,33.94,34.04,281896,0.002355712603062443
2017-02-28,33.93,33.98,33.86,33.9,364793,-0.004112808460634554
2017-03-01,34.15,34.45,34.15,34.38,608893,0.014159292035398341
2017-03-02,34.36,34.36,34.14,34.17,289616,-0.00610820244328103
2017-03-03,34.16,34.18,34.07,34.13,306350,-0.0011706175007316633
2017-03-06,34.03,34.08,33.94,34.04,377015,-0.0026369762672137087
2017-03-07,33.97,34.0,33.86,33.87,347375,-0.004994124559342006
2017-03-08,33.91,33.94,33.74,33.76,283622,-0.0032477118393858806
2017-03-09,33.75,33.81,33.6,33.78,289165,0.0005924170616113944
2017-03-10,33.91,34.0,33.74,33.87,280842,0.002664298401420906
2017-03-13,33.88,33.94,33.82,33.89,581918,0.000590493061706665
2017-03-14,33.8,33.8,33.63,33.77,953986,-0.0035408675125404576
2017-03-15,33.83,34.15,33.83,34.07,331701,0.008883624518803535
2017-03-16,34.14,34.14,33.98,34.04,285541,-0.0008805400645729433
2017-03-17,34.09,34.09,33.98,33.99,261388,-0.001468860164512309
2017-03-20,33.98,33.98,33.82,33.88,323037,-0.003236245954692518
2017-03-21,34.0,34.0,33.44,33.44,794078,-0.012987012987013102
2017-03-22,33.45,33.57,33.37,33.54,465024,0.0029904306220096544
2017-03-23,33.5,33.68,33.43,33.49,331142,-0.0014907573047107103
2017-03-24,33.55,33.6,33.31,33.43,387462,-0.0017915795759928521
2017-03-27,33.13,33.41,33.11,33.35,371662,-0.00239306012563556
2017-03-28,33.33,33.72,33.32,33.66,305980,0.009295352323837935
2017-03-29,33.6,33.75,33.58,33.7,220314,0.0011883541295307776
2017-03-30,33.76,33.91,33.73,33.88,249082,0.005341246290801127
2017-03-31,33.84,33.9,33.79,33.79,265416,-0.002656434474616387
2017-04-03,33.69,33.69,33.35,33.56,301035,-0.006806747558449122
2017-04-04,33.51,33.59,33.44,33.59,482538,0.0008939213349226094
2017-04-05,33.71,33.87,33.42,33.46,440459,-0.003870199464126256
2017-04-06,33.49,33.66,33.43,33.59,355215,0.0038852361028094418
2017-04-07,33.53,33.65,33.49,33.52,256805,-0.0020839535576064883
2017-04-10,33.57,33.71,33.51,33.6,318444,0.0023866348448686736
2017-04-11,33.55,33.57,33.32,33.57,352948,-0.0008928571428571397
2017-04-12,33.53,33.55,33.37,33.41,279108,-0.004766160262138941
2017-04-13,33.37,33.43,33.13,33.13,317052,-0.008380724334031586
2017-04-17,33.2,33.37,33.16,33.37,481954,0.007244189556293135
2017-04-18,33.26,33.35,33.15,33.27,546470,-0.0029967036260112323
2017-04-19,33.33,33.38,33.11,33.15,492514,-0.0036068530207394867
2017-04-20,33.21,33.49,33.21,33.42,317445,0.00814479638009069
2017-04-21,33.36,33.4,33.26,33.3,315255,-0.0035906642728906757
2017-04-24,33.64,33.69,33.58,33.64,326064,0.010210210210210402
2017-04-25,33.75,33.9,33.75,33.85,281777,0.006242568370987023
2017-04-26,33.85,34.03,33.83,33.86,245909,0.00029542097488910457
2017-04-27,33.88,33.88,33.72,33.83,249491,-0.0008860011813349722
2017-04-28,33.86,33.86,33.68,33.69,235249,-0.004138338752586512
2017-05-01,33.77,33.78,33.64,33.71,262293,0.0005936479667558725
2017-05-02,33.71,33.71,33.6,33.65,319828,-0.001779887273806069
2017-05-03,33.62,33.66,33.54,33.64,302478,-0.0002971768202079117
2017-05-04,33.65,33.65,33.44,33.58,241048,-0.001783590963139181
2017-05-05,33.59,33.77,33.59,33.76,211357,0.005360333531864159
2017-05-08,33.78,33.8,33.69,33.79,279834,0.0008886255924172026
2017-05-09,33.82,33.82,33.66,33.71,276913,-0.0023675643681562164
2017-05-10,33.69,33.81,33.69,33.78,270733,0.0020765351527736176
2017-05-11,33.74,33.78,33.58,33.72,251856,-0.001776198934280715
2017-05-12,33.66,33.66,33.56,33.59,297562,-0.0038552787663106436
2017-05-15,33.7,33.83,33.7,33.79,307045,0.005954153021732633
2017-05-16,33.86,33.86,33.66,33.72,418854,-0.0020716188221366894
2017-05-17,33.44,33.51,33.14,33.14,470416,-0.01720047449584816
2017-05-18,33.09,33.36,33.05,33.2,325727,0.0018105009052504784
2017-05-19,33.33,33.59,33.3,33.5,317614,0.009036144578313143
2017-05-22,33.57,33.65,33.54,33.64,212058,0.00417910447761205
2017-05-23,33.68,33.73,33.62,33.68,278499,0.0011890606420927874
2017-05-24,33.73,33.75,33.66,33.73,225456,0.0014845605700710696
2017-05-25,33.84,33.9,33.76,33.81,355706,0.0023717758671806255
2017-05-26,33.76,33.81,33.75,33.78,296199,-0.0008873114463177068
2017-05-30,33.72,33.8,33.72,33.74,249584,-0.001184132622853773
2017-05-31,33.78,33.78,33.6,33.71,418143,-0.000889152341434496
2017-06-01,33.79,34.05,33.76,34.05,254459,0.010086027884900428
2017-06-02,34.01,34.08,33.96,34.03,299370,-0.0005873715124815604
2017-06-05,34.02,34.06,33.97,33.99,208342,-0.0011754334410813971
2017-06-06,33.93,34.01,33.86,33.92,291247,-0.002059429243895239
2017-06-07,33.95,33.99,33.81,33.89,215984,-0.0008844339622642305
2017-06-08,33.93,34.02,33.88,33.94,236354,0.0014753614635585333
2017-06-09,33.96,34.16,33.96,34.13,313415,0.005598114319387282
2017-06-12,34.1,34.23,34.06,34.17,327816,0.001171989452094957
2017-06-13,34.22,34.32,34.2,34.3,284115,0.003804506877377767
2017-06-14,34.37,34.37,34.11,34.23,279793,-0.0020408163265306367
2017-06-15,34.0,34.14,34.0,34.11,211451,-0.0035056967572304476
2017-06-16,34.14,34.15,33.97,34.11,242702,0.0
2017-06-19,34.23,34.36,34.21,34.36,206997,0.007329228965112788
2017-06-20,34.26,34.26,34.07,34.09,303590,-0.007857974388824074
2017-06-21,34.08,34.11,33.9,33.92,289812,-0.004986799647990647
2017-06-22,33.96,34.03,33.91,33.91,201209,-0.00029481132075481753
2017-06-23,33.96,34.03,33.91,33.95,236094,0.0011795930404012722
2017-06-26,33.9,33.99,33.87,33.91,221079,-0.001178203240059128
2017-06-27,33.86,33.96,33.69,33.69,240077,-0.006487761722205776
2017-06-28,33.86,34.03,33.86,33.96,406840,0.00801424755120217
2017-06-29,34.0,34.05,33.6,33.74,239910,-0.0064782096584216076
2017-06-30,33.88,33.95,33.78,33.82,245520,0.002371072910491989
2017-07-03,33.95,34.15,33.95,34.05,241103,0.0068007096392666
2017-07-05,34.08,34.11,33.87,33.95,312325,-0.002936857562408024
2017-07-06,33.87,33.87,33.6,33.64,221649,-0.009131075110456632
2017-07-07,33.7,33.81,33.64,33.8,227981,0.0047562425683709275
2017-07-10,33.74,33.83,33.73,33.76,195883,-0.0011834319526626835
2017-07-11,33.75,33.79,33.62,33.73,207623,-0.0008886255924170916
2017-07-12,33.92,34.0,33.9,33.96,272932,0.006818855618144104
2017-07-13,33.97,34.06,33.94,34.02,245290,0.0017667844522968323
2017-07-14,34.04,34.24,34.04,34.18,286364,0.004703115814226777
2017-07-17,34.17,34.26,34.17,34.2,312413,0.0005851375073142595
2017-07-18,34.16,34.16,34.05,34.14,395197,-0.0017543859649123972
2017-07-19,34.17,34.34,34.17,34.32,347878,0.005272407732864748
2017-07-20,34.38,34.38,34.27,34.33,227128,0.00029137529137512885
2017-07-21,34.28,34.29,34.17,34.27,229101,-0.0017477424992716761
2017-07-24,34.25,34.25,34.18,34.2,198126,-0.0020426028596439716
2017-07-25,34.38,34.51,34.36,34.44,219701,0.007017543859648923
2017-07-26,34.48,34.48,34.35,34.37,254995,-0.002032520325203291
2017-07-27,34.42,34.45,34.26,34.42,239613,0.0014547570555718536
2017-07-28,34.34,34.41,34.3,34.37,209366,-0.0014526438117374862
2017-07-31,,34.48,,34.4,246083,0.0008728542333431566
2017-08-01,34.5,34.5,34.42,34.46,313012,0.0017441860465117198
2017-08-02,34.5,34.51,34.39,34.48,285587,0.0005803830528148257
2017-08-03,34.49,34.5,34.42,34.45,215896,-0.0008700696055682355
2017-08-04,34.48,34.54,34.43,34.47,290507,0.0005805515239476478
2017-08-07,34.47,34.52,34.45,34.5,273383,0.0008703220191470518
2017-08-08,34.47,34.67,34.4,34.46,272637,-0.001159420289855051
2017-08-09,34.37,34.43,34.31,34.43,332695,-0.0008705745792223496
2017-08-10,34.31,34.31,33.97,33.99,278426,-0.012779552715654896
2017-08-11,34.0,34.09,33.97,34.0,265877,0.0002942041776992088
2017-08-14,34.19,34.32,34.16,34.24,257617,0.007058823529411784
2017-08-15,34.28,34.28,34.17,34.2,279853,-0.001168224299065379
2017-08-16,34.26,34.34,34.2,34.23,313282,0.0008771929824560321
2017-08-17,34.12,34.19,33.73,33.75,274748,-0.014022787028921901
2017-08-18,33.65,33.85,33.6,33.64,257974,-0.003259259259259295
2017-08-21,33.64,33.72,33.58,33.66,232288,0.0005945303210461717
2017-08-22,33.75,34.02,33.75,33.97,490695,0.009209744503862138
2017-08-23,33.9,33.99,33.9,33.91,216392,-0.0017662643508978837
2017-08-24,33.99,34.0,33.85,33.87,255198,-0.0011795930404010502
2017-08-25,33.98,34.07,33.96,33.98,240998,0.0032477118393858806
2017-08-28,34.06,34.07,33.9,33.99,281013,0.0002942907592702326
2017-08-29,33.82,34.01,33.75,33.99,276562,0.0
2017-08-30,33.99,34.12,33.94,34.09,247784,0.0029420417769931984
2017-08-31,34.19,34.28,34.17,34.24,212999,0.004400117336462284
2017-09-01,34.29,34.42,34.29,34.35,233584,0.0032126168224297924
2017-09-05,34.31,34.31,34.0,34.15,227439,-0.005822416302765698
2017-09-06,34.24,34.33,34.23,34.26,342315,0.0032210834553441092
2017-09-07,34.32,34.32,34.16,34.22,243456,-0.0011675423234092097
2017-09-08,34.15,34.24,34.14,34.18,244639,-0.0011689070718877703
2017-09-11,34.38,34.57,34.38,34.54,216450,0.010532475131656005
2017-09-12,34.64,34.74,34.63,34.74,246179,0.0057903879559930704
2017-09-13,34.68,34.8,34.68,34.8,297156,0.0017271157167528806
2017-09-14,34.73,34.8,34.69,34.77,260112,-0.0008620689655171043
2017-09-15,34.76,34.87,34.76,34.85,263472,0.0023008340523438253
2017-09-18,34.73,34.8,34.7,34.77,267508,-0.0022955523672882894
2017-09-19,34.78,34.83,34.77,34.8,239566,0.0008628127696288512
2017-09-20,34.84,34.89,34.74,34.84,232390,0.0011494252873565092
2017-09-21,34.83,34.84,34.77,34.8,308564,-0.0011481056257177658
2017-09-22,34.76,34.87,34.75,34.84,225720,0.0011494252873565092
2017-09-25,34.84,34.96,34.79,34.94,325340,0.0028702640642936927
2017-09-26,34.97,34.99,34.92,34.93,314406,-0.00028620492272457554
2017-09-27,35.02,35.1,34.88,35.03,207478,0.0028628685943314913
2017-09-28,35.01,35.1,35.0,35.08,214910,0.0014273479874391537
2017-09-29,35.07,35.16,35.05,35.15,333724,0.0019954389965792796
2017-10-02,35.16,35.33,35.14,35.33,254975,0.005120910384068367
2017-10-03,35.37,35.41,35.32,35.41,418178,0.002264364562694521
2017-10-04,35.39,35.47,35.36,35.41,316825,0.0
2017-10-05,35.44,35.58,35.44,35.58,189271,0.0048009036995200205
2017-10-06,35.47,35.49,35.4,35.44,247600,-0.00393479482855541
2017-10-09,35.51,35.51,35.33,35.36,239877,-0.0022573363431150906
2017-10-10,35.49,35.55,35.44,35.49,213947,0.003676470588235281
2017-10-11,35.47,35.48,35.47,35.47,6982,-0.0005635390250775529
2017-10-12,35.41,35.48,35.39,35.43,227184,-0.0011277135607555833
2017-10-13,35.49,35.54,35.45,35.45,275652,0.0005644933672031005
2017-10-16,35.52,35.57,35.45,35.5,226324,0.0014104372355430161
2017-10-17,35.52,35.55,35.46,35.54,296362,0.0011267605633802358
2017-10-18,35.62,35.64,35.56,35.6,256705,0.0016882386043894915
2017-10-19,35.48,35.63,35.43,35.63,229938,0.0008426966292134352
2017-10-20,35.74,35.84,35.7,35.82,296166,0.005332584900364701
2017-10-23,35.88,35.9,35.72,35.76,299750,-0.0016750418760469454
2017-10-24,35.8,35.84,35.77,35.79,316599,0.000838926174496768
2017-10-25,35.76,35.76,35.45,35.62,247980,-0.004749930148086112
2017-10-26,35.72,35.77,35.68,35.68,242159,0.0016844469399215356
2017-10-27,35.66,35.76,35.56,35.74,288072,0.0016816143497757619
2017-10-30,35.66,35.71,35.57,35.61,539287,-0.0036373810856183963
2017-10-31,35.64,35.68,35.57,35.63,510897,0.0005616399887673484
2017-11-01,35.79,35.88,35.68,35.74,261148,0.003087285994948008
2017-11-02,35.72,35.77,35.59,35.74,264026,0.0
2017-11-03,35.77,35.83,35.72,35.78,226621,0.0011191941801902416
2017-11-06,35.79,35.9,35.78,35.86,269622,0.0022358859698154987
2017-11-07,35.9,35.94,35.77,35.84,236415,-0.000557724484104738
2017-11-08,35.81,35.88,35.75,35.88,248500,0.0011160714285713969
2017-11-09,35.68,35.81,35.57,35.79,248153,-0.0025083612040134318
2017-11-10,35.74,35.81,35.72,35.79,246623,0.0
2017-11-13,35.71,35.82,35.69,35.77,258407,-0.0005588153115394512
2017-11-14,35.64,35.68,35.53,35.66,373409,-0.0030752026838134494
2017-11-15,35.47,35.55,35.39,35.45,263373,-0.00588895120583266
2017-11-16,35.59,35.82,35.59,35.75,239824,0.008462623413258097
2017-11-17,35.71,35.79,35.71,35.75,224318,0.0
2017-11-20,35.78,35.84,35.73,35.81,221334,0.0016783216783218258
2017-11-21,35.93,36.01,35.93,35.98,269412,0.00474727729684421
2017-11-22,35.99,36.03,35.97,35.98,260589,0.0
2017-11-24,36.08,36.08,36.0,36.0,227177,0.0005558643690939391
2017-11-27,36.02,36.03,35.95,35.97,218766,-0.0008333333333333526
2017-11-28,36.01,36.41,36.01,36.39,293479,0.011676396997498006
2017-11-29,36.42,36.65,36.42,36.59,256101,0.005496015388843256
2017-11-30,36.72,37.06,36.72,36.91,297336,0.008745558895872918
2017-12-01,36.89,36.98,36.43,36.9,280670,-0.00027092928745586775
